sample_id,dataset,tactile,vision,caption,class
hct/0-1702594535.4257169/1576-0.022750139236450195.jpg,hct,images/hct/data2/0-1702594535.4257169/tactile/1576-0.022750139236450195.jpg,images/hct/data2/0-1702594535.4257169/vision/1576-0.022750139236450195.jpg,"smooth, glossy, slippery, hard, sleek",wire
hct/0-1702594535.4257169/1577-0.021313905715942383.jpg,hct,images/hct/data2/0-1702594535.4257169/tactile/1577-0.021313905715942383.jpg,images/hct/data2/0-1702594535.4257169/vision/1577-0.021313905715942383.jpg,"smooth, glossy, slippery, hard, cool",wire
hct/0-1702594535.4257169/1578-0.021048784255981445.jpg,hct,images/hct/data2/0-1702594535.4257169/tactile/1578-0.021048784255981445.jpg,images/hct/data2/0-1702594535.4257169/vision/1578-0.021048784255981445.jpg,"smooth, glossy, hard, slick, polished",wire
hct/0-1702594535.4257169/1579-0.02129364013671875.jpg,hct,images/hct/data2/0-1702594535.4257169/tactile/1579-0.02129364013671875.jpg,images/hct/data2/0-1702594535.4257169/vision/1579-0.02129364013671875.jpg,"smooth, polished, rigid, flat, sleek",wire
hct/0-1702594535.4257169/1580-0.020261764526367188.jpg,hct,images/hct/data2/0-1702594535.4257169/tactile/1580-0.020261764526367188.jpg,images/hct/data2/0-1702594535.4257169/vision/1580-0.020261764526367188.jpg,"smooth, polished, rigid, flat, sleek",wire
hct/0-1702594535.4257169/1581-0.022181987762451172.jpg,hct,images/hct/data2/0-1702594535.4257169/tactile/1581-0.022181987762451172.jpg,images/hct/data2/0-1702594535.4257169/vision/1581-0.022181987762451172.jpg,"smooth, polished, hard, cool, sleek",wire
hct/0-1702594535.4257169/1582-0.02237701416015625.jpg,hct,images/hct/data2/0-1702594535.4257169/tactile/1582-0.02237701416015625.jpg,images/hct/data2/0-1702594535.4257169/vision/1582-0.02237701416015625.jpg,"smooth, glossy, rigid, flat, sleek",wire
hct/0-1702594535.4257169/1583-0.021895885467529297.jpg,hct,images/hct/data2/0-1702594535.4257169/tactile/1583-0.021895885467529297.jpg,images/hct/data2/0-1702594535.4257169/vision/1583-0.021895885467529297.jpg,"smooth, polished, flat, solid, sleek",wire
hct/0-1702594535.4257169/1584-0.022217988967895508.jpg,hct,images/hct/data2/0-1702594535.4257169/tactile/1584-0.022217988967895508.jpg,images/hct/data2/0-1702594535.4257169/vision/1584-0.022217988967895508.jpg,"smooth, polished, rigid, flat, grainy",wire
hct/0-1702594535.4257169/1585-0.021236896514892578.jpg,hct,images/hct/data2/0-1702594535.4257169/tactile/1585-0.021236896514892578.jpg,images/hct/data2/0-1702594535.4257169/vision/1585-0.021236896514892578.jpg,"smooth, glossy, rigid, flat, polished",wire
hct/0-1702594535.4257169/1586-0.021301984786987305.jpg,hct,images/hct/data2/0-1702594535.4257169/tactile/1586-0.021301984786987305.jpg,images/hct/data2/0-1702594535.4257169/vision/1586-0.021301984786987305.jpg,"smooth, polished, rigid, flat, grainy",wire
hct/0-1702594535.4257169/1587-0.021142959594726562.jpg,hct,images/hct/data2/0-1702594535.4257169/tactile/1587-0.021142959594726562.jpg,images/hct/data2/0-1702594535.4257169/vision/1587-0.021142959594726562.jpg,"smooth, polished, hard, flat, grainy",wire
hct/0-1702594535.4257169/1588-0.020968914031982422.jpg,hct,images/hct/data2/0-1702594535.4257169/tactile/1588-0.020968914031982422.jpg,images/hct/data2/0-1702594535.4257169/vision/1588-0.020968914031982422.jpg,"smooth, polished, firm, flat, rigid",wire
hct/0-1702594535.4257169/1589-0.020416975021362305.jpg,hct,images/hct/data2/0-1702594535.4257169/tactile/1589-0.020416975021362305.jpg,images/hct/data2/0-1702594535.4257169/vision/1589-0.020416975021362305.jpg,"smooth, polished, firm, flat, rigid",wire
hct/0-1702594535.4257169/1590-0.021645069122314453.jpg,hct,images/hct/data2/0-1702594535.4257169/tactile/1590-0.021645069122314453.jpg,images/hct/data2/0-1702594535.4257169/vision/1590-0.021645069122314453.jpg,"smooth, polished, firm, flat, rigid",wire
hct/0-1702594535.4257169/1591-0.021445274353027344.jpg,hct,images/hct/data2/0-1702594535.4257169/tactile/1591-0.021445274353027344.jpg,images/hct/data2/0-1702594535.4257169/vision/1591-0.021445274353027344.jpg,"smooth, polished, flat, rigid, glossy",wire
hct/0-1702594535.4257169/1592-0.021051883697509766.jpg,hct,images/hct/data2/0-1702594535.4257169/tactile/1592-0.021051883697509766.jpg,images/hct/data2/0-1702594535.4257169/vision/1592-0.021051883697509766.jpg,"smooth, polished, firm, flat, rigid",wire
hct/0-1702594535.4257169/1593-0.0202639102935791.jpg,hct,images/hct/data2/0-1702594535.4257169/tactile/1593-0.0202639102935791.jpg,images/hct/data2/0-1702594535.4257169/vision/1593-0.0202639102935791.jpg,"smooth, polished, flat, rigid, glossy",wire
hct/0-1702594535.4257169/1594-0.022398948669433594.jpg,hct,images/hct/data2/0-1702594535.4257169/tactile/1594-0.022398948669433594.jpg,images/hct/data2/0-1702594535.4257169/vision/1594-0.022398948669433594.jpg,"smooth, polished, firm, level, sleek",wire
hct/0-1702594535.4257169/1595-0.02094411849975586.jpg,hct,images/hct/data2/0-1702594535.4257169/tactile/1595-0.02094411849975586.jpg,images/hct/data2/0-1702594535.4257169/vision/1595-0.02094411849975586.jpg,"smooth, polished, hard, flat, glossy",wire
hct/0-1702594535.4257169/1596-0.02169966697692871.jpg,hct,images/hct/data2/0-1702594535.4257169/tactile/1596-0.02169966697692871.jpg,images/hct/data2/0-1702594535.4257169/vision/1596-0.02169966697692871.jpg,"smooth, polished, hard, flat, glossy",wire
hct/0-1702594535.4257169/1597-0.021986961364746094.jpg,hct,images/hct/data2/0-1702594535.4257169/tactile/1597-0.021986961364746094.jpg,images/hct/data2/0-1702594535.4257169/vision/1597-0.021986961364746094.jpg,"smooth, polished, hard, slick, reflective",wire
hct/0-1702594535.4257169/1598-0.02225208282470703.jpg,hct,images/hct/data2/0-1702594535.4257169/tactile/1598-0.02225208282470703.jpg,images/hct/data2/0-1702594535.4257169/vision/1598-0.02225208282470703.jpg,"smooth, polished, firm, flat, rigid",wire
hct/0-1702594535.4257169/1599-0.0217130184173584.jpg,hct,images/hct/data2/0-1702594535.4257169/tactile/1599-0.0217130184173584.jpg,images/hct/data2/0-1702594535.4257169/vision/1599-0.0217130184173584.jpg,"smooth, polished, hard, flat, glossy",wire
hct/0-1702594535.4257169/1600-0.02126598358154297.jpg,hct,images/hct/data2/0-1702594535.4257169/tactile/1600-0.02126598358154297.jpg,images/hct/data2/0-1702594535.4257169/vision/1600-0.02126598358154297.jpg,"smooth, polished, flat, firm, sleek",wire
hct/0-1702594535.4257169/1601-0.021055936813354492.jpg,hct,images/hct/data2/0-1702594535.4257169/tactile/1601-0.021055936813354492.jpg,images/hct/data2/0-1702594535.4257169/vision/1601-0.021055936813354492.jpg,"smooth, polished, firm, level, sleek",wire
hct/0-1702594535.4257169/1602-0.020190954208374023.jpg,hct,images/hct/data2/0-1702594535.4257169/tactile/1602-0.020190954208374023.jpg,images/hct/data2/0-1702594535.4257169/vision/1602-0.020190954208374023.jpg,"smooth, polished, flat, solid, sleek",wire
hct/0-1702594535.4257169/1603-0.021140336990356445.jpg,hct,images/hct/data2/0-1702594535.4257169/tactile/1603-0.021140336990356445.jpg,images/hct/data2/0-1702594535.4257169/vision/1603-0.021140336990356445.jpg,"smooth, polished, hard, flat, sleek",wire
hct/0-1702594535.4257169/1604-0.02090597152709961.jpg,hct,images/hct/data2/0-1702594535.4257169/tactile/1604-0.02090597152709961.jpg,images/hct/data2/0-1702594535.4257169/vision/1604-0.02090597152709961.jpg,"smooth, polished, hard, flat, sleek",wire
hct/0-1702594535.4257169/1605-0.02002096176147461.jpg,hct,images/hct/data2/0-1702594535.4257169/tactile/1605-0.02002096176147461.jpg,images/hct/data2/0-1702594535.4257169/vision/1605-0.02002096176147461.jpg,"smooth, polished, firm, level, sleek",wire
hct/0-1702594535.4257169/1606-0.022153854370117188.jpg,hct,images/hct/data2/0-1702594535.4257169/tactile/1606-0.022153854370117188.jpg,images/hct/data2/0-1702594535.4257169/vision/1606-0.022153854370117188.jpg,"smooth, polished, firm, flat, sleek",wire
hct/0-1702594535.4257169/1607-0.021666765213012695.jpg,hct,images/hct/data2/0-1702594535.4257169/tactile/1607-0.021666765213012695.jpg,images/hct/data2/0-1702594535.4257169/vision/1607-0.021666765213012695.jpg,"smooth, polished, firm, flat, sleek",wire
hct/0-1702594535.4257169/1608-0.02162480354309082.jpg,hct,images/hct/data2/0-1702594535.4257169/tactile/1608-0.02162480354309082.jpg,images/hct/data2/0-1702594535.4257169/vision/1608-0.02162480354309082.jpg,"smooth, polished, firm, level, sleek",wire
hct/0-1702594535.4257169/1609-0.021117210388183594.jpg,hct,images/hct/data2/0-1702594535.4257169/tactile/1609-0.021117210388183594.jpg,images/hct/data2/0-1702594535.4257169/vision/1609-0.021117210388183594.jpg,"smooth, polished, hard, cool, sleek",wire
hct/0-1702594535.4257169/1610-0.020593881607055664.jpg,hct,images/hct/data2/0-1702594535.4257169/tactile/1610-0.020593881607055664.jpg,images/hct/data2/0-1702594535.4257169/vision/1610-0.020593881607055664.jpg,"smooth, polished, hard, flat, grainy",wire
hct/0-1702594535.4257169/1611-0.021442890167236328.jpg,hct,images/hct/data2/0-1702594535.4257169/tactile/1611-0.021442890167236328.jpg,images/hct/data2/0-1702594535.4257169/vision/1611-0.021442890167236328.jpg,"smooth, polished, firm, level, sleek",wire
hct/0-1702594535.4257169/1612-0.021564245223999023.jpg,hct,images/hct/data2/0-1702594535.4257169/tactile/1612-0.021564245223999023.jpg,images/hct/data2/0-1702594535.4257169/vision/1612-0.021564245223999023.jpg,"smooth, polished, hard, flat, sleek",wire
hct/0-1702594535.4257169/1613-0.021884918212890625.jpg,hct,images/hct/data2/0-1702594535.4257169/tactile/1613-0.021884918212890625.jpg,images/hct/data2/0-1702594535.4257169/vision/1613-0.021884918212890625.jpg,"smooth, polished, hard, cool, flat",wire
hct/0-1702598865.18698/211-0.018862009048461914.jpg,hct,images/hct/data2/0-1702598865.18698/tactile/211-0.018862009048461914.jpg,images/hct/data2/0-1702598865.18698/vision/211-0.018862009048461914.jpg,"cool, solid, hard, smooth, flat",cardboard
hct/0-1702598865.18698/212-0.021773099899291992.jpg,hct,images/hct/data2/0-1702598865.18698/tactile/212-0.021773099899291992.jpg,images/hct/data2/0-1702598865.18698/vision/212-0.021773099899291992.jpg,"smooth, hard, cool, sleek, matte",cardboard
hct/0-1702598865.18698/213-0.02144002914428711.jpg,hct,images/hct/data2/0-1702598865.18698/tactile/213-0.02144002914428711.jpg,images/hct/data2/0-1702598865.18698/vision/213-0.02144002914428711.jpg,"cool, hard, solid, smooth",cardboard
hct/0-1702598865.18698/214-0.021027088165283203.jpg,hct,images/hct/data2/0-1702598865.18698/tactile/214-0.021027088165283203.jpg,images/hct/data2/0-1702598865.18698/vision/214-0.021027088165283203.jpg,"smooth, flat, solid, matte, rigid",cardboard
hct/0-1702598865.18698/215-0.022074222564697266.jpg,hct,images/hct/data2/0-1702598865.18698/tactile/215-0.022074222564697266.jpg,images/hct/data2/0-1702598865.18698/vision/215-0.022074222564697266.jpg,"cool, solid, matte, rigid",cardboard
hct/0-1702598912.453917/216-0.021589994430541992.jpg,hct,images/hct/data2/0-1702598912.453917/tactile/216-0.021589994430541992.jpg,images/hct/data2/0-1702598912.453917/vision/216-0.021589994430541992.jpg,"matte, smooth, solid, soft, flexible",cardboard
hct/0-1702598912.453917/218-0.021358966827392578.jpg,hct,images/hct/data2/0-1702598912.453917/tactile/218-0.021358966827392578.jpg,images/hct/data2/0-1702598912.453917/vision/218-0.021358966827392578.jpg,"smooth, flat, uniform, solid, matte",cardboard
hct/0-1702598912.453917/219-0.0213010311126709.jpg,hct,images/hct/data2/0-1702598912.453917/tactile/219-0.0213010311126709.jpg,images/hct/data2/0-1702598912.453917/vision/219-0.0213010311126709.jpg,"matte, solid, flexible, even, smooth",cardboard
hct/0-1702598912.453917/220-0.02168416976928711.jpg,hct,images/hct/data2/0-1702598912.453917/tactile/220-0.02168416976928711.jpg,images/hct/data2/0-1702598912.453917/vision/220-0.02168416976928711.jpg,"flexible, flat, smooth",cardboard
hct/0-1702598912.453917/221-0.020688772201538086.jpg,hct,images/hct/data2/0-1702598912.453917/tactile/221-0.020688772201538086.jpg,images/hct/data2/0-1702598912.453917/vision/221-0.020688772201538086.jpg,"solid, soft, even, flexible, flat",cardboard
hct/0-1702598912.453917/222-0.021275758743286133.jpg,hct,images/hct/data2/0-1702598912.453917/tactile/222-0.021275758743286133.jpg,images/hct/data2/0-1702598912.453917/vision/222-0.021275758743286133.jpg,"uniform, solid, flat, soft",cardboard
hct/0-1702598912.453917/223-0.020408153533935547.jpg,hct,images/hct/data2/0-1702598912.453917/tactile/223-0.020408153533935547.jpg,images/hct/data2/0-1702598912.453917/vision/223-0.020408153533935547.jpg,"flexible, solid, smooth",cardboard
hct/0-1702598912.453917/224-0.02176213264465332.jpg,hct,images/hct/data2/0-1702598912.453917/tactile/224-0.02176213264465332.jpg,images/hct/data2/0-1702598912.453917/vision/224-0.02176213264465332.jpg,"smooth, flat, even, matte, solid",cardboard
hct/0-1702598912.453917/225-0.02106022834777832.jpg,hct,images/hct/data2/0-1702598912.453917/tactile/225-0.02106022834777832.jpg,images/hct/data2/0-1702598912.453917/vision/225-0.02106022834777832.jpg,"solid, uniform, matte",cardboard
hct/0-1702598912.453917/227-0.021091222763061523.jpg,hct,images/hct/data2/0-1702598912.453917/tactile/227-0.021091222763061523.jpg,images/hct/data2/0-1702598912.453917/vision/227-0.021091222763061523.jpg,"smooth, even, matte, flat, uniform",cardboard
hct/0-1702598912.453917/228-0.021038055419921875.jpg,hct,images/hct/data2/0-1702598912.453917/tactile/228-0.021038055419921875.jpg,images/hct/data2/0-1702598912.453917/vision/228-0.021038055419921875.jpg,"matte, uniform, even, soft",cardboard
hct/0-1702598912.453917/229-0.021952152252197266.jpg,hct,images/hct/data2/0-1702598912.453917/tactile/229-0.021952152252197266.jpg,images/hct/data2/0-1702598912.453917/vision/229-0.021952152252197266.jpg,"solid, soft, smooth, matte, uniform",cardboard
hct/0-1702598912.453917/230-0.022298097610473633.jpg,hct,images/hct/data2/0-1702598912.453917/tactile/230-0.022298097610473633.jpg,images/hct/data2/0-1702598912.453917/vision/230-0.022298097610473633.jpg,"uniform, matte, smooth, even, flexible",cardboard
hct/0-1702598912.453917/231-0.02068185806274414.jpg,hct,images/hct/data2/0-1702598912.453917/tactile/231-0.02068185806274414.jpg,images/hct/data2/0-1702598912.453917/vision/231-0.02068185806274414.jpg,"uniform, matte, solid, flexible",cardboard
hct/0-1702598912.453917/232-0.02018880844116211.jpg,hct,images/hct/data2/0-1702598912.453917/tactile/232-0.02018880844116211.jpg,images/hct/data2/0-1702598912.453917/vision/232-0.02018880844116211.jpg,"uniform, solid, flat, smooth",cardboard
hct/0-1702598912.453917/233-0.019917011260986328.jpg,hct,images/hct/data2/0-1702598912.453917/tactile/233-0.019917011260986328.jpg,images/hct/data2/0-1702598912.453917/vision/233-0.019917011260986328.jpg,"smooth, matte, soft, flexible, even",cardboard
hct/0-1702598912.453917/234-0.021006107330322266.jpg,hct,images/hct/data2/0-1702598912.453917/tactile/234-0.021006107330322266.jpg,images/hct/data2/0-1702598912.453917/vision/234-0.021006107330322266.jpg,"solid, flexible, flat",cardboard
hct/0-1702598912.453917/235-0.021308183670043945.jpg,hct,images/hct/data2/0-1702598912.453917/tactile/235-0.021308183670043945.jpg,images/hct/data2/0-1702598912.453917/vision/235-0.021308183670043945.jpg,"flat, solid, uniform, even",cardboard
hct/0-1702598912.453917/236-0.0207669734954834.jpg,hct,images/hct/data2/0-1702598912.453917/tactile/236-0.0207669734954834.jpg,images/hct/data2/0-1702598912.453917/vision/236-0.0207669734954834.jpg,"flexible, soft, solid, uniform, smooth",cardboard
hct/0-1702598912.453917/237-0.02130413055419922.jpg,hct,images/hct/data2/0-1702598912.453917/tactile/237-0.02130413055419922.jpg,images/hct/data2/0-1702598912.453917/vision/237-0.02130413055419922.jpg,"solid, smooth, matte, flexible, uniform",cardboard
hct/0-1702598912.453917/238-0.021452903747558594.jpg,hct,images/hct/data2/0-1702598912.453917/tactile/238-0.021452903747558594.jpg,images/hct/data2/0-1702598912.453917/vision/238-0.021452903747558594.jpg,"uniform, even, flexible, flat, solid",cardboard
hct/0-1702598912.453917/239-0.020444154739379883.jpg,hct,images/hct/data2/0-1702598912.453917/tactile/239-0.020444154739379883.jpg,images/hct/data2/0-1702598912.453917/vision/239-0.020444154739379883.jpg,"flexible, solid, flat, uniform, soft",cardboard
hct/0-1702598912.453917/240-0.02057504653930664.jpg,hct,images/hct/data2/0-1702598912.453917/tactile/240-0.02057504653930664.jpg,images/hct/data2/0-1702598912.453917/vision/240-0.02057504653930664.jpg,"flat, flexible, even",cardboard
hct/0-1702598912.453917/241-0.021683216094970703.jpg,hct,images/hct/data2/0-1702598912.453917/tactile/241-0.021683216094970703.jpg,images/hct/data2/0-1702598912.453917/vision/241-0.021683216094970703.jpg,"matte, soft, flexible",cardboard
hct/0-1702598912.453917/242-0.021470069885253906.jpg,hct,images/hct/data2/0-1702598912.453917/tactile/242-0.021470069885253906.jpg,images/hct/data2/0-1702598912.453917/vision/242-0.021470069885253906.jpg,"solid, matte, even, flat, smooth",cardboard
hct/0-1702598912.453917/243-0.021600961685180664.jpg,hct,images/hct/data2/0-1702598912.453917/tactile/243-0.021600961685180664.jpg,images/hct/data2/0-1702598912.453917/vision/243-0.021600961685180664.jpg,"uniform, smooth, flexible, flat, even",cardboard
hct/0-1702598912.453917/244-0.02089214324951172.jpg,hct,images/hct/data2/0-1702598912.453917/tactile/244-0.02089214324951172.jpg,images/hct/data2/0-1702598912.453917/vision/244-0.02089214324951172.jpg,"smooth, matte, soft, flexible, even",cardboard
hct/0-1702598912.453917/245-0.02059173583984375.jpg,hct,images/hct/data2/0-1702598912.453917/tactile/245-0.02059173583984375.jpg,images/hct/data2/0-1702598912.453917/vision/245-0.02059173583984375.jpg,"flexible, even, solid",cardboard
hct/0-1702598912.453917/246-0.021747112274169922.jpg,hct,images/hct/data2/0-1702598912.453917/tactile/246-0.021747112274169922.jpg,images/hct/data2/0-1702598912.453917/vision/246-0.021747112274169922.jpg,"soft, flat, smooth, even, solid",cardboard
hct/0-1702598912.453917/247-0.020928144454956055.jpg,hct,images/hct/data2/0-1702598912.453917/tactile/247-0.020928144454956055.jpg,images/hct/data2/0-1702598912.453917/vision/247-0.020928144454956055.jpg,"smooth, flat, solid",cardboard
hct/0-1702598912.453917/248-0.020270109176635742.jpg,hct,images/hct/data2/0-1702598912.453917/tactile/248-0.020270109176635742.jpg,images/hct/data2/0-1702598912.453917/vision/248-0.020270109176635742.jpg,"smooth, flexible, flat, uniform, even",cardboard
hct/0-1702598912.453917/249-0.020984888076782227.jpg,hct,images/hct/data2/0-1702598912.453917/tactile/249-0.020984888076782227.jpg,images/hct/data2/0-1702598912.453917/vision/249-0.020984888076782227.jpg,"flat, flexible, matte",cardboard
hct/0-1702598912.453917/250-0.021401166915893555.jpg,hct,images/hct/data2/0-1702598912.453917/tactile/250-0.021401166915893555.jpg,images/hct/data2/0-1702598912.453917/vision/250-0.021401166915893555.jpg,"uniform, solid, soft, flexible",cardboard
hct/0-1702598912.453917/251-0.021364927291870117.jpg,hct,images/hct/data2/0-1702598912.453917/tactile/251-0.021364927291870117.jpg,images/hct/data2/0-1702598912.453917/vision/251-0.021364927291870117.jpg,"matte, flexible, smooth, uniform, even",cardboard
hct/0-1702598912.453917/252-0.020076751708984375.jpg,hct,images/hct/data2/0-1702598912.453917/tactile/252-0.020076751708984375.jpg,images/hct/data2/0-1702598912.453917/vision/252-0.020076751708984375.jpg,"soft, smooth, matte",cardboard
hct/0-1702598912.453917/253-0.02126002311706543.jpg,hct,images/hct/data2/0-1702598912.453917/tactile/253-0.02126002311706543.jpg,images/hct/data2/0-1702598912.453917/vision/253-0.02126002311706543.jpg,"uniform, even, flat, smooth",cardboard
hct/0-1702598912.453917/254-0.021517038345336914.jpg,hct,images/hct/data2/0-1702598912.453917/tactile/254-0.021517038345336914.jpg,images/hct/data2/0-1702598912.453917/vision/254-0.021517038345336914.jpg,"matte, flat, soft, even, smooth",cardboard
hct/0-1702598912.453917/255-0.021786928176879883.jpg,hct,images/hct/data2/0-1702598912.453917/tactile/255-0.021786928176879883.jpg,images/hct/data2/0-1702598912.453917/vision/255-0.021786928176879883.jpg,"flat, flexible, even, smooth",cardboard
hct/0-1702598912.453917/256-0.021492958068847656.jpg,hct,images/hct/data2/0-1702598912.453917/tactile/256-0.021492958068847656.jpg,images/hct/data2/0-1702598912.453917/vision/256-0.021492958068847656.jpg,"flat, matte, uniform",cardboard
hct/0-1702598912.453917/257-0.0213470458984375.jpg,hct,images/hct/data2/0-1702598912.453917/tactile/257-0.0213470458984375.jpg,images/hct/data2/0-1702598912.453917/vision/257-0.0213470458984375.jpg,"even, soft, smooth, matte",cardboard
hct/0-1702598912.453917/258-0.021759033203125.jpg,hct,images/hct/data2/0-1702598912.453917/tactile/258-0.021759033203125.jpg,images/hct/data2/0-1702598912.453917/vision/258-0.021759033203125.jpg,"matte, even, soft, uniform",cardboard
hct/0-1702598912.453917/259-0.021667957305908203.jpg,hct,images/hct/data2/0-1702598912.453917/tactile/259-0.021667957305908203.jpg,images/hct/data2/0-1702598912.453917/vision/259-0.021667957305908203.jpg,"even, matte, solid",cardboard
hct/0-1702598912.453917/260-0.02100396156311035.jpg,hct,images/hct/data2/0-1702598912.453917/tactile/260-0.02100396156311035.jpg,images/hct/data2/0-1702598912.453917/vision/260-0.02100396156311035.jpg,"flexible, matte, even, flat, soft",cardboard
hct/0-1702598912.453917/261-0.02036285400390625.jpg,hct,images/hct/data2/0-1702598912.453917/tactile/261-0.02036285400390625.jpg,images/hct/data2/0-1702598912.453917/vision/261-0.02036285400390625.jpg,"smooth, matte, uniform, flexible",cardboard
hct/0-1702598912.453917/262-0.021042823791503906.jpg,hct,images/hct/data2/0-1702598912.453917/tactile/262-0.021042823791503906.jpg,images/hct/data2/0-1702598912.453917/vision/262-0.021042823791503906.jpg,"uniform, soft, flexible",cardboard
hct/0-1702598912.453917/263-0.02125406265258789.jpg,hct,images/hct/data2/0-1702598912.453917/tactile/263-0.02125406265258789.jpg,images/hct/data2/0-1702598912.453917/vision/263-0.02125406265258789.jpg,"smooth, flexible, even",cardboard
hct/0-1702598912.453917/264-0.020991802215576172.jpg,hct,images/hct/data2/0-1702598912.453917/tactile/264-0.020991802215576172.jpg,images/hct/data2/0-1702598912.453917/vision/264-0.020991802215576172.jpg,"uniform, soft, smooth, flat, flexible",cardboard
hct/0-1702598912.453917/265-0.020919084548950195.jpg,hct,images/hct/data2/0-1702598912.453917/tactile/265-0.020919084548950195.jpg,images/hct/data2/0-1702598912.453917/vision/265-0.020919084548950195.jpg,"soft, flexible, even",cardboard
hct/0-1702598912.453917/266-0.022065162658691406.jpg,hct,images/hct/data2/0-1702598912.453917/tactile/266-0.022065162658691406.jpg,images/hct/data2/0-1702598912.453917/vision/266-0.022065162658691406.jpg,"matte, soft, flat",cardboard
hct/0-1704768848.233089/202-0.023361921310424805.jpg,hct,images/hct/data3/0-1704768848.233089/tactile/202-0.023361921310424805.jpg,images/hct/data3/0-1704768848.233089/vision/202-0.023361921310424805.jpg,"smooth, cool, hard, polished, reflective",mirror
hct/0-1704768848.233089/256-0.023650169372558594.jpg,hct,images/hct/data3/0-1704768848.233089/tactile/256-0.023650169372558594.jpg,images/hct/data3/0-1704768848.233089/vision/256-0.023650169372558594.jpg,"smooth, reflective, hard, cool, polished",mirror
hct/0-1704768848.233089/260-0.022912979125976562.jpg,hct,images/hct/data3/0-1704768848.233089/tactile/260-0.022912979125976562.jpg,images/hct/data3/0-1704768848.233089/vision/260-0.022912979125976562.jpg,"smooth, reflective, hard, cool, polished",mirror
hct/0-1704768848.233089/288-0.022018909454345703.jpg,hct,images/hct/data3/0-1704768848.233089/tactile/288-0.022018909454345703.jpg,images/hct/data3/0-1704768848.233089/vision/288-0.022018909454345703.jpg,"smooth, reflective, hard, cool, polished",mirror
hct/0-1704768848.233089/290-0.023569822311401367.jpg,hct,images/hct/data3/0-1704768848.233089/tactile/290-0.023569822311401367.jpg,images/hct/data3/0-1704768848.233089/vision/290-0.023569822311401367.jpg,"textured, uneven, cool, solid, gritty",mirror
hct/0-1705014391.807915/270-0.0226290225982666.jpg,hct,images/hct/data3/0-1705014391.807915/tactile/270-0.0226290225982666.jpg,images/hct/data3/0-1705014391.807915/vision/270-0.0226290225982666.jpg,"smooth, glossy, slick, flat, reflective",coral fragment
hct/0-1705014391.807915/276-0.02454686164855957.jpg,hct,images/hct/data3/0-1705014391.807915/tactile/276-0.02454686164855957.jpg,images/hct/data3/0-1705014391.807915/vision/276-0.02454686164855957.jpg,"smooth, glossy, slick, flat, reflective",coral fragment
hct/0-1705014391.807915/278-0.0236508846282959.jpg,hct,images/hct/data3/0-1705014391.807915/tactile/278-0.0236508846282959.jpg,images/hct/data3/0-1705014391.807915/vision/278-0.0236508846282959.jpg,"smooth, glossy, slick, flat, reflective",coral fragment
hct/0-1705014391.807915/279-0.024804115295410156.jpg,hct,images/hct/data3/0-1705014391.807915/tactile/279-0.024804115295410156.jpg,images/hct/data3/0-1705014391.807915/vision/279-0.024804115295410156.jpg,"smooth, iridescent, slick, cool, reflective",coral fragment
hct/0-1705014391.807915/280-0.02334904670715332.jpg,hct,images/hct/data3/0-1705014391.807915/tactile/280-0.02334904670715332.jpg,images/hct/data3/0-1705014391.807915/vision/280-0.02334904670715332.jpg,"smooth, iridescent, slick, flat, reflective",coral fragment
hct/0-1705014391.807915/281-0.024096012115478516.jpg,hct,images/hct/data3/0-1705014391.807915/tactile/281-0.024096012115478516.jpg,images/hct/data3/0-1705014391.807915/vision/281-0.024096012115478516.jpg,"smooth, glossy, slick, flat, even",coral fragment
hct/0-1705015403.196658/365-0.021939754486083984.jpg,hct,images/hct/data3/0-1705015403.196658/tactile/365-0.021939754486083984.jpg,images/hct/data3/0-1705015403.196658/vision/365-0.021939754486083984.jpg,"solid, uneven, smooth",coral fragment
hct/0-1705015403.196658/402-0.021827220916748047.jpg,hct,images/hct/data3/0-1705015403.196658/tactile/402-0.021827220916748047.jpg,images/hct/data3/0-1705015403.196658/vision/402-0.021827220916748047.jpg,"textured, porous, uneven, grainy, rough",coral fragment
hct/0-1705015403.196658/408-0.021214962005615234.jpg,hct,images/hct/data3/0-1705015403.196658/tactile/408-0.021214962005615234.jpg,images/hct/data3/0-1705015403.196658/vision/408-0.021214962005615234.jpg,"textured, rough, porous, irregular, firm",coral fragment
hct/0-1705015403.196658/412-0.022197961807250977.jpg,hct,images/hct/data3/0-1705015403.196658/tactile/412-0.022197961807250977.jpg,images/hct/data3/0-1705015403.196658/vision/412-0.022197961807250977.jpg,"textured, irregular, firm, cool, matte",coral fragment
hct/0-1705015403.196658/414-0.02164912223815918.jpg,hct,images/hct/data3/0-1705015403.196658/tactile/414-0.02164912223815918.jpg,images/hct/data3/0-1705015403.196658/vision/414-0.02164912223815918.jpg,"textured, uneven, rigid, abrasive, porous",coral fragment
hct/0-1705015403.196658/418-0.02170276641845703.jpg,hct,images/hct/data3/0-1705015403.196658/tactile/418-0.02170276641845703.jpg,images/hct/data3/0-1705015403.196658/vision/418-0.02170276641845703.jpg,"smooth, cool, hard, sleek, matte",coral fragment
hct/0-1705015403.196658/419-0.021845102310180664.jpg,hct,images/hct/data3/0-1705015403.196658/tactile/419-0.021845102310180664.jpg,images/hct/data3/0-1705015403.196658/vision/419-0.021845102310180664.jpg,"textured, irregular, rough, porous, uneven",coral fragment
hct/0-1705015403.196658/423-0.021361827850341797.jpg,hct,images/hct/data3/0-1705015403.196658/tactile/423-0.021361827850341797.jpg,images/hct/data3/0-1705015403.196658/vision/423-0.021361827850341797.jpg,"uneven, metallic, porous",coral fragment
hct/0-1705015403.196658/424-0.022777795791625977.jpg,hct,images/hct/data3/0-1705015403.196658/tactile/424-0.022777795791625977.jpg,images/hct/data3/0-1705015403.196658/vision/424-0.022777795791625977.jpg,"smooth, matte, firm, cool, flat",coral fragment
hct/0-1705015403.196658/425-0.021645069122314453.jpg,hct,images/hct/data3/0-1705015403.196658/tactile/425-0.021645069122314453.jpg,images/hct/data3/0-1705015403.196658/vision/425-0.021645069122314453.jpg,"smooth, matte, firm, cool, flat",coral fragment
hct/0-1705015403.196658/428-0.021776199340820312.jpg,hct,images/hct/data3/0-1705015403.196658/tactile/428-0.021776199340820312.jpg,images/hct/data3/0-1705015403.196658/vision/428-0.021776199340820312.jpg,"flat, cool, hard",coral fragment
hct/0-1705015403.196658/429-0.022282838821411133.jpg,hct,images/hct/data3/0-1705015403.196658/tactile/429-0.022282838821411133.jpg,images/hct/data3/0-1705015403.196658/vision/429-0.022282838821411133.jpg,"smooth, cool, hard, matte, solid",coral fragment
hct/0-1705015403.196658/430-0.022867918014526367.jpg,hct,images/hct/data3/0-1705015403.196658/tactile/430-0.022867918014526367.jpg,images/hct/data3/0-1705015403.196658/vision/430-0.022867918014526367.jpg,"firm, matte, hard",coral fragment
hct/0-1705015403.196658/431-0.02168107032775879.jpg,hct,images/hct/data3/0-1705015403.196658/tactile/431-0.02168107032775879.jpg,images/hct/data3/0-1705015403.196658/vision/431-0.02168107032775879.jpg,"metallic, grainy, sleek, hard, irregular",coral fragment
hct/0-1705015403.196658/432-0.02156686782836914.jpg,hct,images/hct/data3/0-1705015403.196658/tactile/432-0.02156686782836914.jpg,images/hct/data3/0-1705015403.196658/vision/432-0.02156686782836914.jpg,"smooth, cool, hard, sleek, matte",coral fragment
hct/0-1705015403.196658/433-0.021551847457885742.jpg,hct,images/hct/data3/0-1705015403.196658/tactile/433-0.021551847457885742.jpg,images/hct/data3/0-1705015403.196658/vision/433-0.021551847457885742.jpg,"smooth, matte, firm, cool, flat",coral fragment
hct/0-1705015403.196658/434-0.021610021591186523.jpg,hct,images/hct/data3/0-1705015403.196658/tactile/434-0.021610021591186523.jpg,images/hct/data3/0-1705015403.196658/vision/434-0.021610021591186523.jpg,"smooth, matte, firm, cool, flat",coral fragment
hct/0-1705015403.196658/435-0.02185201644897461.jpg,hct,images/hct/data3/0-1705015403.196658/tactile/435-0.02185201644897461.jpg,images/hct/data3/0-1705015403.196658/vision/435-0.02185201644897461.jpg,"smooth, cool, hard, sleek, matte",coral fragment
hct/0-1705015403.196658/436-0.02168583869934082.jpg,hct,images/hct/data3/0-1705015403.196658/tactile/436-0.02168583869934082.jpg,images/hct/data3/0-1705015403.196658/vision/436-0.02168583869934082.jpg,"smooth, cool, hard, matte, solid",coral fragment
hct/0-1705015403.196658/437-0.021352052688598633.jpg,hct,images/hct/data3/0-1705015403.196658/tactile/437-0.021352052688598633.jpg,images/hct/data3/0-1705015403.196658/vision/437-0.021352052688598633.jpg,"smooth, reflective, hard, cool, flat",coral fragment
hct/0-1705015403.196658/438-0.021711111068725586.jpg,hct,images/hct/data3/0-1705015403.196658/tactile/438-0.021711111068725586.jpg,images/hct/data3/0-1705015403.196658/vision/438-0.021711111068725586.jpg,"flat, uneven, abrasive",coral fragment
hct/0-1705015403.196658/439-0.02168130874633789.jpg,hct,images/hct/data3/0-1705015403.196658/tactile/439-0.02168130874633789.jpg,images/hct/data3/0-1705015403.196658/vision/439-0.02168130874633789.jpg,"hard, smooth, solid",coral fragment
hct/0-1705015403.196658/440-0.02208995819091797.jpg,hct,images/hct/data3/0-1705015403.196658/tactile/440-0.02208995819091797.jpg,images/hct/data3/0-1705015403.196658/vision/440-0.02208995819091797.jpg,"smooth, cool, hard, matte, solid",coral fragment
hct/0-1705015403.196658/441-0.022711992263793945.jpg,hct,images/hct/data3/0-1705015403.196658/tactile/441-0.022711992263793945.jpg,images/hct/data3/0-1705015403.196658/vision/441-0.022711992263793945.jpg,"smooth, cool, hard, matte, solid",coral fragment
hct/0-1705015403.196658/442-0.02148294448852539.jpg,hct,images/hct/data3/0-1705015403.196658/tactile/442-0.02148294448852539.jpg,images/hct/data3/0-1705015403.196658/vision/442-0.02148294448852539.jpg,"textured, rigid, hard, porous, metallic",coral fragment
hct/0-1705015403.196658/443-0.021686792373657227.jpg,hct,images/hct/data3/0-1705015403.196658/tactile/443-0.021686792373657227.jpg,images/hct/data3/0-1705015403.196658/vision/443-0.021686792373657227.jpg,"rigid, cool, textured, sleek",coral fragment
hct/0-1705015403.196658/444-0.02194976806640625.jpg,hct,images/hct/data3/0-1705015403.196658/tactile/444-0.02194976806640625.jpg,images/hct/data3/0-1705015403.196658/vision/444-0.02194976806640625.jpg,"rough, solid, cool, smooth",coral fragment
hct/0-1705015403.196658/445-0.02194690704345703.jpg,hct,images/hct/data3/0-1705015403.196658/tactile/445-0.02194690704345703.jpg,images/hct/data3/0-1705015403.196658/vision/445-0.02194690704345703.jpg,"reflective, porous, uneven, cool, solid",coral fragment
hct/0-1705015403.196658/446-0.021673917770385742.jpg,hct,images/hct/data3/0-1705015403.196658/tactile/446-0.021673917770385742.jpg,images/hct/data3/0-1705015403.196658/vision/446-0.021673917770385742.jpg,"firm, flat, sleek, porous",coral fragment
hct/0-1705015403.196658/447-0.02205371856689453.jpg,hct,images/hct/data3/0-1705015403.196658/tactile/447-0.02205371856689453.jpg,images/hct/data3/0-1705015403.196658/vision/447-0.02205371856689453.jpg,"abrasive, grainy, porous, cool",coral fragment
hct/0-1705015403.196658/448-0.022240161895751953.jpg,hct,images/hct/data3/0-1705015403.196658/tactile/448-0.022240161895751953.jpg,images/hct/data3/0-1705015403.196658/vision/448-0.022240161895751953.jpg,"smooth, reflective, hard, cool, flat",coral fragment
hct/0-1705015403.196658/449-0.022044897079467773.jpg,hct,images/hct/data3/0-1705015403.196658/tactile/449-0.022044897079467773.jpg,images/hct/data3/0-1705015403.196658/vision/449-0.022044897079467773.jpg,"hard, textured, metallic, rough, matte",coral fragment
hct/0-1705015403.196658/450-0.021770954132080078.jpg,hct,images/hct/data3/0-1705015403.196658/tactile/450-0.021770954132080078.jpg,images/hct/data3/0-1705015403.196658/vision/450-0.021770954132080078.jpg,"smooth, hard, cool, reflective, flat",coral fragment
hct/0-1705015403.196658/451-0.021834135055541992.jpg,hct,images/hct/data3/0-1705015403.196658/tactile/451-0.021834135055541992.jpg,images/hct/data3/0-1705015403.196658/vision/451-0.021834135055541992.jpg,"smooth, reflective, hard, cool, flat",coral fragment
hct/0-1705015403.196658/452-0.021566152572631836.jpg,hct,images/hct/data3/0-1705015403.196658/tactile/452-0.021566152572631836.jpg,images/hct/data3/0-1705015403.196658/vision/452-0.021566152572631836.jpg,"porous, abrasive, solid",coral fragment
hct/0-1705015403.196658/453-0.021600961685180664.jpg,hct,images/hct/data3/0-1705015403.196658/tactile/453-0.021600961685180664.jpg,images/hct/data3/0-1705015403.196658/vision/453-0.021600961685180664.jpg,"sleek, solid, textured",coral fragment
hct/0-1705015403.196658/454-0.02244877815246582.jpg,hct,images/hct/data3/0-1705015403.196658/tactile/454-0.02244877815246582.jpg,images/hct/data3/0-1705015403.196658/vision/454-0.02244877815246582.jpg,"smooth, solid, cool, matte, rigid",coral fragment
hct/0-1705015403.196658/455-0.0211641788482666.jpg,hct,images/hct/data3/0-1705015403.196658/tactile/455-0.0211641788482666.jpg,images/hct/data3/0-1705015403.196658/vision/455-0.0211641788482666.jpg,"uneven, porous, flat",coral fragment
hct/0-1705015403.196658/456-0.021601200103759766.jpg,hct,images/hct/data3/0-1705015403.196658/tactile/456-0.021601200103759766.jpg,images/hct/data3/0-1705015403.196658/vision/456-0.021601200103759766.jpg,"smooth, cool, hard, matte, solid",coral fragment
hct/0-1705015403.196658/457-0.021229028701782227.jpg,hct,images/hct/data3/0-1705015403.196658/tactile/457-0.021229028701782227.jpg,images/hct/data3/0-1705015403.196658/vision/457-0.021229028701782227.jpg,"metallic, porous, matte",coral fragment
hct/0-1705015403.196658/458-0.02232193946838379.jpg,hct,images/hct/data3/0-1705015403.196658/tactile/458-0.02232193946838379.jpg,images/hct/data3/0-1705015403.196658/vision/458-0.02232193946838379.jpg,"metallic, solid, firm, flat",coral fragment
hct/0-1705015403.196658/459-0.022496938705444336.jpg,hct,images/hct/data3/0-1705015403.196658/tactile/459-0.022496938705444336.jpg,images/hct/data3/0-1705015403.196658/vision/459-0.022496938705444336.jpg,"abrasive, firm, hard, rigid",coral fragment
hct/0-1705015403.196658/460-0.021816015243530273.jpg,hct,images/hct/data3/0-1705015403.196658/tactile/460-0.021816015243530273.jpg,images/hct/data3/0-1705015403.196658/vision/460-0.021816015243530273.jpg,"smooth, matte, rough, sleek, grainy",coral fragment
hct/0-1705015403.196658/461-0.02177882194519043.jpg,hct,images/hct/data3/0-1705015403.196658/tactile/461-0.02177882194519043.jpg,images/hct/data3/0-1705015403.196658/vision/461-0.02177882194519043.jpg,"smooth, matte, firm, cool, flat",coral fragment
hct/0-1705015403.196658/462-0.022094011306762695.jpg,hct,images/hct/data3/0-1705015403.196658/tactile/462-0.022094011306762695.jpg,images/hct/data3/0-1705015403.196658/vision/462-0.022094011306762695.jpg,"smooth, cool, hard, matte, solid",coral fragment
hct/0-1705015403.196658/463-0.022185802459716797.jpg,hct,images/hct/data3/0-1705015403.196658/tactile/463-0.022185802459716797.jpg,images/hct/data3/0-1705015403.196658/vision/463-0.022185802459716797.jpg,"smooth, cool, hard, matte, solid",coral fragment
hct/0-1705015403.196658/464-0.022505998611450195.jpg,hct,images/hct/data3/0-1705015403.196658/tactile/464-0.022505998611450195.jpg,images/hct/data3/0-1705015403.196658/vision/464-0.022505998611450195.jpg,"smooth, reflective, hard, cool, sleek",coral fragment
hct/0-1705015403.196658/465-0.02127814292907715.jpg,hct,images/hct/data3/0-1705015403.196658/tactile/465-0.02127814292907715.jpg,images/hct/data3/0-1705015403.196658/vision/465-0.02127814292907715.jpg,"smooth, matte, firm, cool, flat",coral fragment
hct/0-1705015403.196658/466-0.021977901458740234.jpg,hct,images/hct/data3/0-1705015403.196658/tactile/466-0.021977901458740234.jpg,images/hct/data3/0-1705015403.196658/vision/466-0.021977901458740234.jpg,"smooth, cool, hard, matte, solid",coral fragment
hct/0-1705015403.196658/467-0.02173471450805664.jpg,hct,images/hct/data3/0-1705015403.196658/tactile/467-0.02173471450805664.jpg,images/hct/data3/0-1705015403.196658/vision/467-0.02173471450805664.jpg,"irregular, porous, abrasive, hard, metallic",coral fragment
hct/0-1705015403.196658/468-0.02133798599243164.jpg,hct,images/hct/data3/0-1705015403.196658/tactile/468-0.02133798599243164.jpg,images/hct/data3/0-1705015403.196658/vision/468-0.02133798599243164.jpg,"smooth, cool, hard, matte, solid",coral fragment
hct/0-1705015403.196658/469-0.02192091941833496.jpg,hct,images/hct/data3/0-1705015403.196658/tactile/469-0.02192091941833496.jpg,images/hct/data3/0-1705015403.196658/vision/469-0.02192091941833496.jpg,"smooth, cool, hard, matte, solid",coral fragment
hct/0-1705015403.196658/470-0.02166604995727539.jpg,hct,images/hct/data3/0-1705015403.196658/tactile/470-0.02166604995727539.jpg,images/hct/data3/0-1705015403.196658/vision/470-0.02166604995727539.jpg,"firm, flat, irregular",coral fragment
hct/0-1705015403.196658/471-0.02223801612854004.jpg,hct,images/hct/data3/0-1705015403.196658/tactile/471-0.02223801612854004.jpg,images/hct/data3/0-1705015403.196658/vision/471-0.02223801612854004.jpg,"smooth, cool, hard, matte, solid",coral fragment
hct/0-1705015403.196658/472-0.022372722625732422.jpg,hct,images/hct/data3/0-1705015403.196658/tactile/472-0.022372722625732422.jpg,images/hct/data3/0-1705015403.196658/vision/472-0.022372722625732422.jpg,"smooth, cool, hard, matte, solid",coral fragment
hct/0-1705015403.196658/473-0.022340059280395508.jpg,hct,images/hct/data3/0-1705015403.196658/tactile/473-0.022340059280395508.jpg,images/hct/data3/0-1705015403.196658/vision/473-0.022340059280395508.jpg,"metallic, reflective, rough",coral fragment
hct/0-1705015403.196658/474-0.021796226501464844.jpg,hct,images/hct/data3/0-1705015403.196658/tactile/474-0.021796226501464844.jpg,images/hct/data3/0-1705015403.196658/vision/474-0.021796226501464844.jpg,"smooth, cool, hard, matte, solid",coral fragment
hct/0-1705015403.196658/475-0.021624088287353516.jpg,hct,images/hct/data3/0-1705015403.196658/tactile/475-0.021624088287353516.jpg,images/hct/data3/0-1705015403.196658/vision/475-0.021624088287353516.jpg,"reflective, cool, matte",coral fragment
hct/0-1705015403.196658/476-0.02135014533996582.jpg,hct,images/hct/data3/0-1705015403.196658/tactile/476-0.02135014533996582.jpg,images/hct/data3/0-1705015403.196658/vision/476-0.02135014533996582.jpg,"smooth, reflective, hard, cool, sleek",coral fragment
hct/0-1705015403.196658/477-0.022072792053222656.jpg,hct,images/hct/data3/0-1705015403.196658/tactile/477-0.022072792053222656.jpg,images/hct/data3/0-1705015403.196658/vision/477-0.022072792053222656.jpg,"reflective, abrasive, textured, rough, flat",coral fragment
hct/0-1705015403.196658/478-0.021876096725463867.jpg,hct,images/hct/data3/0-1705015403.196658/tactile/478-0.021876096725463867.jpg,images/hct/data3/0-1705015403.196658/vision/478-0.021876096725463867.jpg,"smooth, cool, hard, sleek, matte",coral fragment
hct/0-1705015403.196658/479-0.021703004837036133.jpg,hct,images/hct/data3/0-1705015403.196658/tactile/479-0.021703004837036133.jpg,images/hct/data3/0-1705015403.196658/vision/479-0.021703004837036133.jpg,"smooth, cool, hard, sleek, matte",coral fragment
hct/0-1705015403.196658/480-0.021328210830688477.jpg,hct,images/hct/data3/0-1705015403.196658/tactile/480-0.021328210830688477.jpg,images/hct/data3/0-1705015403.196658/vision/480-0.021328210830688477.jpg,"smooth, cool, hard, matte, solid",coral fragment
hct/0-1705015403.196658/481-0.020313024520874023.jpg,hct,images/hct/data3/0-1705015403.196658/tactile/481-0.020313024520874023.jpg,images/hct/data3/0-1705015403.196658/vision/481-0.020313024520874023.jpg,"smooth, matte, firm, cool, flat",coral fragment
hct/0-1705015403.196658/482-0.02136707305908203.jpg,hct,images/hct/data3/0-1705015403.196658/tactile/482-0.02136707305908203.jpg,images/hct/data3/0-1705015403.196658/vision/482-0.02136707305908203.jpg,"smooth, matte, firm, cool, solid",coral fragment
hct/0-1705015403.196658/483-0.022377967834472656.jpg,hct,images/hct/data3/0-1705015403.196658/tactile/483-0.022377967834472656.jpg,images/hct/data3/0-1705015403.196658/vision/483-0.022377967834472656.jpg,"smooth, metallic, cool, solid, reflective",coral fragment
hct/0-1705015403.196658/484-0.02232980728149414.jpg,hct,images/hct/data3/0-1705015403.196658/tactile/484-0.02232980728149414.jpg,images/hct/data3/0-1705015403.196658/vision/484-0.02232980728149414.jpg,"smooth, cool, hard, matte, solid",coral fragment
hct/0-1705015403.196658/485-0.02087092399597168.jpg,hct,images/hct/data3/0-1705015403.196658/tactile/485-0.02087092399597168.jpg,images/hct/data3/0-1705015403.196658/vision/485-0.02087092399597168.jpg,"smooth, cool, hard, sleek, matte",coral fragment
hct/0-1705015403.196658/486-0.0211031436920166.jpg,hct,images/hct/data3/0-1705015403.196658/tactile/486-0.0211031436920166.jpg,images/hct/data3/0-1705015403.196658/vision/486-0.0211031436920166.jpg,"smooth, cool, hard, matte, solid",coral fragment
hct/0-1705015403.196658/487-0.0214080810546875.jpg,hct,images/hct/data3/0-1705015403.196658/tactile/487-0.0214080810546875.jpg,images/hct/data3/0-1705015403.196658/vision/487-0.0214080810546875.jpg,"smooth, cool, hard, matte, solid",coral fragment
hct/0-1705015403.196658/488-0.021499156951904297.jpg,hct,images/hct/data3/0-1705015403.196658/tactile/488-0.021499156951904297.jpg,images/hct/data3/0-1705015403.196658/vision/488-0.021499156951904297.jpg,"smooth, cool, hard, sleek, matte",coral fragment
hct/0-1705015403.196658/489-0.020812034606933594.jpg,hct,images/hct/data3/0-1705015403.196658/tactile/489-0.020812034606933594.jpg,images/hct/data3/0-1705015403.196658/vision/489-0.020812034606933594.jpg,"smooth, cool, hard, sleek, matte",coral fragment
hct/0-1705015403.196658/490-0.021972179412841797.jpg,hct,images/hct/data3/0-1705015403.196658/tactile/490-0.021972179412841797.jpg,images/hct/data3/0-1705015403.196658/vision/490-0.021972179412841797.jpg,"irregular, firm, textured, hard, reflective",coral fragment
hct/0-1705015403.196658/491-0.021638870239257812.jpg,hct,images/hct/data3/0-1705015403.196658/tactile/491-0.021638870239257812.jpg,images/hct/data3/0-1705015403.196658/vision/491-0.021638870239257812.jpg,"firm, grainy, sleek, cool",coral fragment
hct/0-1705015403.196658/492-0.021297931671142578.jpg,hct,images/hct/data3/0-1705015403.196658/tactile/492-0.021297931671142578.jpg,images/hct/data3/0-1705015403.196658/vision/492-0.021297931671142578.jpg,"rough, uneven, flat",coral fragment
hct/0-1705015403.196658/493-0.022221088409423828.jpg,hct,images/hct/data3/0-1705015403.196658/tactile/493-0.022221088409423828.jpg,images/hct/data3/0-1705015403.196658/vision/493-0.022221088409423828.jpg,"smooth, cool, hard, sleek, matte",coral fragment
hct/0-1705015403.196658/494-0.02166581153869629.jpg,hct,images/hct/data3/0-1705015403.196658/tactile/494-0.02166581153869629.jpg,images/hct/data3/0-1705015403.196658/vision/494-0.02166581153869629.jpg,"smooth, cool, hard, sleek, metallic",coral fragment
hct/0-1705015403.196658/495-0.021306991577148438.jpg,hct,images/hct/data3/0-1705015403.196658/tactile/495-0.021306991577148438.jpg,images/hct/data3/0-1705015403.196658/vision/495-0.021306991577148438.jpg,"smooth, cool, hard, sleek, matte",coral fragment
hct/0-1705015403.196658/496-0.02152705192565918.jpg,hct,images/hct/data3/0-1705015403.196658/tactile/496-0.02152705192565918.jpg,images/hct/data3/0-1705015403.196658/vision/496-0.02152705192565918.jpg,"smooth, cool, hard, matte, solid",coral fragment
hct/0-1705015403.196658/497-0.022429227828979492.jpg,hct,images/hct/data3/0-1705015403.196658/tactile/497-0.022429227828979492.jpg,images/hct/data3/0-1705015403.196658/vision/497-0.022429227828979492.jpg,"smooth, matte, firm, cool, flat",coral fragment
hct/0-1705015403.196658/498-0.022883892059326172.jpg,hct,images/hct/data3/0-1705015403.196658/tactile/498-0.022883892059326172.jpg,images/hct/data3/0-1705015403.196658/vision/498-0.022883892059326172.jpg,"smooth, matte, firm, cool, flat",coral fragment
hct/0-1705015403.196658/499-0.021218061447143555.jpg,hct,images/hct/data3/0-1705015403.196658/tactile/499-0.021218061447143555.jpg,images/hct/data3/0-1705015403.196658/vision/499-0.021218061447143555.jpg,"smooth, cool, hard, matte, solid",coral fragment
hct/0-1705015403.196658/500-0.021954059600830078.jpg,hct,images/hct/data3/0-1705015403.196658/tactile/500-0.021954059600830078.jpg,images/hct/data3/0-1705015403.196658/vision/500-0.021954059600830078.jpg,"smooth, matte, hard, cool, flat",coral fragment
hct/0-1705015403.196658/502-0.02130293846130371.jpg,hct,images/hct/data3/0-1705015403.196658/tactile/502-0.02130293846130371.jpg,images/hct/data3/0-1705015403.196658/vision/502-0.02130293846130371.jpg,"smooth, reflective, hard, cool, sleek",coral fragment
hct/0-1705015403.196658/503-0.0216519832611084.jpg,hct,images/hct/data3/0-1705015403.196658/tactile/503-0.0216519832611084.jpg,images/hct/data3/0-1705015403.196658/vision/503-0.0216519832611084.jpg,"smooth, reflective, hard, cool, flat",coral fragment
hct/0-1705015403.196658/504-0.021691322326660156.jpg,hct,images/hct/data3/0-1705015403.196658/tactile/504-0.021691322326660156.jpg,images/hct/data3/0-1705015403.196658/vision/504-0.021691322326660156.jpg,"smooth, cool, hard, sleek, matte",coral fragment
hct/0-1705015403.196658/505-0.021170854568481445.jpg,hct,images/hct/data3/0-1705015403.196658/tactile/505-0.021170854568481445.jpg,images/hct/data3/0-1705015403.196658/vision/505-0.021170854568481445.jpg,"smooth, matte, firm, cool, flat",coral fragment
hct/0-1705015403.196658/508-0.022708892822265625.jpg,hct,images/hct/data3/0-1705015403.196658/tactile/508-0.022708892822265625.jpg,images/hct/data3/0-1705015403.196658/vision/508-0.022708892822265625.jpg,"irregular, sleek, smooth",coral fragment
hct/0-1705015403.196658/509-0.021684885025024414.jpg,hct,images/hct/data3/0-1705015403.196658/tactile/509-0.021684885025024414.jpg,images/hct/data3/0-1705015403.196658/vision/509-0.021684885025024414.jpg,"rough, flat, abrasive, hard, uneven",coral fragment
hct/0-1705015403.196658/524-0.02149510383605957.jpg,hct,images/hct/data3/0-1705015403.196658/tactile/524-0.02149510383605957.jpg,images/hct/data3/0-1705015403.196658/vision/524-0.02149510383605957.jpg,"textured, irregular, porous, firm, uneven",coral fragment
hct/0-1705015403.196658/531-0.021306991577148438.jpg,hct,images/hct/data3/0-1705015403.196658/tactile/531-0.021306991577148438.jpg,images/hct/data3/0-1705015403.196658/vision/531-0.021306991577148438.jpg,"irregular, sleek, rough, firm, uneven",coral fragment
hct/0-1705015403.196658/536-0.021993160247802734.jpg,hct,images/hct/data3/0-1705015403.196658/tactile/536-0.021993160247802734.jpg,images/hct/data3/0-1705015403.196658/vision/536-0.021993160247802734.jpg,"textured, matte, porous, sleek, cool",coral fragment
hct/0-1705015667.837004/175-0.022835969924926758.jpg,hct,images/hct/data3/0-1705015667.837004/tactile/175-0.022835969924926758.jpg,images/hct/data3/0-1705015667.837004/vision/175-0.022835969924926758.jpg,"smooth, solid, cool, flat, matte",crystal
hct/0-1705015667.837004/186-0.02304816246032715.jpg,hct,images/hct/data3/0-1705015667.837004/tactile/186-0.02304816246032715.jpg,images/hct/data3/0-1705015667.837004/vision/186-0.02304816246032715.jpg,"smooth, reflective, hard, cool, glossy",crystal
hct/0-1705015667.837004/197-0.022593021392822266.jpg,hct,images/hct/data3/0-1705015667.837004/tactile/197-0.022593021392822266.jpg,images/hct/data3/0-1705015667.837004/vision/197-0.022593021392822266.jpg,"smooth, reflective, hard, cool, glossy",crystal
hct/0-1705015667.837004/202-0.022333860397338867.jpg,hct,images/hct/data3/0-1705015667.837004/tactile/202-0.022333860397338867.jpg,images/hct/data3/0-1705015667.837004/vision/202-0.022333860397338867.jpg,"smooth, cool, hard, glossy, rigid",crystal
hct/0-1705015667.837004/205-0.022933006286621094.jpg,hct,images/hct/data3/0-1705015667.837004/tactile/205-0.022933006286621094.jpg,images/hct/data3/0-1705015667.837004/vision/205-0.022933006286621094.jpg,"smooth, solid, cool, rigid, glossy",crystal
hct/0-1705015667.837004/206-0.022156238555908203.jpg,hct,images/hct/data3/0-1705015667.837004/tactile/206-0.022156238555908203.jpg,images/hct/data3/0-1705015667.837004/vision/206-0.022156238555908203.jpg,"smooth, reflective, hard, cool, glossy",crystal
hct/0-1705015667.837004/212-0.02261209487915039.jpg,hct,images/hct/data3/0-1705015667.837004/tactile/212-0.02261209487915039.jpg,images/hct/data3/0-1705015667.837004/vision/212-0.02261209487915039.jpg,"smooth, hard, cool, glossy, rigid",crystal
hct/0-1705015667.837004/217-0.022521018981933594.jpg,hct,images/hct/data3/0-1705015667.837004/tactile/217-0.022521018981933594.jpg,images/hct/data3/0-1705015667.837004/vision/217-0.022521018981933594.jpg,"smooth, cool, hard, glossy, rigid",crystal
hct/0-1705015667.837004/221-0.022767066955566406.jpg,hct,images/hct/data3/0-1705015667.837004/tactile/221-0.022767066955566406.jpg,images/hct/data3/0-1705015667.837004/vision/221-0.022767066955566406.jpg,"smooth, cool, hard, flat, matte",crystal
hct/0-1705015667.837004/234-0.022766828536987305.jpg,hct,images/hct/data3/0-1705015667.837004/tactile/234-0.022766828536987305.jpg,images/hct/data3/0-1705015667.837004/vision/234-0.022766828536987305.jpg,"smooth, cool, hard, glossy, flat",crystal
hct/0-1705015667.837004/237-0.0238189697265625.jpg,hct,images/hct/data3/0-1705015667.837004/tactile/237-0.0238189697265625.jpg,images/hct/data3/0-1705015667.837004/vision/237-0.0238189697265625.jpg,"smooth, cool, hard, glossy, flat",crystal
hct/0-1705015667.837004/250-0.023040056228637695.jpg,hct,images/hct/data3/0-1705015667.837004/tactile/250-0.023040056228637695.jpg,images/hct/data3/0-1705015667.837004/vision/250-0.023040056228637695.jpg,"smooth, reflective, hard, cool, glossy",crystal
hct/0-1705015667.837004/251-0.023583173751831055.jpg,hct,images/hct/data3/0-1705015667.837004/tactile/251-0.023583173751831055.jpg,images/hct/data3/0-1705015667.837004/vision/251-0.023583173751831055.jpg,"smooth, reflective, hard, cool, textured",crystal
hct/0-1705015667.837004/253-0.022119998931884766.jpg,hct,images/hct/data3/0-1705015667.837004/tactile/253-0.022119998931884766.jpg,images/hct/data3/0-1705015667.837004/vision/253-0.022119998931884766.jpg,"smooth, cool, hard, flat, glossy",crystal
hct/0-1705015667.837004/254-0.022248029708862305.jpg,hct,images/hct/data3/0-1705015667.837004/tactile/254-0.022248029708862305.jpg,images/hct/data3/0-1705015667.837004/vision/254-0.022248029708862305.jpg,"smooth, cool, hard, flat, matte",crystal
hct/0-1705015667.837004/256-0.021877050399780273.jpg,hct,images/hct/data3/0-1705015667.837004/tactile/256-0.021877050399780273.jpg,images/hct/data3/0-1705015667.837004/vision/256-0.021877050399780273.jpg,"smooth, cool, hard, glossy, rigid",crystal
hct/0-1705015667.837004/257-0.021862030029296875.jpg,hct,images/hct/data3/0-1705015667.837004/tactile/257-0.021862030029296875.jpg,images/hct/data3/0-1705015667.837004/vision/257-0.021862030029296875.jpg,"smooth, reflective, hard, cool, glossy",crystal
hct/0-1705015667.837004/262-0.022404909133911133.jpg,hct,images/hct/data3/0-1705015667.837004/tactile/262-0.022404909133911133.jpg,images/hct/data3/0-1705015667.837004/vision/262-0.022404909133911133.jpg,"smooth, reflective, hard, cool, glossy",crystal
hct/0-1705015667.837004/263-0.022233247756958008.jpg,hct,images/hct/data3/0-1705015667.837004/tactile/263-0.022233247756958008.jpg,images/hct/data3/0-1705015667.837004/vision/263-0.022233247756958008.jpg,"smooth, cool, hard, glossy, flat",crystal
hct/0-1705015667.837004/267-0.022706031799316406.jpg,hct,images/hct/data3/0-1705015667.837004/tactile/267-0.022706031799316406.jpg,images/hct/data3/0-1705015667.837004/vision/267-0.022706031799316406.jpg,"smooth, hard, cool, reflective, solid",crystal
hct/0-1705015667.837004/268-0.022383928298950195.jpg,hct,images/hct/data3/0-1705015667.837004/tactile/268-0.022383928298950195.jpg,images/hct/data3/0-1705015667.837004/vision/268-0.022383928298950195.jpg,"smooth, reflective, hard, cool, glossy",crystal
hct/0-1705015667.837004/273-0.022120952606201172.jpg,hct,images/hct/data3/0-1705015667.837004/tactile/273-0.022120952606201172.jpg,images/hct/data3/0-1705015667.837004/vision/273-0.022120952606201172.jpg,"smooth, cool, hard, glossy, rigid",crystal
hct/0-1705015667.837004/278-0.022509098052978516.jpg,hct,images/hct/data3/0-1705015667.837004/tactile/278-0.022509098052978516.jpg,images/hct/data3/0-1705015667.837004/vision/278-0.022509098052978516.jpg,"smooth, cool, rigid, glossy, sleek",crystal
hct/0-1705015667.837004/283-0.022050142288208008.jpg,hct,images/hct/data3/0-1705015667.837004/tactile/283-0.022050142288208008.jpg,images/hct/data3/0-1705015667.837004/vision/283-0.022050142288208008.jpg,"smooth, hard, cool, reflective, flat",crystal
hct/0-1705015667.837004/284-0.0219879150390625.jpg,hct,images/hct/data3/0-1705015667.837004/tactile/284-0.0219879150390625.jpg,images/hct/data3/0-1705015667.837004/vision/284-0.0219879150390625.jpg,"smooth, hard, cool, glossy, rigid",crystal
hct/0-1705015667.837004/285-0.02286505699157715.jpg,hct,images/hct/data3/0-1705015667.837004/tactile/285-0.02286505699157715.jpg,images/hct/data3/0-1705015667.837004/vision/285-0.02286505699157715.jpg,"smooth, cool, hard, glossy, rigid",crystal
hct/0-1705015667.837004/286-0.02308511734008789.jpg,hct,images/hct/data3/0-1705015667.837004/tactile/286-0.02308511734008789.jpg,images/hct/data3/0-1705015667.837004/vision/286-0.02308511734008789.jpg,"smooth, hard, cool, reflective, solid",crystal
hct/0-1705015667.837004/289-0.022024869918823242.jpg,hct,images/hct/data3/0-1705015667.837004/tactile/289-0.022024869918823242.jpg,images/hct/data3/0-1705015667.837004/vision/289-0.022024869918823242.jpg,"smooth, hard, cool, reflective, polished",crystal
hct/0-1705015667.837004/294-0.021162986755371094.jpg,hct,images/hct/data3/0-1705015667.837004/tactile/294-0.021162986755371094.jpg,images/hct/data3/0-1705015667.837004/vision/294-0.021162986755371094.jpg,"smooth, hard, cool, reflective, solid",crystal
hct/0-1705015667.837004/295-0.021508216857910156.jpg,hct,images/hct/data3/0-1705015667.837004/tactile/295-0.021508216857910156.jpg,images/hct/data3/0-1705015667.837004/vision/295-0.021508216857910156.jpg,"smooth, hard, cool, glossy, rigid",crystal
hct/0-1705015667.837004/300-0.02257823944091797.jpg,hct,images/hct/data3/0-1705015667.837004/tactile/300-0.02257823944091797.jpg,images/hct/data3/0-1705015667.837004/vision/300-0.02257823944091797.jpg,"smooth, hard, cool, reflective, solid",crystal
hct/0-1705015667.837004/308-0.021862030029296875.jpg,hct,images/hct/data3/0-1705015667.837004/tactile/308-0.021862030029296875.jpg,images/hct/data3/0-1705015667.837004/vision/308-0.021862030029296875.jpg,"smooth, hard, cool, reflective, solid",crystal
hct/0-1705015667.837004/319-0.02195572853088379.jpg,hct,images/hct/data3/0-1705015667.837004/tactile/319-0.02195572853088379.jpg,images/hct/data3/0-1705015667.837004/vision/319-0.02195572853088379.jpg,"smooth, cool, hard, sleek, flat",crystal
hct/0-1705015667.837004/325-0.021441936492919922.jpg,hct,images/hct/data3/0-1705015667.837004/tactile/325-0.021441936492919922.jpg,images/hct/data3/0-1705015667.837004/vision/325-0.021441936492919922.jpg,"smooth, flat, hard, cool, matte",crystal
hct/0-1705015667.837004/330-0.0217897891998291.jpg,hct,images/hct/data3/0-1705015667.837004/tactile/330-0.0217897891998291.jpg,images/hct/data3/0-1705015667.837004/vision/330-0.0217897891998291.jpg,"smooth, solid, cool, matte, flat",crystal
hct/0-1705117110.7262452/154-0.020834922790527344.jpg,hct,images/hct/data3/0-1705117110.7262452/tactile/154-0.020834922790527344.jpg,images/hct/data3/0-1705117110.7262452/vision/154-0.020834922790527344.jpg,"soft, plush, textured, cushioned, uneven",glass
hct/0-1705117110.7262452/159-0.021884918212890625.jpg,hct,images/hct/data3/0-1705117110.7262452/tactile/159-0.021884918212890625.jpg,images/hct/data3/0-1705117110.7262452/vision/159-0.021884918212890625.jpg,"soft, uneven, fibrous",glass
hct/0-1705117110.7262452/164-0.02222275733947754.jpg,hct,images/hct/data3/0-1705117110.7262452/tactile/164-0.02222275733947754.jpg,images/hct/data3/0-1705117110.7262452/vision/164-0.02222275733947754.jpg,"textured, soft, plush, fibrous, cushioned",glass
hct/0-1705117110.7262452/170-0.02074885368347168.jpg,hct,images/hct/data3/0-1705117110.7262452/tactile/170-0.02074885368347168.jpg,images/hct/data3/0-1705117110.7262452/vision/170-0.02074885368347168.jpg,"soft, plush, textured, cushioned, fibrous",glass
hct/0-1705117110.7262452/171-0.022995948791503906.jpg,hct,images/hct/data3/0-1705117110.7262452/tactile/171-0.022995948791503906.jpg,images/hct/data3/0-1705117110.7262452/vision/171-0.022995948791503906.jpg,"cushioned, plush, fibrous",glass
hct/0-1705117110.7262452/173-0.021901845932006836.jpg,hct,images/hct/data3/0-1705117110.7262452/tactile/173-0.021901845932006836.jpg,images/hct/data3/0-1705117110.7262452/vision/173-0.021901845932006836.jpg,"soft, textured, fibrous, plush",glass
hct/0-1705117110.7262452/174-0.020477294921875.jpg,hct,images/hct/data3/0-1705117110.7262452/tactile/174-0.020477294921875.jpg,images/hct/data3/0-1705117110.7262452/vision/174-0.020477294921875.jpg,"uneven, cushioned, plush",glass
hct/0-1705117110.7262452/175-0.02338886260986328.jpg,hct,images/hct/data3/0-1705117110.7262452/tactile/175-0.02338886260986328.jpg,images/hct/data3/0-1705117110.7262452/vision/175-0.02338886260986328.jpg,"soft, uneven, fibrous, plush",glass
hct/0-1705117110.7262452/176-0.02119588851928711.jpg,hct,images/hct/data3/0-1705117110.7262452/tactile/176-0.02119588851928711.jpg,images/hct/data3/0-1705117110.7262452/vision/176-0.02119588851928711.jpg,"cushioned, uneven, textured",glass
hct/0-1705117110.7262452/181-0.021867990493774414.jpg,hct,images/hct/data3/0-1705117110.7262452/tactile/181-0.021867990493774414.jpg,images/hct/data3/0-1705117110.7262452/vision/181-0.021867990493774414.jpg,"soft, textured, plush, cushioned, fibrous",glass
hct/0-1705117110.7262452/185-0.021929025650024414.jpg,hct,images/hct/data3/0-1705117110.7262452/tactile/185-0.021929025650024414.jpg,images/hct/data3/0-1705117110.7262452/vision/185-0.021929025650024414.jpg,"cushioned, textured, fibrous",glass
hct/0-1705117147.49247/169-0.02094292640686035.jpg,hct,images/hct/data3/0-1705117147.49247/tactile/169-0.02094292640686035.jpg,images/hct/data3/0-1705117147.49247/vision/169-0.02094292640686035.jpg,"soft, cushioned, plush, textured, cushioned.",glass
hct/0-1705117147.49247/177-0.02167510986328125.jpg,hct,images/hct/data3/0-1705117147.49247/tactile/177-0.02167510986328125.jpg,images/hct/data3/0-1705117147.49247/vision/177-0.02167510986328125.jpg,"soft, cushioned., plush, fibrous",glass
hct/0-1705117147.49247/178-0.02225494384765625.jpg,hct,images/hct/data3/0-1705117147.49247/tactile/178-0.02225494384765625.jpg,images/hct/data3/0-1705117147.49247/vision/178-0.02225494384765625.jpg,"fibrous, textured, cushioned",glass
hct/0-1705117147.49247/179-0.021876096725463867.jpg,hct,images/hct/data3/0-1705117147.49247/tactile/179-0.021876096725463867.jpg,images/hct/data3/0-1705117147.49247/vision/179-0.021876096725463867.jpg,"fibrous, plush, cushioned., cushioned, soft",glass
hct/0-1705117147.49247/182-0.021892786026000977.jpg,hct,images/hct/data3/0-1705117147.49247/tactile/182-0.021892786026000977.jpg,images/hct/data3/0-1705117147.49247/vision/182-0.021892786026000977.jpg,"textured, soft, plush, fibrous, cushioned.",glass
hct/0-1705117147.49247/183-0.022256135940551758.jpg,hct,images/hct/data3/0-1705117147.49247/tactile/183-0.022256135940551758.jpg,images/hct/data3/0-1705117147.49247/vision/183-0.022256135940551758.jpg,"fibrous, textured, soft",glass
hct/0-1705117147.49247/184-0.022281885147094727.jpg,hct,images/hct/data3/0-1705117147.49247/tactile/184-0.022281885147094727.jpg,images/hct/data3/0-1705117147.49247/vision/184-0.022281885147094727.jpg,"textured, cushioned, plush, cushioned.",glass
hct/0-1705117147.49247/185-0.021732330322265625.jpg,hct,images/hct/data3/0-1705117147.49247/tactile/185-0.021732330322265625.jpg,images/hct/data3/0-1705117147.49247/vision/185-0.021732330322265625.jpg,"plush, soft, cushioned., fibrous, cushioned",glass
hct/0-1705117147.49247/187-0.021664142608642578.jpg,hct,images/hct/data3/0-1705117147.49247/tactile/187-0.021664142608642578.jpg,images/hct/data3/0-1705117147.49247/vision/187-0.021664142608642578.jpg,"plush, textured, fibrous",glass
hct/0-1705117147.49247/188-0.022073984146118164.jpg,hct,images/hct/data3/0-1705117147.49247/tactile/188-0.022073984146118164.jpg,images/hct/data3/0-1705117147.49247/vision/188-0.022073984146118164.jpg,"soft, plush, textured, fibrous, cushioned",glass
hct/0-1705117147.49247/190-0.022033214569091797.jpg,hct,images/hct/data3/0-1705117147.49247/tactile/190-0.022033214569091797.jpg,images/hct/data3/0-1705117147.49247/vision/190-0.022033214569091797.jpg,"cushioned., fibrous, cushioned, soft",glass
hct/0-1705117147.49247/191-0.021117210388183594.jpg,hct,images/hct/data3/0-1705117147.49247/tactile/191-0.021117210388183594.jpg,images/hct/data3/0-1705117147.49247/vision/191-0.021117210388183594.jpg,"fibrous, cushioned, soft",glass
hct/0-1705117147.49247/194-0.02127814292907715.jpg,hct,images/hct/data3/0-1705117147.49247/tactile/194-0.02127814292907715.jpg,images/hct/data3/0-1705117147.49247/vision/194-0.02127814292907715.jpg,"soft, textured, plush, fibrous, cushioned",glass
hct/0-1705117147.49247/195-0.022223949432373047.jpg,hct,images/hct/data3/0-1705117147.49247/tactile/195-0.022223949432373047.jpg,images/hct/data3/0-1705117147.49247/vision/195-0.022223949432373047.jpg,"textured, soft, plush, fibrous, cushioned.",glass
hct/0-1705117147.49247/196-0.020751237869262695.jpg,hct,images/hct/data3/0-1705117147.49247/tactile/196-0.020751237869262695.jpg,images/hct/data3/0-1705117147.49247/vision/196-0.020751237869262695.jpg,"cushioned., textured, cushioned, plush",glass
hct/0-1705117147.49247/197-0.02188587188720703.jpg,hct,images/hct/data3/0-1705117147.49247/tactile/197-0.02188587188720703.jpg,images/hct/data3/0-1705117147.49247/vision/197-0.02188587188720703.jpg,"soft, plush, cushioned., fibrous",glass
hct/0-1705117147.49247/201-0.021677017211914062.jpg,hct,images/hct/data3/0-1705117147.49247/tactile/201-0.021677017211914062.jpg,images/hct/data3/0-1705117147.49247/vision/201-0.021677017211914062.jpg,"textured, soft, plush, fibrous, cushioned.",glass
hct/0-1705117147.49247/202-0.02152562141418457.jpg,hct,images/hct/data3/0-1705117147.49247/tactile/202-0.02152562141418457.jpg,images/hct/data3/0-1705117147.49247/vision/202-0.02152562141418457.jpg,"cushioned, fibrous, soft, plush, cushioned.",glass
hct/0-1705117147.49247/204-0.022017955780029297.jpg,hct,images/hct/data3/0-1705117147.49247/tactile/204-0.022017955780029297.jpg,images/hct/data3/0-1705117147.49247/vision/204-0.022017955780029297.jpg,"textured, plush, fibrous, cushioned",glass
hct/0-1705117348.914207/183-0.022008657455444336.jpg,hct,images/hct/data3/0-1705117348.914207/tactile/183-0.022008657455444336.jpg,images/hct/data3/0-1705117348.914207/vision/183-0.022008657455444336.jpg,"textured, cool, rigid, smooth, uneven",glass
hct/0-1705117348.914207/194-0.02163410186767578.jpg,hct,images/hct/data3/0-1705117348.914207/tactile/194-0.02163410186767578.jpg,images/hct/data3/0-1705117348.914207/vision/194-0.02163410186767578.jpg,"uneven, rigid, smooth, hard, textured",glass
hct/0-1705117348.914207/199-0.020817995071411133.jpg,hct,images/hct/data3/0-1705117348.914207/tactile/199-0.020817995071411133.jpg,images/hct/data3/0-1705117348.914207/vision/199-0.020817995071411133.jpg,"smooth, cool, hard, textured, glossy",glass
hct/0-1705117348.914207/206-0.01967310905456543.jpg,hct,images/hct/data3/0-1705117348.914207/tactile/206-0.01967310905456543.jpg,images/hct/data3/0-1705117348.914207/vision/206-0.01967310905456543.jpg,"rigid, smooth, uneven, textured",glass
hct/0-1705117348.914207/210-0.02300715446472168.jpg,hct,images/hct/data3/0-1705117348.914207/tactile/210-0.02300715446472168.jpg,images/hct/data3/0-1705117348.914207/vision/210-0.02300715446472168.jpg,"hard, glossy, rigid, uneven, smooth",glass
hct/0-1705117348.914207/216-0.021147966384887695.jpg,hct,images/hct/data3/0-1705117348.914207/tactile/216-0.021147966384887695.jpg,images/hct/data3/0-1705117348.914207/vision/216-0.021147966384887695.jpg,"uneven, hard, smooth",glass
hct/0-1705117348.914207/226-0.020982742309570312.jpg,hct,images/hct/data3/0-1705117348.914207/tactile/226-0.020982742309570312.jpg,images/hct/data3/0-1705117348.914207/vision/226-0.020982742309570312.jpg,"smooth, cool, textured, hard, glossy",glass
hct/0-1705341659.336344/207-0.021274089813232422.jpg,hct,images/hct/data3/0-1705341659.336344/tactile/207-0.021274089813232422.jpg,images/hct/data3/0-1705341659.336344/vision/207-0.021274089813232422.jpg,"glossy, smooth, reflective, hard",creamic
hct/0-1705341659.336344/208-0.021648883819580078.jpg,hct,images/hct/data3/0-1705341659.336344/tactile/208-0.021648883819580078.jpg,images/hct/data3/0-1705341659.336344/vision/208-0.021648883819580078.jpg,"smooth, reflective, hard, cool, sleek",creamic
hct/0-1705341659.336344/209-0.022131919860839844.jpg,hct,images/hct/data3/0-1705341659.336344/tactile/209-0.022131919860839844.jpg,images/hct/data3/0-1705341659.336344/vision/209-0.022131919860839844.jpg,"reflective, hard, smooth, sleek",creamic
hct/0-1705341659.336344/210-0.02201104164123535.jpg,hct,images/hct/data3/0-1705341659.336344/tactile/210-0.02201104164123535.jpg,images/hct/data3/0-1705341659.336344/vision/210-0.02201104164123535.jpg,"cool, hard, reflective, glossy, smooth",creamic
hct/0-1705341659.336344/211-0.02149677276611328.jpg,hct,images/hct/data3/0-1705341659.336344/tactile/211-0.02149677276611328.jpg,images/hct/data3/0-1705341659.336344/vision/211-0.02149677276611328.jpg,"smooth, reflective, hard, cool, glossy",creamic
hct/0-1705341659.336344/212-0.02255105972290039.jpg,hct,images/hct/data3/0-1705341659.336344/tactile/212-0.02255105972290039.jpg,images/hct/data3/0-1705341659.336344/vision/212-0.02255105972290039.jpg,"glossy, sleek, hard",creamic
hct/0-1705341659.336344/213-0.02227783203125.jpg,hct,images/hct/data3/0-1705341659.336344/tactile/213-0.02227783203125.jpg,images/hct/data3/0-1705341659.336344/vision/213-0.02227783203125.jpg,"hard, glossy, sleek",creamic
hct/0-1705341659.336344/214-0.02193307876586914.jpg,hct,images/hct/data3/0-1705341659.336344/tactile/214-0.02193307876586914.jpg,images/hct/data3/0-1705341659.336344/vision/214-0.02193307876586914.jpg,"sleek, cool, hard, reflective, glossy",creamic
hct/0-1705341659.336344/215-0.021559953689575195.jpg,hct,images/hct/data3/0-1705341659.336344/tactile/215-0.021559953689575195.jpg,images/hct/data3/0-1705341659.336344/vision/215-0.021559953689575195.jpg,"smooth, reflective, hard, cool, glossy",creamic
hct/0-1705341659.336344/216-0.0208282470703125.jpg,hct,images/hct/data3/0-1705341659.336344/tactile/216-0.0208282470703125.jpg,images/hct/data3/0-1705341659.336344/vision/216-0.0208282470703125.jpg,"smooth, hard, reflective, sleek, glossy",creamic
hct/0-1705341659.336344/217-0.02064800262451172.jpg,hct,images/hct/data3/0-1705341659.336344/tactile/217-0.02064800262451172.jpg,images/hct/data3/0-1705341659.336344/vision/217-0.02064800262451172.jpg,"glossy, cool, hard",creamic
hct/0-1705341659.336344/218-0.02144622802734375.jpg,hct,images/hct/data3/0-1705341659.336344/tactile/218-0.02144622802734375.jpg,images/hct/data3/0-1705341659.336344/vision/218-0.02144622802734375.jpg,"smooth, reflective, hard, cool, glossy",creamic
hct/0-1705341659.336344/219-0.021636962890625.jpg,hct,images/hct/data3/0-1705341659.336344/tactile/219-0.021636962890625.jpg,images/hct/data3/0-1705341659.336344/vision/219-0.021636962890625.jpg,"smooth, glossy, cool, reflective, sleek",creamic
hct/0-1705341659.336344/220-0.021469831466674805.jpg,hct,images/hct/data3/0-1705341659.336344/tactile/220-0.021469831466674805.jpg,images/hct/data3/0-1705341659.336344/vision/220-0.021469831466674805.jpg,"cool, smooth, hard",creamic
hct/0-1705341659.336344/221-0.02241802215576172.jpg,hct,images/hct/data3/0-1705341659.336344/tactile/221-0.02241802215576172.jpg,images/hct/data3/0-1705341659.336344/vision/221-0.02241802215576172.jpg,"reflective, hard, smooth",creamic
hct/0-1705341659.336344/222-0.021431922912597656.jpg,hct,images/hct/data3/0-1705341659.336344/tactile/222-0.021431922912597656.jpg,images/hct/data3/0-1705341659.336344/vision/222-0.021431922912597656.jpg,"hard, cool, sleek, smooth, glossy",creamic
hct/0-1705341659.336344/223-0.020885944366455078.jpg,hct,images/hct/data3/0-1705341659.336344/tactile/223-0.020885944366455078.jpg,images/hct/data3/0-1705341659.336344/vision/223-0.020885944366455078.jpg,"smooth, glossy, reflective, hard, sleek",creamic
hct/0-1705341659.336344/224-0.022098064422607422.jpg,hct,images/hct/data3/0-1705341659.336344/tactile/224-0.022098064422607422.jpg,images/hct/data3/0-1705341659.336344/vision/224-0.022098064422607422.jpg,"sleek, cool, reflective",creamic
hct/0-1705341659.336344/225-0.021649837493896484.jpg,hct,images/hct/data3/0-1705341659.336344/tactile/225-0.021649837493896484.jpg,images/hct/data3/0-1705341659.336344/vision/225-0.021649837493896484.jpg,"reflective, cool, glossy",creamic
hct/0-1705341659.336344/226-0.02192521095275879.jpg,hct,images/hct/data3/0-1705341659.336344/tactile/226-0.02192521095275879.jpg,images/hct/data3/0-1705341659.336344/vision/226-0.02192521095275879.jpg,"hard, glossy, cool",creamic
hct/0-1705341659.336344/227-0.022181034088134766.jpg,hct,images/hct/data3/0-1705341659.336344/tactile/227-0.022181034088134766.jpg,images/hct/data3/0-1705341659.336344/vision/227-0.022181034088134766.jpg,"hard, smooth, glossy, cool, reflective",creamic
hct/0-1705341659.336344/228-0.02158212661743164.jpg,hct,images/hct/data3/0-1705341659.336344/tactile/228-0.02158212661743164.jpg,images/hct/data3/0-1705341659.336344/vision/228-0.02158212661743164.jpg,"glossy, hard, reflective, cool, smooth",creamic
hct/0-1705341659.336344/229-0.021589994430541992.jpg,hct,images/hct/data3/0-1705341659.336344/tactile/229-0.021589994430541992.jpg,images/hct/data3/0-1705341659.336344/vision/229-0.021589994430541992.jpg,"glossy, cool, sleek, reflective, hard",creamic
hct/0-1705341659.336344/230-0.022364139556884766.jpg,hct,images/hct/data3/0-1705341659.336344/tactile/230-0.022364139556884766.jpg,images/hct/data3/0-1705341659.336344/vision/230-0.022364139556884766.jpg,"cool, glossy, reflective",creamic
hct/0-1705341659.336344/231-0.02208399772644043.jpg,hct,images/hct/data3/0-1705341659.336344/tactile/231-0.02208399772644043.jpg,images/hct/data3/0-1705341659.336344/vision/231-0.02208399772644043.jpg,"glossy, smooth, reflective",creamic
hct/0-1705341659.336344/232-0.021550893783569336.jpg,hct,images/hct/data3/0-1705341659.336344/tactile/232-0.021550893783569336.jpg,images/hct/data3/0-1705341659.336344/vision/232-0.021550893783569336.jpg,"hard, smooth, cool",creamic
hct/0-1705341659.336344/233-0.022253751754760742.jpg,hct,images/hct/data3/0-1705341659.336344/tactile/233-0.022253751754760742.jpg,images/hct/data3/0-1705341659.336344/vision/233-0.022253751754760742.jpg,"smooth, reflective, hard, cool, sleek",creamic
hct/0-1705341659.336344/234-0.022051095962524414.jpg,hct,images/hct/data3/0-1705341659.336344/tactile/234-0.022051095962524414.jpg,images/hct/data3/0-1705341659.336344/vision/234-0.022051095962524414.jpg,"smooth, reflective, hard, glossy, sleek",creamic
hct/0-1705341659.336344/235-0.022199153900146484.jpg,hct,images/hct/data3/0-1705341659.336344/tactile/235-0.022199153900146484.jpg,images/hct/data3/0-1705341659.336344/vision/235-0.022199153900146484.jpg,"glossy, cool, sleek, hard",creamic
hct/0-1705341659.336344/236-0.020923852920532227.jpg,hct,images/hct/data3/0-1705341659.336344/tactile/236-0.020923852920532227.jpg,images/hct/data3/0-1705341659.336344/vision/236-0.020923852920532227.jpg,"smooth, cool, hard, reflective, sleek",creamic
hct/0-1705341659.336344/237-0.022238969802856445.jpg,hct,images/hct/data3/0-1705341659.336344/tactile/237-0.022238969802856445.jpg,images/hct/data3/0-1705341659.336344/vision/237-0.022238969802856445.jpg,"sleek, cool, glossy",creamic
hct/0-1705341659.336344/238-0.02174091339111328.jpg,hct,images/hct/data3/0-1705341659.336344/tactile/238-0.02174091339111328.jpg,images/hct/data3/0-1705341659.336344/vision/238-0.02174091339111328.jpg,"smooth, reflective, cool, glossy, sleek",creamic
hct/0-1705341659.336344/239-0.0209348201751709.jpg,hct,images/hct/data3/0-1705341659.336344/tactile/239-0.0209348201751709.jpg,images/hct/data3/0-1705341659.336344/vision/239-0.0209348201751709.jpg,"smooth, reflective, hard, cool, glossy",creamic
hct/0-1705341659.336344/240-0.022360801696777344.jpg,hct,images/hct/data3/0-1705341659.336344/tactile/240-0.022360801696777344.jpg,images/hct/data3/0-1705341659.336344/vision/240-0.022360801696777344.jpg,"smooth, reflective, hard, cool, glossy",creamic
hct/0-1705341659.336344/241-0.021907806396484375.jpg,hct,images/hct/data3/0-1705341659.336344/tactile/241-0.021907806396484375.jpg,images/hct/data3/0-1705341659.336344/vision/241-0.021907806396484375.jpg,"cool, smooth, sleek",creamic
hct/0-1705341659.336344/242-0.021462202072143555.jpg,hct,images/hct/data3/0-1705341659.336344/tactile/242-0.021462202072143555.jpg,images/hct/data3/0-1705341659.336344/vision/242-0.021462202072143555.jpg,"smooth, reflective, hard, cool, sleek",creamic
hct/0-1705341659.336344/243-0.022619962692260742.jpg,hct,images/hct/data3/0-1705341659.336344/tactile/243-0.022619962692260742.jpg,images/hct/data3/0-1705341659.336344/vision/243-0.022619962692260742.jpg,"smooth, reflective, hard, cool, glossy",creamic
hct/0-1705341659.336344/244-0.020933151245117188.jpg,hct,images/hct/data3/0-1705341659.336344/tactile/244-0.020933151245117188.jpg,images/hct/data3/0-1705341659.336344/vision/244-0.020933151245117188.jpg,"reflective, hard, glossy, smooth, sleek",creamic
hct/0-1705341659.336344/245-0.022014141082763672.jpg,hct,images/hct/data3/0-1705341659.336344/tactile/245-0.022014141082763672.jpg,images/hct/data3/0-1705341659.336344/vision/245-0.022014141082763672.jpg,"cool, reflective, smooth",creamic
hct/0-1705341659.336344/246-0.022001266479492188.jpg,hct,images/hct/data3/0-1705341659.336344/tactile/246-0.022001266479492188.jpg,images/hct/data3/0-1705341659.336344/vision/246-0.022001266479492188.jpg,"hard, glossy, sleek, smooth, reflective",creamic
hct/0-1705341659.336344/247-0.02052021026611328.jpg,hct,images/hct/data3/0-1705341659.336344/tactile/247-0.02052021026611328.jpg,images/hct/data3/0-1705341659.336344/vision/247-0.02052021026611328.jpg,"glossy, hard, reflective",creamic
hct/0-1705341659.336344/248-0.020989179611206055.jpg,hct,images/hct/data3/0-1705341659.336344/tactile/248-0.020989179611206055.jpg,images/hct/data3/0-1705341659.336344/vision/248-0.020989179611206055.jpg,"sleek, reflective, cool, hard, smooth",creamic
hct/0-1705341659.336344/249-0.0218508243560791.jpg,hct,images/hct/data3/0-1705341659.336344/tactile/249-0.0218508243560791.jpg,images/hct/data3/0-1705341659.336344/vision/249-0.0218508243560791.jpg,"cool, glossy, smooth, hard, sleek",creamic
hct/0-1705341659.336344/250-0.021381139755249023.jpg,hct,images/hct/data3/0-1705341659.336344/tactile/250-0.021381139755249023.jpg,images/hct/data3/0-1705341659.336344/vision/250-0.021381139755249023.jpg,"smooth, reflective, hard, cool, glossy",creamic
hct/0-1705341659.336344/251-0.02089405059814453.jpg,hct,images/hct/data3/0-1705341659.336344/tactile/251-0.02089405059814453.jpg,images/hct/data3/0-1705341659.336344/vision/251-0.02089405059814453.jpg,"smooth, cool, sleek, hard",creamic
hct/0-1705341659.336344/252-0.021553754806518555.jpg,hct,images/hct/data3/0-1705341659.336344/tactile/252-0.021553754806518555.jpg,images/hct/data3/0-1705341659.336344/vision/252-0.021553754806518555.jpg,"smooth, reflective, hard, cool, glossy",creamic
hct/0-1705341659.336344/253-0.021511316299438477.jpg,hct,images/hct/data3/0-1705341659.336344/tactile/253-0.021511316299438477.jpg,images/hct/data3/0-1705341659.336344/vision/253-0.021511316299438477.jpg,"hard, cool, sleek, reflective, smooth",creamic
hct/0-1705341659.336344/254-0.02231121063232422.jpg,hct,images/hct/data3/0-1705341659.336344/tactile/254-0.02231121063232422.jpg,images/hct/data3/0-1705341659.336344/vision/254-0.02231121063232422.jpg,"smooth, reflective, hard, cool, glossy",creamic
hct/0-1705341659.336344/255-0.022244930267333984.jpg,hct,images/hct/data3/0-1705341659.336344/tactile/255-0.022244930267333984.jpg,images/hct/data3/0-1705341659.336344/vision/255-0.022244930267333984.jpg,"glossy, hard, smooth, cool",creamic
hct/0-1705341659.336344/256-0.0217132568359375.jpg,hct,images/hct/data3/0-1705341659.336344/tactile/256-0.0217132568359375.jpg,images/hct/data3/0-1705341659.336344/vision/256-0.0217132568359375.jpg,"reflective, sleek, hard, cool, glossy",creamic
hct/0-1705341659.336344/257-0.021398067474365234.jpg,hct,images/hct/data3/0-1705341659.336344/tactile/257-0.021398067474365234.jpg,images/hct/data3/0-1705341659.336344/vision/257-0.021398067474365234.jpg,"smooth, reflective, hard, sleek",creamic
hct/0-1705341659.336344/259-0.021603107452392578.jpg,hct,images/hct/data3/0-1705341659.336344/tactile/259-0.021603107452392578.jpg,images/hct/data3/0-1705341659.336344/vision/259-0.021603107452392578.jpg,"smooth, glossy, hard, cool, sleek",creamic
hct/0-1705341659.336344/260-0.022338151931762695.jpg,hct,images/hct/data3/0-1705341659.336344/tactile/260-0.022338151931762695.jpg,images/hct/data3/0-1705341659.336344/vision/260-0.022338151931762695.jpg,"reflective, sleek, smooth, hard, cool",creamic
hct/0-1705341659.336344/261-0.021183013916015625.jpg,hct,images/hct/data3/0-1705341659.336344/tactile/261-0.021183013916015625.jpg,images/hct/data3/0-1705341659.336344/vision/261-0.021183013916015625.jpg,"sleek, cool, smooth",creamic
hct/0-1705341695.523984/137-0.0212249755859375.jpg,hct,images/hct/data3/0-1705341695.523984/tactile/137-0.0212249755859375.jpg,images/hct/data3/0-1705341695.523984/vision/137-0.0212249755859375.jpg,"smooth, reflective, hard, cool, glossy",creamic
hct/0-1705341695.523984/141-0.02089715003967285.jpg,hct,images/hct/data3/0-1705341695.523984/tactile/141-0.02089715003967285.jpg,images/hct/data3/0-1705341695.523984/vision/141-0.02089715003967285.jpg,"hard, reflective, cool, smooth, curved",creamic
hct/0-1705341695.523984/142-0.021706104278564453.jpg,hct,images/hct/data3/0-1705341695.523984/tactile/142-0.021706104278564453.jpg,images/hct/data3/0-1705341695.523984/vision/142-0.021706104278564453.jpg,"smooth, reflective, hard, cool, glossy",creamic
hct/0-1705341695.523984/143-0.021273136138916016.jpg,hct,images/hct/data3/0-1705341695.523984/tactile/143-0.021273136138916016.jpg,images/hct/data3/0-1705341695.523984/vision/143-0.021273136138916016.jpg,"smooth, reflective, hard, curved, glossy",creamic
hct/0-1705341695.523984/145-0.022247791290283203.jpg,hct,images/hct/data3/0-1705341695.523984/tactile/145-0.022247791290283203.jpg,images/hct/data3/0-1705341695.523984/vision/145-0.022247791290283203.jpg,"smooth, reflective, hard, curved, glossy",creamic
hct/0-1705341695.523984/146-0.021146059036254883.jpg,hct,images/hct/data3/0-1705341695.523984/tactile/146-0.021146059036254883.jpg,images/hct/data3/0-1705341695.523984/vision/146-0.021146059036254883.jpg,"solid, curved, hard, cool",creamic
hct/0-1705341695.523984/147-0.021990060806274414.jpg,hct,images/hct/data3/0-1705341695.523984/tactile/147-0.021990060806274414.jpg,images/hct/data3/0-1705341695.523984/vision/147-0.021990060806274414.jpg,"cool, smooth, solid, glossy, hard",creamic
hct/0-1705341695.523984/148-0.021870136260986328.jpg,hct,images/hct/data3/0-1705341695.523984/tactile/148-0.021870136260986328.jpg,images/hct/data3/0-1705341695.523984/vision/148-0.021870136260986328.jpg,"smooth, reflective, hard, cool, glossy",creamic
hct/0-1705341695.523984/151-0.02139592170715332.jpg,hct,images/hct/data3/0-1705341695.523984/tactile/151-0.02139592170715332.jpg,images/hct/data3/0-1705341695.523984/vision/151-0.02139592170715332.jpg,"glossy, hard, cool, reflective",creamic
hct/0-1705341695.523984/152-0.021018028259277344.jpg,hct,images/hct/data3/0-1705341695.523984/tactile/152-0.021018028259277344.jpg,images/hct/data3/0-1705341695.523984/vision/152-0.021018028259277344.jpg,"smooth, reflective, curved, solid, glossy",creamic
hct/0-1705341695.523984/153-0.02166891098022461.jpg,hct,images/hct/data3/0-1705341695.523984/tactile/153-0.02166891098022461.jpg,images/hct/data3/0-1705341695.523984/vision/153-0.02166891098022461.jpg,"smooth, reflective, hard, cool, glossy",creamic
hct/0-1705341695.523984/154-0.02107691764831543.jpg,hct,images/hct/data3/0-1705341695.523984/tactile/154-0.02107691764831543.jpg,images/hct/data3/0-1705341695.523984/vision/154-0.02107691764831543.jpg,"smooth, reflective, hard, cool, glossy",creamic
hct/0-1705341695.523984/155-0.022135019302368164.jpg,hct,images/hct/data3/0-1705341695.523984/tactile/155-0.022135019302368164.jpg,images/hct/data3/0-1705341695.523984/vision/155-0.022135019302368164.jpg,"smooth, reflective, curved",creamic
hct/0-1705341695.523984/157-0.021377086639404297.jpg,hct,images/hct/data3/0-1705341695.523984/tactile/157-0.021377086639404297.jpg,images/hct/data3/0-1705341695.523984/vision/157-0.021377086639404297.jpg,"solid, cool, hard",creamic
hct/0-1705341695.523984/158-0.022025108337402344.jpg,hct,images/hct/data3/0-1705341695.523984/tactile/158-0.022025108337402344.jpg,images/hct/data3/0-1705341695.523984/vision/158-0.022025108337402344.jpg,"cool, hard, curved, solid",creamic
hct/0-1705341695.523984/159-0.021715164184570312.jpg,hct,images/hct/data3/0-1705341695.523984/tactile/159-0.021715164184570312.jpg,images/hct/data3/0-1705341695.523984/vision/159-0.021715164184570312.jpg,"smooth, glossy, hard, cool, reflective",creamic
hct/0-1705341695.523984/161-0.022385835647583008.jpg,hct,images/hct/data3/0-1705341695.523984/tactile/161-0.022385835647583008.jpg,images/hct/data3/0-1705341695.523984/vision/161-0.022385835647583008.jpg,"hard, glossy, curved, solid, reflective",creamic
hct/0-1705341695.523984/162-0.0223081111907959.jpg,hct,images/hct/data3/0-1705341695.523984/tactile/162-0.0223081111907959.jpg,images/hct/data3/0-1705341695.523984/vision/162-0.0223081111907959.jpg,"smooth, reflective, cool, curved, solid",creamic
hct/0-1705341695.523984/163-0.020966053009033203.jpg,hct,images/hct/data3/0-1705341695.523984/tactile/163-0.020966053009033203.jpg,images/hct/data3/0-1705341695.523984/vision/163-0.020966053009033203.jpg,"solid, curved, reflective, smooth",creamic
hct/0-1705341695.523984/164-0.022458791732788086.jpg,hct,images/hct/data3/0-1705341695.523984/tactile/164-0.022458791732788086.jpg,images/hct/data3/0-1705341695.523984/vision/164-0.022458791732788086.jpg,"cool, smooth, solid",creamic
hct/0-1705341695.523984/167-0.021146297454833984.jpg,hct,images/hct/data3/0-1705341695.523984/tactile/167-0.021146297454833984.jpg,images/hct/data3/0-1705341695.523984/vision/167-0.021146297454833984.jpg,"smooth, solid, glossy, cool",creamic
hct/0-1705341731.844644/116-0.021476030349731445.jpg,hct,images/hct/data3/0-1705341731.844644/tactile/116-0.021476030349731445.jpg,images/hct/data3/0-1705341731.844644/vision/116-0.021476030349731445.jpg,"hard, cool, smooth, rigid",creamic
hct/0-1705341731.844644/126-0.02224588394165039.jpg,hct,images/hct/data3/0-1705341731.844644/tactile/126-0.02224588394165039.jpg,images/hct/data3/0-1705341731.844644/vision/126-0.02224588394165039.jpg,"smooth, cool, hard, textured, matte",creamic
hct/0-1705341731.844644/127-0.02099323272705078.jpg,hct,images/hct/data3/0-1705341731.844644/tactile/127-0.02099323272705078.jpg,images/hct/data3/0-1705341731.844644/vision/127-0.02099323272705078.jpg,"smooth, cool, rigid, textured, matte",creamic
hct/0-1705341731.844644/128-0.021803617477416992.jpg,hct,images/hct/data3/0-1705341731.844644/tactile/128-0.021803617477416992.jpg,images/hct/data3/0-1705341731.844644/vision/128-0.021803617477416992.jpg,"cool, textured, rigid, matte, smooth",creamic
hct/0-1705341731.844644/131-0.02260303497314453.jpg,hct,images/hct/data3/0-1705341731.844644/tactile/131-0.02260303497314453.jpg,images/hct/data3/0-1705341731.844644/vision/131-0.02260303497314453.jpg,"rigid, hard, cool, matte",creamic
hct/0-1705341731.844644/132-0.022549152374267578.jpg,hct,images/hct/data3/0-1705341731.844644/tactile/132-0.022549152374267578.jpg,images/hct/data3/0-1705341731.844644/vision/132-0.022549152374267578.jpg,"matte, cool, hard, smooth",creamic
hct/0-1705341731.844644/133-0.0223388671875.jpg,hct,images/hct/data3/0-1705341731.844644/tactile/133-0.0223388671875.jpg,images/hct/data3/0-1705341731.844644/vision/133-0.0223388671875.jpg,"rigid, hard, cool",creamic
hct/0-1705341731.844644/136-0.02146601676940918.jpg,hct,images/hct/data3/0-1705341731.844644/tactile/136-0.02146601676940918.jpg,images/hct/data3/0-1705341731.844644/vision/136-0.02146601676940918.jpg,"smooth, cool, rigid, textured, matte",creamic
hct/0-1705341731.844644/137-0.0216829776763916.jpg,hct,images/hct/data3/0-1705341731.844644/tactile/137-0.0216829776763916.jpg,images/hct/data3/0-1705341731.844644/vision/137-0.0216829776763916.jpg,"rigid, smooth, textured, cool",creamic
hct/0-1705341731.844644/138-0.02134108543395996.jpg,hct,images/hct/data3/0-1705341731.844644/tactile/138-0.02134108543395996.jpg,images/hct/data3/0-1705341731.844644/vision/138-0.02134108543395996.jpg,"smooth, cool, rigid, textured, matte",creamic
hct/0-1705341731.844644/142-0.021225929260253906.jpg,hct,images/hct/data3/0-1705341731.844644/tactile/142-0.021225929260253906.jpg,images/hct/data3/0-1705341731.844644/vision/142-0.021225929260253906.jpg,"smooth, cool, rigid, textured, matte",creamic
hct/0-1705341731.844644/143-0.021435022354125977.jpg,hct,images/hct/data3/0-1705341731.844644/tactile/143-0.021435022354125977.jpg,images/hct/data3/0-1705341731.844644/vision/143-0.021435022354125977.jpg,"matte, cool, rigid, textured",creamic
hct/0-1705341731.844644/144-0.020807266235351562.jpg,hct,images/hct/data3/0-1705341731.844644/tactile/144-0.020807266235351562.jpg,images/hct/data3/0-1705341731.844644/vision/144-0.020807266235351562.jpg,"smooth, cool, rigid, textured, matte",creamic
hct/0-1705341731.844644/148-0.022496700286865234.jpg,hct,images/hct/data3/0-1705341731.844644/tactile/148-0.022496700286865234.jpg,images/hct/data3/0-1705341731.844644/vision/148-0.022496700286865234.jpg,"smooth, hard, textured",creamic
hct/0-1705341731.844644/149-0.02114105224609375.jpg,hct,images/hct/data3/0-1705341731.844644/tactile/149-0.02114105224609375.jpg,images/hct/data3/0-1705341731.844644/vision/149-0.02114105224609375.jpg,"smooth, cool, rigid, textured, matte",creamic
hct/0-1705341731.844644/154-0.020441055297851562.jpg,hct,images/hct/data3/0-1705341731.844644/tactile/154-0.020441055297851562.jpg,images/hct/data3/0-1705341731.844644/vision/154-0.020441055297851562.jpg,"smooth, rigid, matte, hard",creamic
hct/0-1705341754.9846342/126-0.022084951400756836.jpg,hct,images/hct/data3/0-1705341754.9846342/tactile/126-0.022084951400756836.jpg,images/hct/data3/0-1705341754.9846342/vision/126-0.022084951400756836.jpg,"reflective, glossy, matte, hard, smooth",creamic
hct/0-1705341754.9846342/130-0.0228269100189209.jpg,hct,images/hct/data3/0-1705341754.9846342/tactile/130-0.0228269100189209.jpg,images/hct/data3/0-1705341754.9846342/vision/130-0.0228269100189209.jpg,"flat, curved, cool, smooth, reflective",creamic
hct/0-1705341754.9846342/135-0.022535085678100586.jpg,hct,images/hct/data3/0-1705341754.9846342/tactile/135-0.022535085678100586.jpg,images/hct/data3/0-1705341754.9846342/vision/135-0.022535085678100586.jpg,"cool, matte, smooth, glossy",creamic
hct/0-1705341754.9846342/136-0.022082090377807617.jpg,hct,images/hct/data3/0-1705341754.9846342/tactile/136-0.022082090377807617.jpg,images/hct/data3/0-1705341754.9846342/vision/136-0.022082090377807617.jpg,"hard, curved, smooth, cool, reflective",creamic
hct/0-1705341754.9846342/145-0.022757291793823242.jpg,hct,images/hct/data3/0-1705341754.9846342/tactile/145-0.022757291793823242.jpg,images/hct/data3/0-1705341754.9846342/vision/145-0.022757291793823242.jpg,"matte, reflective, cool, glossy",creamic
hct/0-1705341754.9846342/146-0.021930932998657227.jpg,hct,images/hct/data3/0-1705341754.9846342/tactile/146-0.021930932998657227.jpg,images/hct/data3/0-1705341754.9846342/vision/146-0.021930932998657227.jpg,"smooth, reflective, hard, cool, glossy",creamic
hct/0-1705341754.9846342/150-0.02263808250427246.jpg,hct,images/hct/data3/0-1705341754.9846342/tactile/150-0.02263808250427246.jpg,images/hct/data3/0-1705341754.9846342/vision/150-0.02263808250427246.jpg,"matte, hard, reflective",creamic
hct/0-1705341754.9846342/151-0.021738052368164062.jpg,hct,images/hct/data3/0-1705341754.9846342/tactile/151-0.021738052368164062.jpg,images/hct/data3/0-1705341754.9846342/vision/151-0.021738052368164062.jpg,"smooth, reflective, hard, cool, glossy",creamic
hct/0-1705341754.9846342/156-0.0232541561126709.jpg,hct,images/hct/data3/0-1705341754.9846342/tactile/156-0.0232541561126709.jpg,images/hct/data3/0-1705341754.9846342/vision/156-0.0232541561126709.jpg,"smooth, hard, cool, flat, matte",creamic
hct/0-1705341754.9846342/157-0.02162790298461914.jpg,hct,images/hct/data3/0-1705341754.9846342/tactile/157-0.02162790298461914.jpg,images/hct/data3/0-1705341754.9846342/vision/157-0.02162790298461914.jpg,"cool, glossy, flat, smooth, matte",creamic
hct/0-1705341754.9846342/160-0.022676944732666016.jpg,hct,images/hct/data3/0-1705341754.9846342/tactile/160-0.022676944732666016.jpg,images/hct/data3/0-1705341754.9846342/vision/160-0.022676944732666016.jpg,"smooth, reflective, hard, cool, glossy",creamic
hct/0-1705341754.9846342/162-0.023651123046875.jpg,hct,images/hct/data3/0-1705341754.9846342/tactile/162-0.023651123046875.jpg,images/hct/data3/0-1705341754.9846342/vision/162-0.023651123046875.jpg,"hard, reflective, smooth, matte, flat",creamic
hct/0-1705341754.9846342/167-0.022459745407104492.jpg,hct,images/hct/data3/0-1705341754.9846342/tactile/167-0.022459745407104492.jpg,images/hct/data3/0-1705341754.9846342/vision/167-0.022459745407104492.jpg,"cool, glossy, flat, hard, curved",creamic
hct/0-1705341754.9846342/168-0.021335840225219727.jpg,hct,images/hct/data3/0-1705341754.9846342/tactile/168-0.021335840225219727.jpg,images/hct/data3/0-1705341754.9846342/vision/168-0.021335840225219727.jpg,"glossy, cool, hard, curved, flat",creamic
hct/0-1705341754.9846342/169-0.02217388153076172.jpg,hct,images/hct/data3/0-1705341754.9846342/tactile/169-0.02217388153076172.jpg,images/hct/data3/0-1705341754.9846342/vision/169-0.02217388153076172.jpg,"hard, glossy, flat, smooth",creamic
hct/0-1705341754.9846342/173-0.02244281768798828.jpg,hct,images/hct/data3/0-1705341754.9846342/tactile/173-0.02244281768798828.jpg,images/hct/data3/0-1705341754.9846342/vision/173-0.02244281768798828.jpg,"smooth, cool, hard, glossy, flat",creamic
hct/0-1705341754.9846342/174-0.022179841995239258.jpg,hct,images/hct/data3/0-1705341754.9846342/tactile/174-0.022179841995239258.jpg,images/hct/data3/0-1705341754.9846342/vision/174-0.022179841995239258.jpg,"smooth, glossy, hard, curved",creamic
hct/0-1705341754.9846342/178-0.022451162338256836.jpg,hct,images/hct/data3/0-1705341754.9846342/tactile/178-0.022451162338256836.jpg,images/hct/data3/0-1705341754.9846342/vision/178-0.022451162338256836.jpg,"cool, smooth, matte",creamic
hct/0-1705341754.9846342/179-0.02260875701904297.jpg,hct,images/hct/data3/0-1705341754.9846342/tactile/179-0.02260875701904297.jpg,images/hct/data3/0-1705341754.9846342/vision/179-0.02260875701904297.jpg,"matte, smooth, reflective, flat",creamic
hct/0-1705341754.9846342/183-0.02125096321105957.jpg,hct,images/hct/data3/0-1705341754.9846342/tactile/183-0.02125096321105957.jpg,images/hct/data3/0-1705341754.9846342/vision/183-0.02125096321105957.jpg,"flat, smooth, reflective, cool",creamic
hct/0-1705341754.9846342/184-0.022960186004638672.jpg,hct,images/hct/data3/0-1705341754.9846342/tactile/184-0.022960186004638672.jpg,images/hct/data3/0-1705341754.9846342/vision/184-0.022960186004638672.jpg,"hard, glossy, matte, reflective, smooth",creamic
hct/0-1705341754.9846342/187-0.021384239196777344.jpg,hct,images/hct/data3/0-1705341754.9846342/tactile/187-0.021384239196777344.jpg,images/hct/data3/0-1705341754.9846342/vision/187-0.021384239196777344.jpg,"smooth, matte, glossy",creamic
hct/0-1705341754.9846342/189-0.023370981216430664.jpg,hct,images/hct/data3/0-1705341754.9846342/tactile/189-0.023370981216430664.jpg,images/hct/data3/0-1705341754.9846342/vision/189-0.023370981216430664.jpg,"flat, curved, cool, smooth, hard",creamic
hct/0-1705341754.9846342/190-0.020912885665893555.jpg,hct,images/hct/data3/0-1705341754.9846342/tactile/190-0.020912885665893555.jpg,images/hct/data3/0-1705341754.9846342/vision/190-0.020912885665893555.jpg,"reflective, matte, hard, flat, cool",creamic
hct/0-1705341754.9846342/194-0.022935867309570312.jpg,hct,images/hct/data3/0-1705341754.9846342/tactile/194-0.022935867309570312.jpg,images/hct/data3/0-1705341754.9846342/vision/194-0.022935867309570312.jpg,"smooth, curved, reflective, hard",creamic
hct/0-1705341754.9846342/197-0.022160053253173828.jpg,hct,images/hct/data3/0-1705341754.9846342/tactile/197-0.022160053253173828.jpg,images/hct/data3/0-1705341754.9846342/vision/197-0.022160053253173828.jpg,"cool, reflective, curved",creamic
hct/0-1705341754.9846342/199-0.022296667098999023.jpg,hct,images/hct/data3/0-1705341754.9846342/tactile/199-0.022296667098999023.jpg,images/hct/data3/0-1705341754.9846342/vision/199-0.022296667098999023.jpg,"cool, smooth, reflective, glossy",creamic
hct/0-1705341754.9846342/200-0.021101951599121094.jpg,hct,images/hct/data3/0-1705341754.9846342/tactile/200-0.021101951599121094.jpg,images/hct/data3/0-1705341754.9846342/vision/200-0.021101951599121094.jpg,"hard, glossy, cool, flat, curved",creamic
hct/0-1705341754.9846342/203-0.022164106369018555.jpg,hct,images/hct/data3/0-1705341754.9846342/tactile/203-0.022164106369018555.jpg,images/hct/data3/0-1705341754.9846342/vision/203-0.022164106369018555.jpg,"cool, matte, smooth, hard",creamic
hct/0-1705341754.9846342/205-0.02221393585205078.jpg,hct,images/hct/data3/0-1705341754.9846342/tactile/205-0.02221393585205078.jpg,images/hct/data3/0-1705341754.9846342/vision/205-0.02221393585205078.jpg,"smooth, glossy, matte",creamic
hct/0-1705341754.9846342/210-0.022397279739379883.jpg,hct,images/hct/data3/0-1705341754.9846342/tactile/210-0.022397279739379883.jpg,images/hct/data3/0-1705341754.9846342/vision/210-0.022397279739379883.jpg,"matte, glossy, hard",creamic
hct/0-1705341754.9846342/211-0.021686077117919922.jpg,hct,images/hct/data3/0-1705341754.9846342/tactile/211-0.021686077117919922.jpg,images/hct/data3/0-1705341754.9846342/vision/211-0.021686077117919922.jpg,"smooth, reflective, hard, cool, flat",creamic
hct/0-1705341754.9846342/215-0.023144006729125977.jpg,hct,images/hct/data3/0-1705341754.9846342/tactile/215-0.023144006729125977.jpg,images/hct/data3/0-1705341754.9846342/vision/215-0.023144006729125977.jpg,"matte, glossy, hard",creamic
hct/0-1705341754.9846342/221-0.021516799926757812.jpg,hct,images/hct/data3/0-1705341754.9846342/tactile/221-0.021516799926757812.jpg,images/hct/data3/0-1705341754.9846342/vision/221-0.021516799926757812.jpg,"matte, smooth, reflective, curved, cool",creamic
hct/0-1705341754.9846342/238-0.022290945053100586.jpg,hct,images/hct/data3/0-1705341754.9846342/tactile/238-0.022290945053100586.jpg,images/hct/data3/0-1705341754.9846342/vision/238-0.022290945053100586.jpg,"smooth, glossy, cool, curved",creamic
hct/1-1702598870.071496/100-0.02029895782470703.jpg,hct,images/hct/data2/1-1702598870.071496/tactile/100-0.02029895782470703.jpg,images/hct/data2/1-1702598870.071496/vision/100-0.02029895782470703.jpg,"cool, reflective, glossy, hard, smooth",cardboard
hct/1-1702598870.071496/101-0.020530223846435547.jpg,hct,images/hct/data2/1-1702598870.071496/tactile/101-0.020530223846435547.jpg,images/hct/data2/1-1702598870.071496/vision/101-0.020530223846435547.jpg,"glossy, sleek, hard, flat",cardboard
hct/1-1702598870.071496/102-0.02135181427001953.jpg,hct,images/hct/data2/1-1702598870.071496/tactile/102-0.02135181427001953.jpg,images/hct/data2/1-1702598870.071496/vision/102-0.02135181427001953.jpg,"glossy, cool, reflective, smooth",cardboard
hct/1-1702598870.071496/103-0.021118879318237305.jpg,hct,images/hct/data2/1-1702598870.071496/tactile/103-0.021118879318237305.jpg,images/hct/data2/1-1702598870.071496/vision/103-0.021118879318237305.jpg,"glossy, rigid, sleek, smooth",cardboard
hct/1-1702598870.071496/104-0.021589994430541992.jpg,hct,images/hct/data2/1-1702598870.071496/tactile/104-0.021589994430541992.jpg,images/hct/data2/1-1702598870.071496/vision/104-0.021589994430541992.jpg,"reflective, smooth, glossy",cardboard
hct/1-1702598870.071496/105-0.021225929260253906.jpg,hct,images/hct/data2/1-1702598870.071496/tactile/105-0.021225929260253906.jpg,images/hct/data2/1-1702598870.071496/vision/105-0.021225929260253906.jpg,"hard, sleek, glossy, smooth",cardboard
hct/1-1702598870.071496/106-0.021271944046020508.jpg,hct,images/hct/data2/1-1702598870.071496/tactile/106-0.021271944046020508.jpg,images/hct/data2/1-1702598870.071496/vision/106-0.021271944046020508.jpg,"cool, hard, reflective",cardboard
hct/1-1702598870.071496/107-0.020378828048706055.jpg,hct,images/hct/data2/1-1702598870.071496/tactile/107-0.020378828048706055.jpg,images/hct/data2/1-1702598870.071496/vision/107-0.020378828048706055.jpg,"hard, reflective, rigid, sleek",cardboard
hct/1-1702598870.071496/108-0.021525144577026367.jpg,hct,images/hct/data2/1-1702598870.071496/tactile/108-0.021525144577026367.jpg,images/hct/data2/1-1702598870.071496/vision/108-0.021525144577026367.jpg,"hard, flat, reflective, sleek, smooth",cardboard
hct/1-1702598870.071496/109-0.020998001098632812.jpg,hct,images/hct/data2/1-1702598870.071496/tactile/109-0.020998001098632812.jpg,images/hct/data2/1-1702598870.071496/vision/109-0.020998001098632812.jpg,"smooth, sleek, glossy",cardboard
hct/1-1702598870.071496/110-0.020879268646240234.jpg,hct,images/hct/data2/1-1702598870.071496/tactile/110-0.020879268646240234.jpg,images/hct/data2/1-1702598870.071496/vision/110-0.020879268646240234.jpg,"rigid, glossy, cool, reflective",cardboard
hct/1-1702598870.071496/111-0.020999908447265625.jpg,hct,images/hct/data2/1-1702598870.071496/tactile/111-0.020999908447265625.jpg,images/hct/data2/1-1702598870.071496/vision/111-0.020999908447265625.jpg,"rigid, hard, smooth, glossy, cool",cardboard
hct/1-1702598870.071496/21-0.011973142623901367.jpg,hct,images/hct/data2/1-1702598870.071496/tactile/21-0.011973142623901367.jpg,images/hct/data2/1-1702598870.071496/vision/21-0.011973142623901367.jpg,"flat, rigid, smooth",cardboard
hct/1-1702598870.071496/22-0.021255016326904297.jpg,hct,images/hct/data2/1-1702598870.071496/tactile/22-0.021255016326904297.jpg,images/hct/data2/1-1702598870.071496/vision/22-0.021255016326904297.jpg,"smooth, sleek, rigid, hard",cardboard
hct/1-1702598870.071496/23-0.02088761329650879.jpg,hct,images/hct/data2/1-1702598870.071496/tactile/23-0.02088761329650879.jpg,images/hct/data2/1-1702598870.071496/vision/23-0.02088761329650879.jpg,"hard, smooth, reflective, rigid, flat",cardboard
hct/1-1702598870.071496/24-0.021593809127807617.jpg,hct,images/hct/data2/1-1702598870.071496/tactile/24-0.021593809127807617.jpg,images/hct/data2/1-1702598870.071496/vision/24-0.021593809127807617.jpg,"cool, rigid, glossy",cardboard
hct/1-1702598870.071496/25-0.022282838821411133.jpg,hct,images/hct/data2/1-1702598870.071496/tactile/25-0.022282838821411133.jpg,images/hct/data2/1-1702598870.071496/vision/25-0.022282838821411133.jpg,"sleek, flat, reflective",cardboard
hct/1-1702598870.071496/26-0.021387815475463867.jpg,hct,images/hct/data2/1-1702598870.071496/tactile/26-0.021387815475463867.jpg,images/hct/data2/1-1702598870.071496/vision/26-0.021387815475463867.jpg,"cool, glossy, flat, sleek",cardboard
hct/1-1702598870.071496/27-0.021661996841430664.jpg,hct,images/hct/data2/1-1702598870.071496/tactile/27-0.021661996841430664.jpg,images/hct/data2/1-1702598870.071496/vision/27-0.021661996841430664.jpg,"smooth, flat, reflective",cardboard
hct/1-1702598870.071496/28-0.021995067596435547.jpg,hct,images/hct/data2/1-1702598870.071496/tactile/28-0.021995067596435547.jpg,images/hct/data2/1-1702598870.071496/vision/28-0.021995067596435547.jpg,"smooth, rigid, cool",cardboard
hct/1-1702598870.071496/29-0.021199941635131836.jpg,hct,images/hct/data2/1-1702598870.071496/tactile/29-0.021199941635131836.jpg,images/hct/data2/1-1702598870.071496/vision/29-0.021199941635131836.jpg,"smooth, rigid, reflective, hard",cardboard
hct/1-1702598870.071496/30-0.021609783172607422.jpg,hct,images/hct/data2/1-1702598870.071496/tactile/30-0.021609783172607422.jpg,images/hct/data2/1-1702598870.071496/vision/30-0.021609783172607422.jpg,"rigid, smooth, sleek, hard",cardboard
hct/1-1702598870.071496/31-0.021611928939819336.jpg,hct,images/hct/data2/1-1702598870.071496/tactile/31-0.021611928939819336.jpg,images/hct/data2/1-1702598870.071496/vision/31-0.021611928939819336.jpg,"cool, rigid, smooth, flat, reflective",cardboard
hct/1-1702598870.071496/32-0.02147698402404785.jpg,hct,images/hct/data2/1-1702598870.071496/tactile/32-0.02147698402404785.jpg,images/hct/data2/1-1702598870.071496/vision/32-0.02147698402404785.jpg,"flat, hard, rigid, reflective, smooth",cardboard
hct/1-1702598870.071496/33-0.021463632583618164.jpg,hct,images/hct/data2/1-1702598870.071496/tactile/33-0.021463632583618164.jpg,images/hct/data2/1-1702598870.071496/vision/33-0.021463632583618164.jpg,"glossy, cool, sleek, hard, flat",cardboard
hct/1-1702598870.071496/34-0.02225208282470703.jpg,hct,images/hct/data2/1-1702598870.071496/tactile/34-0.02225208282470703.jpg,images/hct/data2/1-1702598870.071496/vision/34-0.02225208282470703.jpg,"smooth, flat, hard",cardboard
hct/1-1702598870.071496/35-0.021948814392089844.jpg,hct,images/hct/data2/1-1702598870.071496/tactile/35-0.021948814392089844.jpg,images/hct/data2/1-1702598870.071496/vision/35-0.021948814392089844.jpg,"rigid, sleek, hard, reflective, cool",cardboard
hct/1-1702598870.071496/36-0.021059036254882812.jpg,hct,images/hct/data2/1-1702598870.071496/tactile/36-0.021059036254882812.jpg,images/hct/data2/1-1702598870.071496/vision/36-0.021059036254882812.jpg,"reflective, sleek, smooth",cardboard
hct/1-1702598870.071496/37-0.01994800567626953.jpg,hct,images/hct/data2/1-1702598870.071496/tactile/37-0.01994800567626953.jpg,images/hct/data2/1-1702598870.071496/vision/37-0.01994800567626953.jpg,"cool, sleek, smooth, hard",cardboard
hct/1-1702598870.071496/38-0.02221202850341797.jpg,hct,images/hct/data2/1-1702598870.071496/tactile/38-0.02221202850341797.jpg,images/hct/data2/1-1702598870.071496/vision/38-0.02221202850341797.jpg,"smooth, rigid, hard",cardboard
hct/1-1702598870.071496/39-0.020709991455078125.jpg,hct,images/hct/data2/1-1702598870.071496/tactile/39-0.020709991455078125.jpg,images/hct/data2/1-1702598870.071496/vision/39-0.020709991455078125.jpg,"reflective, glossy, rigid, smooth",cardboard
hct/1-1702598870.071496/40-0.02096414566040039.jpg,hct,images/hct/data2/1-1702598870.071496/tactile/40-0.02096414566040039.jpg,images/hct/data2/1-1702598870.071496/vision/40-0.02096414566040039.jpg,"cool, sleek, glossy, hard",cardboard
hct/1-1702598870.071496/41-0.022053003311157227.jpg,hct,images/hct/data2/1-1702598870.071496/tactile/41-0.022053003311157227.jpg,images/hct/data2/1-1702598870.071496/vision/41-0.022053003311157227.jpg,"smooth, reflective, hard, cool, flat",cardboard
hct/1-1702598870.071496/42-0.02098989486694336.jpg,hct,images/hct/data2/1-1702598870.071496/tactile/42-0.02098989486694336.jpg,images/hct/data2/1-1702598870.071496/vision/42-0.02098989486694336.jpg,"smooth, hard, cool, glossy, rigid",cardboard
hct/1-1702598870.071496/43-0.02138495445251465.jpg,hct,images/hct/data2/1-1702598870.071496/tactile/43-0.02138495445251465.jpg,images/hct/data2/1-1702598870.071496/vision/43-0.02138495445251465.jpg,"glossy, hard, smooth, rigid",cardboard
hct/1-1702598870.071496/44-0.021188020706176758.jpg,hct,images/hct/data2/1-1702598870.071496/tactile/44-0.021188020706176758.jpg,images/hct/data2/1-1702598870.071496/vision/44-0.021188020706176758.jpg,"reflective, hard, rigid, smooth",cardboard
hct/1-1702598870.071496/45-0.023613929748535156.jpg,hct,images/hct/data2/1-1702598870.071496/tactile/45-0.023613929748535156.jpg,images/hct/data2/1-1702598870.071496/vision/45-0.023613929748535156.jpg,"smooth, cool, hard, glossy, sleek",cardboard
hct/1-1702598870.071496/46-0.02212214469909668.jpg,hct,images/hct/data2/1-1702598870.071496/tactile/46-0.02212214469909668.jpg,images/hct/data2/1-1702598870.071496/vision/46-0.02212214469909668.jpg,"smooth, flat, glossy",cardboard
hct/1-1702598870.071496/47-0.021519184112548828.jpg,hct,images/hct/data2/1-1702598870.071496/tactile/47-0.021519184112548828.jpg,images/hct/data2/1-1702598870.071496/vision/47-0.021519184112548828.jpg,"cool, smooth, reflective",cardboard
hct/1-1702598870.071496/48-0.02131509780883789.jpg,hct,images/hct/data2/1-1702598870.071496/tactile/48-0.02131509780883789.jpg,images/hct/data2/1-1702598870.071496/vision/48-0.02131509780883789.jpg,"cool, glossy, rigid, smooth",cardboard
hct/1-1702598870.071496/49-0.0204010009765625.jpg,hct,images/hct/data2/1-1702598870.071496/tactile/49-0.0204010009765625.jpg,images/hct/data2/1-1702598870.071496/vision/49-0.0204010009765625.jpg,"reflective, sleek, glossy",cardboard
hct/1-1702598870.071496/50-0.02115797996520996.jpg,hct,images/hct/data2/1-1702598870.071496/tactile/50-0.02115797996520996.jpg,images/hct/data2/1-1702598870.071496/vision/50-0.02115797996520996.jpg,"smooth, flat, hard, rigid",cardboard
hct/1-1702598870.071496/51-0.02066826820373535.jpg,hct,images/hct/data2/1-1702598870.071496/tactile/51-0.02066826820373535.jpg,images/hct/data2/1-1702598870.071496/vision/51-0.02066826820373535.jpg,"cool, hard, rigid",cardboard
hct/1-1702598870.071496/52-0.02046513557434082.jpg,hct,images/hct/data2/1-1702598870.071496/tactile/52-0.02046513557434082.jpg,images/hct/data2/1-1702598870.071496/vision/52-0.02046513557434082.jpg,"sleek, rigid, hard",cardboard
hct/1-1702598870.071496/53-0.021032094955444336.jpg,hct,images/hct/data2/1-1702598870.071496/tactile/53-0.021032094955444336.jpg,images/hct/data2/1-1702598870.071496/vision/53-0.021032094955444336.jpg,"smooth, hard, cool, glossy, flat",cardboard
hct/1-1702598870.071496/54-0.021819114685058594.jpg,hct,images/hct/data2/1-1702598870.071496/tactile/54-0.021819114685058594.jpg,images/hct/data2/1-1702598870.071496/vision/54-0.021819114685058594.jpg,"glossy, sleek, smooth",cardboard
hct/1-1702598870.071496/55-0.02205801010131836.jpg,hct,images/hct/data2/1-1702598870.071496/tactile/55-0.02205801010131836.jpg,images/hct/data2/1-1702598870.071496/vision/55-0.02205801010131836.jpg,"smooth, reflective, hard, cool, glossy",cardboard
hct/1-1702598870.071496/56-0.02228999137878418.jpg,hct,images/hct/data2/1-1702598870.071496/tactile/56-0.02228999137878418.jpg,images/hct/data2/1-1702598870.071496/vision/56-0.02228999137878418.jpg,"rigid, flat, hard, glossy",cardboard
hct/1-1702598870.071496/57-0.022359132766723633.jpg,hct,images/hct/data2/1-1702598870.071496/tactile/57-0.022359132766723633.jpg,images/hct/data2/1-1702598870.071496/vision/57-0.022359132766723633.jpg,"cool, sleek, smooth, rigid",cardboard
hct/1-1702598870.071496/58-0.02193284034729004.jpg,hct,images/hct/data2/1-1702598870.071496/tactile/58-0.02193284034729004.jpg,images/hct/data2/1-1702598870.071496/vision/58-0.02193284034729004.jpg,"rigid, reflective, cool, smooth, sleek",cardboard
hct/1-1702598870.071496/59-0.021718978881835938.jpg,hct,images/hct/data2/1-1702598870.071496/tactile/59-0.021718978881835938.jpg,images/hct/data2/1-1702598870.071496/vision/59-0.021718978881835938.jpg,"cool, glossy, flat, rigid",cardboard
hct/1-1702598870.071496/60-0.021464824676513672.jpg,hct,images/hct/data2/1-1702598870.071496/tactile/60-0.021464824676513672.jpg,images/hct/data2/1-1702598870.071496/vision/60-0.021464824676513672.jpg,"rigid, cool, glossy, hard",cardboard
hct/1-1702598870.071496/61-0.021191835403442383.jpg,hct,images/hct/data2/1-1702598870.071496/tactile/61-0.021191835403442383.jpg,images/hct/data2/1-1702598870.071496/vision/61-0.021191835403442383.jpg,"cool, reflective, glossy, flat, hard",cardboard
hct/1-1702598870.071496/62-0.020709991455078125.jpg,hct,images/hct/data2/1-1702598870.071496/tactile/62-0.020709991455078125.jpg,images/hct/data2/1-1702598870.071496/vision/62-0.020709991455078125.jpg,"flat, hard, reflective",cardboard
hct/1-1702598870.071496/63-0.020566701889038086.jpg,hct,images/hct/data2/1-1702598870.071496/tactile/63-0.020566701889038086.jpg,images/hct/data2/1-1702598870.071496/vision/63-0.020566701889038086.jpg,"sleek, cool, reflective, glossy, flat",cardboard
hct/1-1702598870.071496/64-0.02095794677734375.jpg,hct,images/hct/data2/1-1702598870.071496/tactile/64-0.02095794677734375.jpg,images/hct/data2/1-1702598870.071496/vision/64-0.02095794677734375.jpg,"smooth, reflective, hard, cool, glossy",cardboard
hct/1-1702598870.071496/65-0.0223538875579834.jpg,hct,images/hct/data2/1-1702598870.071496/tactile/65-0.0223538875579834.jpg,images/hct/data2/1-1702598870.071496/vision/65-0.0223538875579834.jpg,"flat, hard, reflective",cardboard
hct/1-1702598870.071496/66-0.020954132080078125.jpg,hct,images/hct/data2/1-1702598870.071496/tactile/66-0.020954132080078125.jpg,images/hct/data2/1-1702598870.071496/vision/66-0.020954132080078125.jpg,"flat, glossy, sleek",cardboard
hct/1-1702598870.071496/67-0.021017074584960938.jpg,hct,images/hct/data2/1-1702598870.071496/tactile/67-0.021017074584960938.jpg,images/hct/data2/1-1702598870.071496/vision/67-0.021017074584960938.jpg,"hard, smooth, sleek, reflective, cool",cardboard
hct/1-1702598870.071496/68-0.020591020584106445.jpg,hct,images/hct/data2/1-1702598870.071496/tactile/68-0.020591020584106445.jpg,images/hct/data2/1-1702598870.071496/vision/68-0.020591020584106445.jpg,"glossy, hard, smooth, reflective, sleek",cardboard
hct/1-1702598870.071496/69-0.02063608169555664.jpg,hct,images/hct/data2/1-1702598870.071496/tactile/69-0.02063608169555664.jpg,images/hct/data2/1-1702598870.071496/vision/69-0.02063608169555664.jpg,"rigid, flat, reflective",cardboard
hct/1-1702598870.071496/70-0.021361827850341797.jpg,hct,images/hct/data2/1-1702598870.071496/tactile/70-0.021361827850341797.jpg,images/hct/data2/1-1702598870.071496/vision/70-0.021361827850341797.jpg,"flat, smooth, sleek, cool",cardboard
hct/1-1702598870.071496/71-0.022017955780029297.jpg,hct,images/hct/data2/1-1702598870.071496/tactile/71-0.022017955780029297.jpg,images/hct/data2/1-1702598870.071496/vision/71-0.022017955780029297.jpg,"reflective, hard, cool, rigid, flat",cardboard
hct/1-1702598870.071496/72-0.022928237915039062.jpg,hct,images/hct/data2/1-1702598870.071496/tactile/72-0.022928237915039062.jpg,images/hct/data2/1-1702598870.071496/vision/72-0.022928237915039062.jpg,"hard, sleek, glossy, rigid, reflective",cardboard
hct/1-1702598870.071496/73-0.021398067474365234.jpg,hct,images/hct/data2/1-1702598870.071496/tactile/73-0.021398067474365234.jpg,images/hct/data2/1-1702598870.071496/vision/73-0.021398067474365234.jpg,"smooth, sleek, flat, glossy",cardboard
hct/1-1702598870.071496/74-0.020869731903076172.jpg,hct,images/hct/data2/1-1702598870.071496/tactile/74-0.020869731903076172.jpg,images/hct/data2/1-1702598870.071496/vision/74-0.020869731903076172.jpg,"hard, flat, sleek, reflective",cardboard
hct/1-1702598870.071496/75-0.0215301513671875.jpg,hct,images/hct/data2/1-1702598870.071496/tactile/75-0.0215301513671875.jpg,images/hct/data2/1-1702598870.071496/vision/75-0.0215301513671875.jpg,"reflective, glossy, smooth",cardboard
hct/1-1702598870.071496/76-0.020952224731445312.jpg,hct,images/hct/data2/1-1702598870.071496/tactile/76-0.020952224731445312.jpg,images/hct/data2/1-1702598870.071496/vision/76-0.020952224731445312.jpg,"reflective, hard, sleek, flat",cardboard
hct/1-1702598870.071496/77-0.02117133140563965.jpg,hct,images/hct/data2/1-1702598870.071496/tactile/77-0.02117133140563965.jpg,images/hct/data2/1-1702598870.071496/vision/77-0.02117133140563965.jpg,"flat, cool, hard, reflective",cardboard
hct/1-1702598870.071496/78-0.021613121032714844.jpg,hct,images/hct/data2/1-1702598870.071496/tactile/78-0.021613121032714844.jpg,images/hct/data2/1-1702598870.071496/vision/78-0.021613121032714844.jpg,"flat, smooth, hard, cool",cardboard
hct/1-1702598870.071496/79-0.02118396759033203.jpg,hct,images/hct/data2/1-1702598870.071496/tactile/79-0.02118396759033203.jpg,images/hct/data2/1-1702598870.071496/vision/79-0.02118396759033203.jpg,"sleek, glossy, flat, rigid, smooth",cardboard
hct/1-1702598870.071496/80-0.021437883377075195.jpg,hct,images/hct/data2/1-1702598870.071496/tactile/80-0.021437883377075195.jpg,images/hct/data2/1-1702598870.071496/vision/80-0.021437883377075195.jpg,"flat, reflective, sleek, glossy, smooth",cardboard
hct/1-1702598870.071496/81-0.021439075469970703.jpg,hct,images/hct/data2/1-1702598870.071496/tactile/81-0.021439075469970703.jpg,images/hct/data2/1-1702598870.071496/vision/81-0.021439075469970703.jpg,"sleek, smooth, rigid",cardboard
hct/1-1702598870.071496/82-0.021301746368408203.jpg,hct,images/hct/data2/1-1702598870.071496/tactile/82-0.021301746368408203.jpg,images/hct/data2/1-1702598870.071496/vision/82-0.021301746368408203.jpg,"cool, flat, rigid, glossy",cardboard
hct/1-1702598870.071496/83-0.021454811096191406.jpg,hct,images/hct/data2/1-1702598870.071496/tactile/83-0.021454811096191406.jpg,images/hct/data2/1-1702598870.071496/vision/83-0.021454811096191406.jpg,"sleek, hard, flat, reflective",cardboard
hct/1-1702598870.071496/84-0.021453142166137695.jpg,hct,images/hct/data2/1-1702598870.071496/tactile/84-0.021453142166137695.jpg,images/hct/data2/1-1702598870.071496/vision/84-0.021453142166137695.jpg,"glossy, rigid, cool, smooth",cardboard
hct/1-1702598870.071496/85-0.021440982818603516.jpg,hct,images/hct/data2/1-1702598870.071496/tactile/85-0.021440982818603516.jpg,images/hct/data2/1-1702598870.071496/vision/85-0.021440982818603516.jpg,"flat, cool, rigid",cardboard
hct/1-1702598870.071496/86-0.02095818519592285.jpg,hct,images/hct/data2/1-1702598870.071496/tactile/86-0.02095818519592285.jpg,images/hct/data2/1-1702598870.071496/vision/86-0.02095818519592285.jpg,"smooth, cool, flat, rigid, hard",cardboard
hct/1-1702598870.071496/87-0.02303004264831543.jpg,hct,images/hct/data2/1-1702598870.071496/tactile/87-0.02303004264831543.jpg,images/hct/data2/1-1702598870.071496/vision/87-0.02303004264831543.jpg,"sleek, flat, rigid, glossy, cool",cardboard
hct/1-1702598870.071496/88-0.02170586585998535.jpg,hct,images/hct/data2/1-1702598870.071496/tactile/88-0.02170586585998535.jpg,images/hct/data2/1-1702598870.071496/vision/88-0.02170586585998535.jpg,"cool, smooth, hard",cardboard
hct/1-1702598870.071496/89-0.02138233184814453.jpg,hct,images/hct/data2/1-1702598870.071496/tactile/89-0.02138233184814453.jpg,images/hct/data2/1-1702598870.071496/vision/89-0.02138233184814453.jpg,"flat, cool, smooth, glossy",cardboard
hct/1-1702598870.071496/90-0.02083587646484375.jpg,hct,images/hct/data2/1-1702598870.071496/tactile/90-0.02083587646484375.jpg,images/hct/data2/1-1702598870.071496/vision/90-0.02083587646484375.jpg,"rigid, hard, sleek, smooth, glossy",cardboard
hct/1-1702598870.071496/91-0.0224151611328125.jpg,hct,images/hct/data2/1-1702598870.071496/tactile/91-0.0224151611328125.jpg,images/hct/data2/1-1702598870.071496/vision/91-0.0224151611328125.jpg,"hard, rigid, cool, reflective",cardboard
hct/1-1702598870.071496/92-0.02126598358154297.jpg,hct,images/hct/data2/1-1702598870.071496/tactile/92-0.02126598358154297.jpg,images/hct/data2/1-1702598870.071496/vision/92-0.02126598358154297.jpg,"reflective, rigid, flat, cool, glossy",cardboard
hct/1-1702598870.071496/93-0.02175116539001465.jpg,hct,images/hct/data2/1-1702598870.071496/tactile/93-0.02175116539001465.jpg,images/hct/data2/1-1702598870.071496/vision/93-0.02175116539001465.jpg,"hard, glossy, smooth",cardboard
hct/1-1702598870.071496/94-0.021423816680908203.jpg,hct,images/hct/data2/1-1702598870.071496/tactile/94-0.021423816680908203.jpg,images/hct/data2/1-1702598870.071496/vision/94-0.021423816680908203.jpg,"rigid, sleek, smooth, flat, reflective",cardboard
hct/1-1702598870.071496/95-0.02133774757385254.jpg,hct,images/hct/data2/1-1702598870.071496/tactile/95-0.02133774757385254.jpg,images/hct/data2/1-1702598870.071496/vision/95-0.02133774757385254.jpg,"hard, glossy, rigid, flat, sleek",cardboard
hct/1-1702598870.071496/96-0.021064043045043945.jpg,hct,images/hct/data2/1-1702598870.071496/tactile/96-0.021064043045043945.jpg,images/hct/data2/1-1702598870.071496/vision/96-0.021064043045043945.jpg,"cool, hard, rigid, sleek, smooth",cardboard
hct/1-1702598870.071496/97-0.022124052047729492.jpg,hct,images/hct/data2/1-1702598870.071496/tactile/97-0.022124052047729492.jpg,images/hct/data2/1-1702598870.071496/vision/97-0.022124052047729492.jpg,"sleek, cool, rigid",cardboard
hct/1-1702598870.071496/98-0.0209047794342041.jpg,hct,images/hct/data2/1-1702598870.071496/tactile/98-0.0209047794342041.jpg,images/hct/data2/1-1702598870.071496/vision/98-0.0209047794342041.jpg,"smooth, glossy, hard, cool, sleek",cardboard
hct/1-1702598870.071496/99-0.02108001708984375.jpg,hct,images/hct/data2/1-1702598870.071496/tactile/99-0.02108001708984375.jpg,images/hct/data2/1-1702598870.071496/vision/99-0.02108001708984375.jpg,"reflective, rigid, sleek, glossy",cardboard
hct/1-1702598918.750069/23-0.011200904846191406.jpg,hct,images/hct/data2/1-1702598918.750069/tactile/23-0.011200904846191406.jpg,images/hct/data2/1-1702598918.750069/vision/23-0.011200904846191406.jpg,"matte, flat, smooth, firm, cool",cardboard
hct/1-1702598918.750069/24-0.021116971969604492.jpg,hct,images/hct/data2/1-1702598918.750069/tactile/24-0.021116971969604492.jpg,images/hct/data2/1-1702598918.750069/vision/24-0.021116971969604492.jpg,"flat, matte, firm, cool, smooth",cardboard
hct/1-1702598918.750069/25-0.022223949432373047.jpg,hct,images/hct/data2/1-1702598918.750069/tactile/25-0.022223949432373047.jpg,images/hct/data2/1-1702598918.750069/vision/25-0.022223949432373047.jpg,"smooth, matte, firm, cool, flat",cardboard
hct/1-1702598918.750069/26-0.02064800262451172.jpg,hct,images/hct/data2/1-1702598918.750069/tactile/26-0.02064800262451172.jpg,images/hct/data2/1-1702598918.750069/vision/26-0.02064800262451172.jpg,"flat, firm, matte, cool",cardboard
hct/1-1702598918.750069/27-0.022143840789794922.jpg,hct,images/hct/data2/1-1702598918.750069/tactile/27-0.022143840789794922.jpg,images/hct/data2/1-1702598918.750069/vision/27-0.022143840789794922.jpg,"firm, flat, matte, smooth",cardboard
hct/1-1702598918.750069/28-0.020823240280151367.jpg,hct,images/hct/data2/1-1702598918.750069/tactile/28-0.020823240280151367.jpg,images/hct/data2/1-1702598918.750069/vision/28-0.020823240280151367.jpg,"smooth, firm, matte, cool",cardboard
hct/1-1702598918.750069/29-0.020715951919555664.jpg,hct,images/hct/data2/1-1702598918.750069/tactile/29-0.020715951919555664.jpg,images/hct/data2/1-1702598918.750069/vision/29-0.020715951919555664.jpg,"firm, flat, cool, matte",cardboard
hct/1-1702598918.750069/30-0.0215451717376709.jpg,hct,images/hct/data2/1-1702598918.750069/tactile/30-0.0215451717376709.jpg,images/hct/data2/1-1702598918.750069/vision/30-0.0215451717376709.jpg,"firm, smooth, cool, flat",cardboard
hct/1-1702598918.750069/31-0.02174210548400879.jpg,hct,images/hct/data2/1-1702598918.750069/tactile/31-0.02174210548400879.jpg,images/hct/data2/1-1702598918.750069/vision/31-0.02174210548400879.jpg,"cool, matte, firm, flat",cardboard
hct/1-1702598918.750069/32-0.02066516876220703.jpg,hct,images/hct/data2/1-1702598918.750069/tactile/32-0.02066516876220703.jpg,images/hct/data2/1-1702598918.750069/vision/32-0.02066516876220703.jpg,"flat, firm, matte, cool",cardboard
hct/1-1702598918.750069/33-0.021569013595581055.jpg,hct,images/hct/data2/1-1702598918.750069/tactile/33-0.021569013595581055.jpg,images/hct/data2/1-1702598918.750069/vision/33-0.021569013595581055.jpg,"smooth, firm, cool, flat, matte",cardboard
hct/1-1702598918.750069/34-0.02078390121459961.jpg,hct,images/hct/data2/1-1702598918.750069/tactile/34-0.02078390121459961.jpg,images/hct/data2/1-1702598918.750069/vision/34-0.02078390121459961.jpg,"matte, smooth, flat, firm",cardboard
hct/1-1702598918.750069/35-0.021746158599853516.jpg,hct,images/hct/data2/1-1702598918.750069/tactile/35-0.021746158599853516.jpg,images/hct/data2/1-1702598918.750069/vision/35-0.021746158599853516.jpg,"flat, cool, smooth, matte, firm",cardboard
hct/1-1702598918.750069/36-0.02155590057373047.jpg,hct,images/hct/data2/1-1702598918.750069/tactile/36-0.02155590057373047.jpg,images/hct/data2/1-1702598918.750069/vision/36-0.02155590057373047.jpg,"smooth, cool, flat",cardboard
hct/1-1702598918.750069/37-0.022769927978515625.jpg,hct,images/hct/data2/1-1702598918.750069/tactile/37-0.022769927978515625.jpg,images/hct/data2/1-1702598918.750069/vision/37-0.022769927978515625.jpg,"matte, smooth, firm, flat",cardboard
hct/1-1702598918.750069/38-0.021144866943359375.jpg,hct,images/hct/data2/1-1702598918.750069/tactile/38-0.021144866943359375.jpg,images/hct/data2/1-1702598918.750069/vision/38-0.021144866943359375.jpg,"smooth, cool, matte",cardboard
hct/1-1702598918.750069/39-0.02164316177368164.jpg,hct,images/hct/data2/1-1702598918.750069/tactile/39-0.02164316177368164.jpg,images/hct/data2/1-1702598918.750069/vision/39-0.02164316177368164.jpg,"smooth, matte, flat, firm",cardboard
hct/1-1702598918.750069/40-0.021046876907348633.jpg,hct,images/hct/data2/1-1702598918.750069/tactile/40-0.021046876907348633.jpg,images/hct/data2/1-1702598918.750069/vision/40-0.021046876907348633.jpg,"firm, flat, matte",cardboard
hct/1-1702598918.750069/41-0.020222902297973633.jpg,hct,images/hct/data2/1-1702598918.750069/tactile/41-0.020222902297973633.jpg,images/hct/data2/1-1702598918.750069/vision/41-0.020222902297973633.jpg,"smooth, matte, firm, cool, flat",cardboard
hct/1-1702598918.750069/42-0.020468950271606445.jpg,hct,images/hct/data2/1-1702598918.750069/tactile/42-0.020468950271606445.jpg,images/hct/data2/1-1702598918.750069/vision/42-0.020468950271606445.jpg,"matte, smooth, firm, cool",cardboard
hct/1-1705015680.277741/228-0.023021936416625977.jpg,hct,images/hct/data3/1-1705015680.277741/tactile/228-0.023021936416625977.jpg,images/hct/data3/1-1705015680.277741/vision/228-0.023021936416625977.jpg,"smooth, glossy, slippery, cool, rigid",crystal
hct/1-1705015680.277741/231-0.023195981979370117.jpg,hct,images/hct/data3/1-1705015680.277741/tactile/231-0.023195981979370117.jpg,images/hct/data3/1-1705015680.277741/vision/231-0.023195981979370117.jpg,"flexible, soft, smooth, thin",crystal
hct/1-1705015680.277741/246-0.022389888763427734.jpg,hct,images/hct/data3/1-1705015680.277741/tactile/246-0.022389888763427734.jpg,images/hct/data3/1-1705015680.277741/vision/246-0.022389888763427734.jpg,"textured, flexible, soft, thin, crinkled.",crystal
hct/1-1705015680.277741/248-0.02308201789855957.jpg,hct,images/hct/data3/1-1705015680.277741/tactile/248-0.02308201789855957.jpg,images/hct/data3/1-1705015680.277741/vision/248-0.02308201789855957.jpg,"smooth, reflective, slippery, cool, rigid",crystal
hct/1-1705015680.277741/258-0.02352118492126465.jpg,hct,images/hct/data3/1-1705015680.277741/tactile/258-0.02352118492126465.jpg,images/hct/data3/1-1705015680.277741/vision/258-0.02352118492126465.jpg,"smooth, slippery, glossy, thin, soft",crystal
hct/1-1705015680.277741/260-0.021848201751708984.jpg,hct,images/hct/data3/1-1705015680.277741/tactile/260-0.021848201751708984.jpg,images/hct/data3/1-1705015680.277741/vision/260-0.021848201751708984.jpg,"crinkled., soft, glossy, thin, smooth",crystal
hct/1-1705015680.277741/273-0.022853851318359375.jpg,hct,images/hct/data3/1-1705015680.277741/tactile/273-0.022853851318359375.jpg,images/hct/data3/1-1705015680.277741/vision/273-0.022853851318359375.jpg,"soft, reflective, translucent, crinkled.",crystal
hct/1-1705015680.277741/274-0.022038936614990234.jpg,hct,images/hct/data3/1-1705015680.277741/tactile/274-0.022038936614990234.jpg,images/hct/data3/1-1705015680.277741/vision/274-0.022038936614990234.jpg,"reflective, cool, flexible",crystal
hct/1-1705015680.277741/288-0.023431062698364258.jpg,hct,images/hct/data3/1-1705015680.277741/tactile/288-0.023431062698364258.jpg,images/hct/data3/1-1705015680.277741/vision/288-0.023431062698364258.jpg,"thin, rigid, slippery, reflective, textured",crystal
hct/1-1705015680.277741/295-0.023583173751831055.jpg,hct,images/hct/data3/1-1705015680.277741/tactile/295-0.023583173751831055.jpg,images/hct/data3/1-1705015680.277741/vision/295-0.023583173751831055.jpg,"smooth, reflective, rigid, glossy, translucent",crystal
hct/1-1705015680.277741/308-0.023509979248046875.jpg,hct,images/hct/data3/1-1705015680.277741/tactile/308-0.023509979248046875.jpg,images/hct/data3/1-1705015680.277741/vision/308-0.023509979248046875.jpg,"soft, cool, flexible, reflective, smooth",crystal
hct/1-1705015680.277741/310-0.022230863571166992.jpg,hct,images/hct/data3/1-1705015680.277741/tactile/310-0.022230863571166992.jpg,images/hct/data3/1-1705015680.277741/vision/310-0.022230863571166992.jpg,"reflective, crinkled., flexible",crystal
hct/1-1705015680.277741/317-0.02247023582458496.jpg,hct,images/hct/data3/1-1705015680.277741/tactile/317-0.02247023582458496.jpg,images/hct/data3/1-1705015680.277741/vision/317-0.02247023582458496.jpg,"smooth, reflective, slippery, cool, translucent",crystal
hct/1-1705015680.277741/318-0.022670745849609375.jpg,hct,images/hct/data3/1-1705015680.277741/tactile/318-0.022670745849609375.jpg,images/hct/data3/1-1705015680.277741/vision/318-0.022670745849609375.jpg,"translucent, cool, flexible",crystal
hct/12-1702597453.18174/361-0.021147966384887695.jpg,hct,images/hct/data2/12-1702597453.18174/tactile/361-0.021147966384887695.jpg,images/hct/data2/12-1702597453.18174/vision/361-0.021147966384887695.jpg,"textured, hairy, soft, flexible",hair
hct/12-1702597453.18174/363-0.02097797393798828.jpg,hct,images/hct/data2/12-1702597453.18174/tactile/363-0.02097797393798828.jpg,images/hct/data2/12-1702597453.18174/vision/363-0.02097797393798828.jpg,"hairy, soft, textured, warm, flexible",hair
hct/12-1702597453.18174/364-0.02348494529724121.jpg,hct,images/hct/data2/12-1702597453.18174/tactile/364-0.02348494529724121.jpg,images/hct/data2/12-1702597453.18174/vision/364-0.02348494529724121.jpg,"soft, flexible, hairy, textured, warm",hair
hct/12-1702597453.18174/365-0.02105879783630371.jpg,hct,images/hct/data2/12-1702597453.18174/tactile/365-0.02105879783630371.jpg,images/hct/data2/12-1702597453.18174/vision/365-0.02105879783630371.jpg,"soft, flexible, warm, textured",hair
hct/12-1702597453.18174/366-0.0224759578704834.jpg,hct,images/hct/data2/12-1702597453.18174/tactile/366-0.0224759578704834.jpg,images/hct/data2/12-1702597453.18174/vision/366-0.0224759578704834.jpg,"warm, flexible, soft, hairy, textured",hair
hct/12-1702597453.18174/367-0.0214231014251709.jpg,hct,images/hct/data2/12-1702597453.18174/tactile/367-0.0214231014251709.jpg,images/hct/data2/12-1702597453.18174/vision/367-0.0214231014251709.jpg,"flexible, textured, hairy, warm",hair
hct/12-1702597453.18174/368-0.022781848907470703.jpg,hct,images/hct/data2/12-1702597453.18174/tactile/368-0.022781848907470703.jpg,images/hct/data2/12-1702597453.18174/vision/368-0.022781848907470703.jpg,"flexible, textured, warm, hairy",hair
hct/12-1702597453.18174/369-0.02187490463256836.jpg,hct,images/hct/data2/12-1702597453.18174/tactile/369-0.02187490463256836.jpg,images/hct/data2/12-1702597453.18174/vision/369-0.02187490463256836.jpg,"soft, flexible, hairy, warm",hair
hct/12-1702597453.18174/370-0.021141767501831055.jpg,hct,images/hct/data2/12-1702597453.18174/tactile/370-0.021141767501831055.jpg,images/hct/data2/12-1702597453.18174/vision/370-0.021141767501831055.jpg,"warm, soft, flexible",hair
hct/12-1702597453.18174/371-0.0207061767578125.jpg,hct,images/hct/data2/12-1702597453.18174/tactile/371-0.0207061767578125.jpg,images/hct/data2/12-1702597453.18174/vision/371-0.0207061767578125.jpg,"soft, hairy, flexible, warm",hair
hct/12-1702597453.18174/372-0.021212339401245117.jpg,hct,images/hct/data2/12-1702597453.18174/tactile/372-0.021212339401245117.jpg,images/hct/data2/12-1702597453.18174/vision/372-0.021212339401245117.jpg,"hairy, warm, flexible",hair
hct/12-1702597453.18174/373-0.021868228912353516.jpg,hct,images/hct/data2/12-1702597453.18174/tactile/373-0.021868228912353516.jpg,images/hct/data2/12-1702597453.18174/vision/373-0.021868228912353516.jpg,"warm, hairy, soft",hair
hct/12-1702597453.18174/374-0.021245956420898438.jpg,hct,images/hct/data2/12-1702597453.18174/tactile/374-0.021245956420898438.jpg,images/hct/data2/12-1702597453.18174/vision/374-0.021245956420898438.jpg,"textured, flexible, soft",hair
hct/12-1702597453.18174/375-0.021281003952026367.jpg,hct,images/hct/data2/12-1702597453.18174/tactile/375-0.021281003952026367.jpg,images/hct/data2/12-1702597453.18174/vision/375-0.021281003952026367.jpg,"warm, soft, hairy",hair
hct/12-1702597453.18174/376-0.023701906204223633.jpg,hct,images/hct/data2/12-1702597453.18174/tactile/376-0.023701906204223633.jpg,images/hct/data2/12-1702597453.18174/vision/376-0.023701906204223633.jpg,"textured, flexible, soft, hairy, warm",hair
hct/12-1702597453.18174/377-0.02176189422607422.jpg,hct,images/hct/data2/12-1702597453.18174/tactile/377-0.02176189422607422.jpg,images/hct/data2/12-1702597453.18174/vision/377-0.02176189422607422.jpg,"textured, soft, warm, flexible",hair
hct/12-1702597453.18174/378-0.020650863647460938.jpg,hct,images/hct/data2/12-1702597453.18174/tactile/378-0.020650863647460938.jpg,images/hct/data2/12-1702597453.18174/vision/378-0.020650863647460938.jpg,"soft, textured, warm, flexible, hairy",hair
hct/12-1702597453.18174/379-0.020269155502319336.jpg,hct,images/hct/data2/12-1702597453.18174/tactile/379-0.020269155502319336.jpg,images/hct/data2/12-1702597453.18174/vision/379-0.020269155502319336.jpg,"soft, hairy, flexible, warm",hair
hct/12-1702597453.18174/380-0.020618915557861328.jpg,hct,images/hct/data2/12-1702597453.18174/tactile/380-0.020618915557861328.jpg,images/hct/data2/12-1702597453.18174/vision/380-0.020618915557861328.jpg,"textured, hairy, warm, soft, flexible",hair
hct/12-1702597453.18174/381-0.021915912628173828.jpg,hct,images/hct/data2/12-1702597453.18174/tactile/381-0.021915912628173828.jpg,images/hct/data2/12-1702597453.18174/vision/381-0.021915912628173828.jpg,"flexible, textured, hairy, warm, soft",hair
hct/12-1702597453.18174/382-0.02178812026977539.jpg,hct,images/hct/data2/12-1702597453.18174/tactile/382-0.02178812026977539.jpg,images/hct/data2/12-1702597453.18174/vision/382-0.02178812026977539.jpg,"soft, textured, flexible, warm, hairy",hair
hct/12-1702597453.18174/383-0.021439075469970703.jpg,hct,images/hct/data2/12-1702597453.18174/tactile/383-0.021439075469970703.jpg,images/hct/data2/12-1702597453.18174/vision/383-0.021439075469970703.jpg,"soft, textured, hairy, flexible",hair
hct/12-1702597453.18174/384-0.022760868072509766.jpg,hct,images/hct/data2/12-1702597453.18174/tactile/384-0.022760868072509766.jpg,images/hct/data2/12-1702597453.18174/vision/384-0.022760868072509766.jpg,"hairy, warm, textured, soft, flexible",hair
hct/12-1705264432.9267268/303-0.03488922119140625.jpg,hct,images/hct/data1/12-1705264432.9267268/tactile/303-0.03488922119140625.jpg,images/hct/data1/12-1705264432.9267268/vision/303-0.03488922119140625.jpg,"textured, gritty, uneven, firm, dull",coaster
hct/12-1705264432.9267268/304-0.03655099868774414.jpg,hct,images/hct/data1/12-1705264432.9267268/tactile/304-0.03655099868774414.jpg,images/hct/data1/12-1705264432.9267268/vision/304-0.03655099868774414.jpg,"textured, gritty, firm, uneven, solid",coaster
hct/12-1705264432.9267268/305-0.032788991928100586.jpg,hct,images/hct/data1/12-1705264432.9267268/tactile/305-0.032788991928100586.jpg,images/hct/data1/12-1705264432.9267268/vision/305-0.032788991928100586.jpg,"smooth, matte, slightly worn, cool, firm",coaster
hct/12-1705264432.9267268/306-0.032464027404785156.jpg,hct,images/hct/data1/12-1705264432.9267268/tactile/306-0.032464027404785156.jpg,images/hct/data1/12-1705264432.9267268/vision/306-0.032464027404785156.jpg,"smooth, reflective, hard, cool, textured",coaster
hct/12-1705264432.9267268/307-0.0354161262512207.jpg,hct,images/hct/data1/12-1705264432.9267268/tactile/307-0.0354161262512207.jpg,images/hct/data1/12-1705264432.9267268/vision/307-0.0354161262512207.jpg,"smooth, reflective, hard, cool, textured",coaster
hct/12-1705264432.9267268/308-0.035043954849243164.jpg,hct,images/hct/data1/12-1705264432.9267268/tactile/308-0.035043954849243164.jpg,images/hct/data1/12-1705264432.9267268/vision/308-0.035043954849243164.jpg,"smooth, worn, hard, cool, matte",coaster
hct/12-1705264432.9267268/309-0.032536983489990234.jpg,hct,images/hct/data1/12-1705264432.9267268/tactile/309-0.032536983489990234.jpg,images/hct/data1/12-1705264432.9267268/vision/309-0.032536983489990234.jpg,"smooth, hard, cool, sleek, matte",coaster
hct/12-1705264432.9267268/310-0.032473087310791016.jpg,hct,images/hct/data1/12-1705264432.9267268/tactile/310-0.032473087310791016.jpg,images/hct/data1/12-1705264432.9267268/vision/310-0.032473087310791016.jpg,"smooth, worn, hard, cool, matte",coaster
hct/12-1705264432.9267268/311-0.03255796432495117.jpg,hct,images/hct/data1/12-1705264432.9267268/tactile/311-0.03255796432495117.jpg,images/hct/data1/12-1705264432.9267268/vision/311-0.03255796432495117.jpg,"textured, firm, cool, matte, uneven",coaster
hct/12-1705264432.9267268/312-0.032804012298583984.jpg,hct,images/hct/data1/12-1705264432.9267268/tactile/312-0.032804012298583984.jpg,images/hct/data1/12-1705264432.9267268/vision/312-0.032804012298583984.jpg,"rough, uneven, gritty, solid, worn",coaster
hct/12-1705264432.9267268/313-0.033212900161743164.jpg,hct,images/hct/data1/12-1705264432.9267268/tactile/313-0.033212900161743164.jpg,images/hct/data1/12-1705264432.9267268/vision/313-0.033212900161743164.jpg,"textured, gritty, firm, uneven, solid",coaster
hct/12-1705264432.9267268/314-0.03389120101928711.jpg,hct,images/hct/data1/12-1705264432.9267268/tactile/314-0.03389120101928711.jpg,images/hct/data1/12-1705264432.9267268/vision/314-0.03389120101928711.jpg,"textured, gritty, solid, rough, uneven",coaster
hct/12-1705264432.9267268/315-0.03270673751831055.jpg,hct,images/hct/data1/12-1705264432.9267268/tactile/315-0.03270673751831055.jpg,images/hct/data1/12-1705264432.9267268/vision/315-0.03270673751831055.jpg,"smooth, worn, rigid, matte, uneven",coaster
hct/12-1705264432.9267268/316-0.03299283981323242.jpg,hct,images/hct/data1/12-1705264432.9267268/tactile/316-0.03299283981323242.jpg,images/hct/data1/12-1705264432.9267268/vision/316-0.03299283981323242.jpg,"smooth, hard, cool, textured, matte",coaster
hct/12-1705264432.9267268/317-0.03224301338195801.jpg,hct,images/hct/data1/12-1705264432.9267268/tactile/317-0.03224301338195801.jpg,images/hct/data1/12-1705264432.9267268/vision/317-0.03224301338195801.jpg,"smooth, reflective, hard, cool, textured",coaster
hct/12-1705264432.9267268/318-0.033303022384643555.jpg,hct,images/hct/data1/12-1705264432.9267268/tactile/318-0.033303022384643555.jpg,images/hct/data1/12-1705264432.9267268/vision/318-0.033303022384643555.jpg,"textured, rough, worn, matte, uneven",coaster
hct/12-1705264432.9267268/319-0.033315181732177734.jpg,hct,images/hct/data1/12-1705264432.9267268/tactile/319-0.033315181732177734.jpg,images/hct/data1/12-1705264432.9267268/vision/319-0.033315181732177734.jpg,"textured, firm, cool, smooth, solid",coaster
hct/12-1705264432.9267268/320-0.032891273498535156.jpg,hct,images/hct/data1/12-1705264432.9267268/tactile/320-0.032891273498535156.jpg,images/hct/data1/12-1705264432.9267268/vision/320-0.032891273498535156.jpg,"smooth, worn, hard, cool, matte",coaster
hct/12-1705264432.9267268/321-0.03224492073059082.jpg,hct,images/hct/data1/12-1705264432.9267268/tactile/321-0.03224492073059082.jpg,images/hct/data1/12-1705264432.9267268/vision/321-0.03224492073059082.jpg,"smooth, hard, cool, matte, solid",coaster
hct/12-1705264432.9267268/322-0.03247380256652832.jpg,hct,images/hct/data1/12-1705264432.9267268/tactile/322-0.03247380256652832.jpg,images/hct/data1/12-1705264432.9267268/vision/322-0.03247380256652832.jpg,"smooth, reflective, hard, cool, sleek",coaster
hct/12-1705264432.9267268/323-0.03981280326843262.jpg,hct,images/hct/data1/12-1705264432.9267268/tactile/323-0.03981280326843262.jpg,images/hct/data1/12-1705264432.9267268/vision/323-0.03981280326843262.jpg,"textured, gritty, uneven, solid, abrasive",coaster
hct/12-1705264432.9267268/324-0.03683209419250488.jpg,hct,images/hct/data1/12-1705264432.9267268/tactile/324-0.03683209419250488.jpg,images/hct/data1/12-1705264432.9267268/vision/324-0.03683209419250488.jpg,"textured, uneven, gritty, solid, worn",coaster
hct/12-1705264432.9267268/325-0.033943891525268555.jpg,hct,images/hct/data1/12-1705264432.9267268/tactile/325-0.033943891525268555.jpg,images/hct/data1/12-1705264432.9267268/vision/325-0.033943891525268555.jpg,"textured, gritty, firm, uneven, durable",coaster
hct/12-1705264432.9267268/326-0.03362298011779785.jpg,hct,images/hct/data1/12-1705264432.9267268/tactile/326-0.03362298011779785.jpg,images/hct/data1/12-1705264432.9267268/vision/326-0.03362298011779785.jpg,"smooth, worn, slightly gritty, cool, firm",coaster
hct/12-1705264432.9267268/327-0.03435111045837402.jpg,hct,images/hct/data1/12-1705264432.9267268/tactile/327-0.03435111045837402.jpg,images/hct/data1/12-1705264432.9267268/vision/327-0.03435111045837402.jpg,"smooth, worn, slightly gritty, cool, solid",coaster
hct/12-1705264432.9267268/328-0.033659934997558594.jpg,hct,images/hct/data1/12-1705264432.9267268/tactile/328-0.033659934997558594.jpg,images/hct/data1/12-1705264432.9267268/vision/328-0.033659934997558594.jpg,"smooth, worn, slightly gritty, cool, firm",coaster
hct/12-1705264432.9267268/329-0.03530597686767578.jpg,hct,images/hct/data1/12-1705264432.9267268/tactile/329-0.03530597686767578.jpg,images/hct/data1/12-1705264432.9267268/vision/329-0.03530597686767578.jpg,"smooth, reflective, slightly textured, cool, firm",coaster
hct/12-1705264432.9267268/330-0.04305315017700195.jpg,hct,images/hct/data1/12-1705264432.9267268/tactile/330-0.04305315017700195.jpg,images/hct/data1/12-1705264432.9267268/vision/330-0.04305315017700195.jpg,"textured, smooth, cool, firm, slippery",coaster
hct/13-1702597459.0250251/102-0.021469831466674805.jpg,hct,images/hct/data2/13-1702597459.0250251/tactile/102-0.021469831466674805.jpg,images/hct/data2/13-1702597459.0250251/vision/102-0.021469831466674805.jpg,"organic, flexible, textured, hairy, soft",hair
hct/13-1702597459.0250251/104-0.02116990089416504.jpg,hct,images/hct/data2/13-1702597459.0250251/tactile/104-0.02116990089416504.jpg,images/hct/data2/13-1702597459.0250251/vision/104-0.02116990089416504.jpg,"soft, hairy, organic, warm, textured",hair
hct/13-1702597459.0250251/106-0.01968526840209961.jpg,hct,images/hct/data2/13-1702597459.0250251/tactile/106-0.01968526840209961.jpg,images/hct/data2/13-1702597459.0250251/vision/106-0.01968526840209961.jpg,"flexible, hairy, warm, soft, organic",hair
hct/13-1702597459.0250251/107-0.021113157272338867.jpg,hct,images/hct/data2/13-1702597459.0250251/tactile/107-0.021113157272338867.jpg,images/hct/data2/13-1702597459.0250251/vision/107-0.021113157272338867.jpg,"soft, organic, warm, textured, flexible",hair
hct/13-1702597459.0250251/108-0.02158212661743164.jpg,hct,images/hct/data2/13-1702597459.0250251/tactile/108-0.02158212661743164.jpg,images/hct/data2/13-1702597459.0250251/vision/108-0.02158212661743164.jpg,"soft, warm, textured, flexible, organic",hair
hct/13-1702597459.0250251/109-0.02105998992919922.jpg,hct,images/hct/data2/13-1702597459.0250251/tactile/109-0.02105998992919922.jpg,images/hct/data2/13-1702597459.0250251/vision/109-0.02105998992919922.jpg,"textured, hairy, warm, soft, organic",hair
hct/13-1702597459.0250251/110-0.02147388458251953.jpg,hct,images/hct/data2/13-1702597459.0250251/tactile/110-0.02147388458251953.jpg,images/hct/data2/13-1702597459.0250251/vision/110-0.02147388458251953.jpg,"textured, hairy, warm, flexible",hair
hct/13-1702597459.0250251/111-0.021708250045776367.jpg,hct,images/hct/data2/13-1702597459.0250251/tactile/111-0.021708250045776367.jpg,images/hct/data2/13-1702597459.0250251/vision/111-0.021708250045776367.jpg,"flexible, hairy, soft",hair
hct/13-1702597459.0250251/112-0.02169513702392578.jpg,hct,images/hct/data2/13-1702597459.0250251/tactile/112-0.02169513702392578.jpg,images/hct/data2/13-1702597459.0250251/vision/112-0.02169513702392578.jpg,"flexible, hairy, soft, textured, warm",hair
hct/13-1702597459.0250251/113-0.021438121795654297.jpg,hct,images/hct/data2/13-1702597459.0250251/tactile/113-0.021438121795654297.jpg,images/hct/data2/13-1702597459.0250251/vision/113-0.021438121795654297.jpg,"hairy, soft, textured, warm, organic",hair
hct/13-1702597459.0250251/114-0.02089691162109375.jpg,hct,images/hct/data2/13-1702597459.0250251/tactile/114-0.02089691162109375.jpg,images/hct/data2/13-1702597459.0250251/vision/114-0.02089691162109375.jpg,"organic, warm, soft",hair
hct/13-1702597459.0250251/115-0.020634889602661133.jpg,hct,images/hct/data2/13-1702597459.0250251/tactile/115-0.020634889602661133.jpg,images/hct/data2/13-1702597459.0250251/vision/115-0.020634889602661133.jpg,"flexible, soft, warm",hair
hct/13-1702597459.0250251/116-0.02223491668701172.jpg,hct,images/hct/data2/13-1702597459.0250251/tactile/116-0.02223491668701172.jpg,images/hct/data2/13-1702597459.0250251/vision/116-0.02223491668701172.jpg,"organic, textured, flexible, hairy, warm",hair
hct/13-1702597459.0250251/117-0.02241992950439453.jpg,hct,images/hct/data2/13-1702597459.0250251/tactile/117-0.02241992950439453.jpg,images/hct/data2/13-1702597459.0250251/vision/117-0.02241992950439453.jpg,"soft, textured, warm, flexible, hairy",hair
hct/13-1702597459.0250251/118-0.021635055541992188.jpg,hct,images/hct/data2/13-1702597459.0250251/tactile/118-0.021635055541992188.jpg,images/hct/data2/13-1702597459.0250251/vision/118-0.021635055541992188.jpg,"soft, textured, hairy, flexible",hair
hct/13-1702597459.0250251/119-0.02143406867980957.jpg,hct,images/hct/data2/13-1702597459.0250251/tactile/119-0.02143406867980957.jpg,images/hct/data2/13-1702597459.0250251/vision/119-0.02143406867980957.jpg,"textured, flexible, hairy, organic",hair
hct/13-1702597459.0250251/120-0.02159905433654785.jpg,hct,images/hct/data2/13-1702597459.0250251/tactile/120-0.02159905433654785.jpg,images/hct/data2/13-1702597459.0250251/vision/120-0.02159905433654785.jpg,"warm, soft, flexible, hairy",hair
hct/13-1702597459.0250251/121-0.020090103149414062.jpg,hct,images/hct/data2/13-1702597459.0250251/tactile/121-0.020090103149414062.jpg,images/hct/data2/13-1702597459.0250251/vision/121-0.020090103149414062.jpg,"textured, soft, organic",hair
hct/13-1702597459.0250251/149-0.020476818084716797.jpg,hct,images/hct/data2/13-1702597459.0250251/tactile/149-0.020476818084716797.jpg,images/hct/data2/13-1702597459.0250251/vision/149-0.020476818084716797.jpg,"soft, warm, textured, hairy",hair
hct/13-1702597459.0250251/150-0.021110057830810547.jpg,hct,images/hct/data2/13-1702597459.0250251/tactile/150-0.021110057830810547.jpg,images/hct/data2/13-1702597459.0250251/vision/150-0.021110057830810547.jpg,"organic, textured, warm",hair
hct/13-1702597459.0250251/151-0.020231008529663086.jpg,hct,images/hct/data2/13-1702597459.0250251/tactile/151-0.020231008529663086.jpg,images/hct/data2/13-1702597459.0250251/vision/151-0.020231008529663086.jpg,"soft, textured, warm, flexible, organic",hair
hct/13-1702597459.0250251/152-0.01958179473876953.jpg,hct,images/hct/data2/13-1702597459.0250251/tactile/152-0.01958179473876953.jpg,images/hct/data2/13-1702597459.0250251/vision/152-0.01958179473876953.jpg,"flexible, hairy, organic",hair
hct/13-1702597459.0250251/153-0.019781112670898438.jpg,hct,images/hct/data2/13-1702597459.0250251/tactile/153-0.019781112670898438.jpg,images/hct/data2/13-1702597459.0250251/vision/153-0.019781112670898438.jpg,"flexible, soft, warm",hair
hct/13-1702597459.0250251/154-0.020869970321655273.jpg,hct,images/hct/data2/13-1702597459.0250251/tactile/154-0.020869970321655273.jpg,images/hct/data2/13-1702597459.0250251/vision/154-0.020869970321655273.jpg,"flexible, soft, textured, warm",hair
hct/13-1702597459.0250251/155-0.021660327911376953.jpg,hct,images/hct/data2/13-1702597459.0250251/tactile/155-0.021660327911376953.jpg,images/hct/data2/13-1702597459.0250251/vision/155-0.021660327911376953.jpg,"warm, textured, soft",hair
hct/15-1702598215.824946/100-0.020637989044189453.jpg,hct,images/hct/data2/15-1702598215.824946/tactile/100-0.020637989044189453.jpg,images/hct/data2/15-1702598215.824946/vision/100-0.020637989044189453.jpg,"flat, smooth, hard",glass
hct/15-1702598215.824946/101-0.021429061889648438.jpg,hct,images/hct/data2/15-1702598215.824946/tactile/101-0.021429061889648438.jpg,images/hct/data2/15-1702598215.824946/vision/101-0.021429061889648438.jpg,"smooth, reflective, hard, flat, glossy",glass
hct/15-1702598215.824946/102-0.020841121673583984.jpg,hct,images/hct/data2/15-1702598215.824946/tactile/102-0.020841121673583984.jpg,images/hct/data2/15-1702598215.824946/vision/102-0.020841121673583984.jpg,"smooth, cool, rigid, flat, hard",glass
hct/15-1702598215.824946/103-0.021383047103881836.jpg,hct,images/hct/data2/15-1702598215.824946/tactile/103-0.021383047103881836.jpg,images/hct/data2/15-1702598215.824946/vision/103-0.021383047103881836.jpg,"hard, sleek, reflective, flat, cool",glass
hct/15-1702598215.824946/104-0.02104806900024414.jpg,hct,images/hct/data2/15-1702598215.824946/tactile/104-0.02104806900024414.jpg,images/hct/data2/15-1702598215.824946/vision/104-0.02104806900024414.jpg,"smooth, reflective, hard, flat, glossy",glass
hct/15-1702598215.824946/105-0.020967960357666016.jpg,hct,images/hct/data2/15-1702598215.824946/tactile/105-0.020967960357666016.jpg,images/hct/data2/15-1702598215.824946/vision/105-0.020967960357666016.jpg,"cool, smooth, sleek, rigid, hard",glass
hct/15-1702598215.824946/106-0.022591114044189453.jpg,hct,images/hct/data2/15-1702598215.824946/tactile/106-0.022591114044189453.jpg,images/hct/data2/15-1702598215.824946/vision/106-0.022591114044189453.jpg,"flat, reflective, smooth, hard, glossy",glass
hct/15-1702598215.824946/107-0.020375728607177734.jpg,hct,images/hct/data2/15-1702598215.824946/tactile/107-0.020375728607177734.jpg,images/hct/data2/15-1702598215.824946/vision/107-0.020375728607177734.jpg,"smooth, reflective, glossy, rigid",glass
hct/15-1702598215.824946/108-0.020380735397338867.jpg,hct,images/hct/data2/15-1702598215.824946/tactile/108-0.020380735397338867.jpg,images/hct/data2/15-1702598215.824946/vision/108-0.020380735397338867.jpg,"reflective, glossy, smooth, flat, sleek",glass
hct/15-1702598215.824946/109-0.020846843719482422.jpg,hct,images/hct/data2/15-1702598215.824946/tactile/109-0.020846843719482422.jpg,images/hct/data2/15-1702598215.824946/vision/109-0.020846843719482422.jpg,"smooth, reflective, hard, flat, glossy",glass
hct/15-1702598215.824946/110-0.020982027053833008.jpg,hct,images/hct/data2/15-1702598215.824946/tactile/110-0.020982027053833008.jpg,images/hct/data2/15-1702598215.824946/vision/110-0.020982027053833008.jpg,"glossy, smooth, flat, hard, cool",glass
hct/15-1702598215.824946/111-0.02227616310119629.jpg,hct,images/hct/data2/15-1702598215.824946/tactile/111-0.02227616310119629.jpg,images/hct/data2/15-1702598215.824946/vision/111-0.02227616310119629.jpg,"smooth, flat, cool, glossy",glass
hct/15-1702598215.824946/112-0.019787073135375977.jpg,hct,images/hct/data2/15-1702598215.824946/tactile/112-0.019787073135375977.jpg,images/hct/data2/15-1702598215.824946/vision/112-0.019787073135375977.jpg,"cool, hard, sleek, rigid, glossy",glass
hct/15-1702598215.824946/113-0.021213054656982422.jpg,hct,images/hct/data2/15-1702598215.824946/tactile/113-0.021213054656982422.jpg,images/hct/data2/15-1702598215.824946/vision/113-0.021213054656982422.jpg,"smooth, glossy, cool, hard, reflective",glass
hct/15-1702598215.824946/114-0.02073192596435547.jpg,hct,images/hct/data2/15-1702598215.824946/tactile/114-0.02073192596435547.jpg,images/hct/data2/15-1702598215.824946/vision/114-0.02073192596435547.jpg,"cool, rigid, sleek",glass
hct/15-1702598215.824946/115-0.02060413360595703.jpg,hct,images/hct/data2/15-1702598215.824946/tactile/115-0.02060413360595703.jpg,images/hct/data2/15-1702598215.824946/vision/115-0.02060413360595703.jpg,"hard, reflective, cool, flat",glass
hct/15-1702598215.824946/116-0.02152085304260254.jpg,hct,images/hct/data2/15-1702598215.824946/tactile/116-0.02152085304260254.jpg,images/hct/data2/15-1702598215.824946/vision/116-0.02152085304260254.jpg,"reflective, glossy, flat, cool",glass
hct/15-1702598215.824946/117-0.02206730842590332.jpg,hct,images/hct/data2/15-1702598215.824946/tactile/117-0.02206730842590332.jpg,images/hct/data2/15-1702598215.824946/vision/117-0.02206730842590332.jpg,"hard, rigid, smooth, flat",glass
hct/15-1702598215.824946/118-0.021019935607910156.jpg,hct,images/hct/data2/15-1702598215.824946/tactile/118-0.021019935607910156.jpg,images/hct/data2/15-1702598215.824946/vision/118-0.021019935607910156.jpg,"flat, sleek, cool",glass
hct/15-1702598215.824946/119-0.02236485481262207.jpg,hct,images/hct/data2/15-1702598215.824946/tactile/119-0.02236485481262207.jpg,images/hct/data2/15-1702598215.824946/vision/119-0.02236485481262207.jpg,"sleek, cool, smooth",glass
hct/15-1702598215.824946/120-0.020804882049560547.jpg,hct,images/hct/data2/15-1702598215.824946/tactile/120-0.020804882049560547.jpg,images/hct/data2/15-1702598215.824946/vision/120-0.020804882049560547.jpg,"hard, cool, smooth",glass
hct/15-1702598215.824946/121-0.020470142364501953.jpg,hct,images/hct/data2/15-1702598215.824946/tactile/121-0.020470142364501953.jpg,images/hct/data2/15-1702598215.824946/vision/121-0.020470142364501953.jpg,"glossy, reflective, cool, hard, rigid",glass
hct/15-1702598215.824946/122-0.022222042083740234.jpg,hct,images/hct/data2/15-1702598215.824946/tactile/122-0.022222042083740234.jpg,images/hct/data2/15-1702598215.824946/vision/122-0.022222042083740234.jpg,"smooth, reflective, hard, flat, glossy",glass
hct/15-1702598215.824946/123-0.022809982299804688.jpg,hct,images/hct/data2/15-1702598215.824946/tactile/123-0.022809982299804688.jpg,images/hct/data2/15-1702598215.824946/vision/123-0.022809982299804688.jpg,"reflective, flat, glossy, sleek",glass
hct/15-1702598215.824946/124-0.02164936065673828.jpg,hct,images/hct/data2/15-1702598215.824946/tactile/124-0.02164936065673828.jpg,images/hct/data2/15-1702598215.824946/vision/124-0.02164936065673828.jpg,"glossy, sleek, reflective, rigid",glass
hct/15-1702598215.824946/125-0.020339012145996094.jpg,hct,images/hct/data2/15-1702598215.824946/tactile/125-0.020339012145996094.jpg,images/hct/data2/15-1702598215.824946/vision/125-0.020339012145996094.jpg,"reflective, flat, rigid",glass
hct/15-1702598215.824946/126-0.021283864974975586.jpg,hct,images/hct/data2/15-1702598215.824946/tactile/126-0.021283864974975586.jpg,images/hct/data2/15-1702598215.824946/vision/126-0.021283864974975586.jpg,"reflective, flat, rigid, cool",glass
hct/15-1702598215.824946/127-0.021083831787109375.jpg,hct,images/hct/data2/15-1702598215.824946/tactile/127-0.021083831787109375.jpg,images/hct/data2/15-1702598215.824946/vision/127-0.021083831787109375.jpg,"sleek, reflective, rigid, cool",glass
hct/15-1702598215.824946/128-0.021006107330322266.jpg,hct,images/hct/data2/15-1702598215.824946/tactile/128-0.021006107330322266.jpg,images/hct/data2/15-1702598215.824946/vision/128-0.021006107330322266.jpg,"smooth, sleek, rigid, hard, cool",glass
hct/15-1702598215.824946/129-0.021235942840576172.jpg,hct,images/hct/data2/15-1702598215.824946/tactile/129-0.021235942840576172.jpg,images/hct/data2/15-1702598215.824946/vision/129-0.021235942840576172.jpg,"glossy, smooth, flat, sleek",glass
hct/15-1702598215.824946/130-0.02098369598388672.jpg,hct,images/hct/data2/15-1702598215.824946/tactile/130-0.02098369598388672.jpg,images/hct/data2/15-1702598215.824946/vision/130-0.02098369598388672.jpg,"rigid, hard, smooth, sleek, cool",glass
hct/15-1702598215.824946/131-0.020358800888061523.jpg,hct,images/hct/data2/15-1702598215.824946/tactile/131-0.020358800888061523.jpg,images/hct/data2/15-1702598215.824946/vision/131-0.020358800888061523.jpg,"flat, hard, glossy, reflective",glass
hct/15-1702598215.824946/132-0.02092123031616211.jpg,hct,images/hct/data2/15-1702598215.824946/tactile/132-0.02092123031616211.jpg,images/hct/data2/15-1702598215.824946/vision/132-0.02092123031616211.jpg,"rigid, sleek, cool, flat",glass
hct/15-1702598215.824946/133-0.020547866821289062.jpg,hct,images/hct/data2/15-1702598215.824946/tactile/133-0.020547866821289062.jpg,images/hct/data2/15-1702598215.824946/vision/133-0.020547866821289062.jpg,"smooth, reflective, rigid, flat, hard",glass
hct/15-1702598215.824946/134-0.02103710174560547.jpg,hct,images/hct/data2/15-1702598215.824946/tactile/134-0.02103710174560547.jpg,images/hct/data2/15-1702598215.824946/vision/134-0.02103710174560547.jpg,"glossy, hard, rigid",glass
hct/15-1702598215.824946/135-0.021620988845825195.jpg,hct,images/hct/data2/15-1702598215.824946/tactile/135-0.021620988845825195.jpg,images/hct/data2/15-1702598215.824946/vision/135-0.021620988845825195.jpg,"glossy, flat, hard, reflective",glass
hct/15-1702598215.824946/136-0.021489858627319336.jpg,hct,images/hct/data2/15-1702598215.824946/tactile/136-0.021489858627319336.jpg,images/hct/data2/15-1702598215.824946/vision/136-0.021489858627319336.jpg,"flat, glossy, smooth",glass
hct/15-1702598215.824946/137-0.02221393585205078.jpg,hct,images/hct/data2/15-1702598215.824946/tactile/137-0.02221393585205078.jpg,images/hct/data2/15-1702598215.824946/vision/137-0.02221393585205078.jpg,"flat, glossy, cool, reflective",glass
hct/15-1702598215.824946/138-0.02009415626525879.jpg,hct,images/hct/data2/15-1702598215.824946/tactile/138-0.02009415626525879.jpg,images/hct/data2/15-1702598215.824946/vision/138-0.02009415626525879.jpg,"smooth, sleek, rigid, reflective, flat",glass
hct/15-1702598215.824946/139-0.02209186553955078.jpg,hct,images/hct/data2/15-1702598215.824946/tactile/139-0.02209186553955078.jpg,images/hct/data2/15-1702598215.824946/vision/139-0.02209186553955078.jpg,"smooth, glossy, hard",glass
hct/15-1702598215.824946/140-0.02205181121826172.jpg,hct,images/hct/data2/15-1702598215.824946/tactile/140-0.02205181121826172.jpg,images/hct/data2/15-1702598215.824946/vision/140-0.02205181121826172.jpg,"smooth, glossy, rigid, cool, flat",glass
hct/15-1702598215.824946/141-0.02035212516784668.jpg,hct,images/hct/data2/15-1702598215.824946/tactile/141-0.02035212516784668.jpg,images/hct/data2/15-1702598215.824946/vision/141-0.02035212516784668.jpg,"flat, reflective, hard, smooth, rigid",glass
hct/15-1702598215.824946/142-0.0207061767578125.jpg,hct,images/hct/data2/15-1702598215.824946/tactile/142-0.0207061767578125.jpg,images/hct/data2/15-1702598215.824946/vision/142-0.0207061767578125.jpg,"smooth, glossy, rigid, cool, sleek",glass
hct/15-1702598215.824946/143-0.020207881927490234.jpg,hct,images/hct/data2/15-1702598215.824946/tactile/143-0.020207881927490234.jpg,images/hct/data2/15-1702598215.824946/vision/143-0.020207881927490234.jpg,"flat, glossy, smooth, cool",glass
hct/15-1702598215.824946/144-0.021789073944091797.jpg,hct,images/hct/data2/15-1702598215.824946/tactile/144-0.021789073944091797.jpg,images/hct/data2/15-1702598215.824946/vision/144-0.021789073944091797.jpg,"glossy, smooth, flat",glass
hct/15-1702598215.824946/145-0.021104097366333008.jpg,hct,images/hct/data2/15-1702598215.824946/tactile/145-0.021104097366333008.jpg,images/hct/data2/15-1702598215.824946/vision/145-0.021104097366333008.jpg,"flat, glossy, rigid, cool, sleek",glass
hct/15-1702598215.824946/146-0.022617101669311523.jpg,hct,images/hct/data2/15-1702598215.824946/tactile/146-0.022617101669311523.jpg,images/hct/data2/15-1702598215.824946/vision/146-0.022617101669311523.jpg,"cool, flat, hard, rigid, glossy",glass
hct/15-1702598215.824946/147-0.02097296714782715.jpg,hct,images/hct/data2/15-1702598215.824946/tactile/147-0.02097296714782715.jpg,images/hct/data2/15-1702598215.824946/vision/147-0.02097296714782715.jpg,"rigid, hard, glossy, sleek",glass
hct/15-1702598215.824946/148-0.020945072174072266.jpg,hct,images/hct/data2/15-1702598215.824946/tactile/148-0.020945072174072266.jpg,images/hct/data2/15-1702598215.824946/vision/148-0.020945072174072266.jpg,"smooth, hard, flat, rigid, sleek",glass
hct/15-1702598215.824946/149-0.02170395851135254.jpg,hct,images/hct/data2/15-1702598215.824946/tactile/149-0.02170395851135254.jpg,images/hct/data2/15-1702598215.824946/vision/149-0.02170395851135254.jpg,"hard, smooth, rigid, cool, sleek",glass
hct/15-1702598215.824946/150-0.02108621597290039.jpg,hct,images/hct/data2/15-1702598215.824946/tactile/150-0.02108621597290039.jpg,images/hct/data2/15-1702598215.824946/vision/150-0.02108621597290039.jpg,"flat, hard, smooth",glass
hct/15-1702598215.824946/151-0.02216792106628418.jpg,hct,images/hct/data2/15-1702598215.824946/tactile/151-0.02216792106628418.jpg,images/hct/data2/15-1702598215.824946/vision/151-0.02216792106628418.jpg,"flat, rigid, hard",glass
hct/15-1702598215.824946/152-0.02215290069580078.jpg,hct,images/hct/data2/15-1702598215.824946/tactile/152-0.02215290069580078.jpg,images/hct/data2/15-1702598215.824946/vision/152-0.02215290069580078.jpg,"glossy, cool, hard, smooth, reflective",glass
hct/15-1702598215.824946/153-0.021892070770263672.jpg,hct,images/hct/data2/15-1702598215.824946/tactile/153-0.021892070770263672.jpg,images/hct/data2/15-1702598215.824946/vision/153-0.021892070770263672.jpg,"sleek, cool, rigid",glass
hct/15-1702598215.824946/154-0.02087235450744629.jpg,hct,images/hct/data2/15-1702598215.824946/tactile/154-0.02087235450744629.jpg,images/hct/data2/15-1702598215.824946/vision/154-0.02087235450744629.jpg,"rigid, hard, reflective",glass
hct/15-1702598215.824946/155-0.02109384536743164.jpg,hct,images/hct/data2/15-1702598215.824946/tactile/155-0.02109384536743164.jpg,images/hct/data2/15-1702598215.824946/vision/155-0.02109384536743164.jpg,"cool, glossy, sleek, smooth, reflective",glass
hct/15-1702598215.824946/156-0.021544933319091797.jpg,hct,images/hct/data2/15-1702598215.824946/tactile/156-0.021544933319091797.jpg,images/hct/data2/15-1702598215.824946/vision/156-0.021544933319091797.jpg,"sleek, glossy, smooth, hard",glass
hct/15-1702598215.824946/157-0.02097487449645996.jpg,hct,images/hct/data2/15-1702598215.824946/tactile/157-0.02097487449645996.jpg,images/hct/data2/15-1702598215.824946/vision/157-0.02097487449645996.jpg,"sleek, hard, smooth",glass
hct/15-1702598215.824946/158-0.023408889770507812.jpg,hct,images/hct/data2/15-1702598215.824946/tactile/158-0.023408889770507812.jpg,images/hct/data2/15-1702598215.824946/vision/158-0.023408889770507812.jpg,"hard, reflective, glossy",glass
hct/15-1702598215.824946/159-0.02150416374206543.jpg,hct,images/hct/data2/15-1702598215.824946/tactile/159-0.02150416374206543.jpg,images/hct/data2/15-1702598215.824946/vision/159-0.02150416374206543.jpg,"rigid, reflective, glossy",glass
hct/15-1702598215.824946/160-0.021616220474243164.jpg,hct,images/hct/data2/15-1702598215.824946/tactile/160-0.021616220474243164.jpg,images/hct/data2/15-1702598215.824946/vision/160-0.021616220474243164.jpg,"hard, smooth, flat, rigid",glass
hct/15-1702598215.824946/161-0.02043008804321289.jpg,hct,images/hct/data2/15-1702598215.824946/tactile/161-0.02043008804321289.jpg,images/hct/data2/15-1702598215.824946/vision/161-0.02043008804321289.jpg,"cool, sleek, hard",glass
hct/15-1702598215.824946/163-0.020920276641845703.jpg,hct,images/hct/data2/15-1702598215.824946/tactile/163-0.020920276641845703.jpg,images/hct/data2/15-1702598215.824946/vision/163-0.020920276641845703.jpg,"sleek, rigid, glossy, cool",glass
hct/15-1702598215.824946/164-0.022305011749267578.jpg,hct,images/hct/data2/15-1702598215.824946/tactile/164-0.022305011749267578.jpg,images/hct/data2/15-1702598215.824946/vision/164-0.022305011749267578.jpg,"hard, sleek, reflective",glass
hct/15-1702598215.824946/165-0.02171802520751953.jpg,hct,images/hct/data2/15-1702598215.824946/tactile/165-0.02171802520751953.jpg,images/hct/data2/15-1702598215.824946/vision/165-0.02171802520751953.jpg,"smooth, glossy, rigid, flat, sleek",glass
hct/15-1702598215.824946/166-0.020379066467285156.jpg,hct,images/hct/data2/15-1702598215.824946/tactile/166-0.020379066467285156.jpg,images/hct/data2/15-1702598215.824946/vision/166-0.020379066467285156.jpg,"hard, sleek, flat, cool",glass
hct/15-1702598215.824946/167-0.020596027374267578.jpg,hct,images/hct/data2/15-1702598215.824946/tactile/167-0.020596027374267578.jpg,images/hct/data2/15-1702598215.824946/vision/167-0.020596027374267578.jpg,"cool, rigid, smooth, hard, sleek",glass
hct/15-1702598215.824946/168-0.02173900604248047.jpg,hct,images/hct/data2/15-1702598215.824946/tactile/168-0.02173900604248047.jpg,images/hct/data2/15-1702598215.824946/vision/168-0.02173900604248047.jpg,"flat, smooth, rigid, glossy, cool",glass
hct/15-1702598215.824946/169-0.021768808364868164.jpg,hct,images/hct/data2/15-1702598215.824946/tactile/169-0.021768808364868164.jpg,images/hct/data2/15-1702598215.824946/vision/169-0.021768808364868164.jpg,"hard, reflective, sleek, glossy",glass
hct/15-1702598215.824946/170-0.021506071090698242.jpg,hct,images/hct/data2/15-1702598215.824946/tactile/170-0.021506071090698242.jpg,images/hct/data2/15-1702598215.824946/vision/170-0.021506071090698242.jpg,"reflective, flat, smooth, rigid",glass
hct/15-1702598215.824946/171-0.019922971725463867.jpg,hct,images/hct/data2/15-1702598215.824946/tactile/171-0.019922971725463867.jpg,images/hct/data2/15-1702598215.824946/vision/171-0.019922971725463867.jpg,"rigid, sleek, cool, hard, flat",glass
hct/15-1702598215.824946/172-0.02215290069580078.jpg,hct,images/hct/data2/15-1702598215.824946/tactile/172-0.02215290069580078.jpg,images/hct/data2/15-1702598215.824946/vision/172-0.02215290069580078.jpg,"cool, glossy, flat, reflective",glass
hct/15-1702598215.824946/173-0.02208399772644043.jpg,hct,images/hct/data2/15-1702598215.824946/tactile/173-0.02208399772644043.jpg,images/hct/data2/15-1702598215.824946/vision/173-0.02208399772644043.jpg,"cool, reflective, sleek",glass
hct/15-1702598215.824946/174-0.021689891815185547.jpg,hct,images/hct/data2/15-1702598215.824946/tactile/174-0.021689891815185547.jpg,images/hct/data2/15-1702598215.824946/vision/174-0.021689891815185547.jpg,"smooth, flat, rigid, sleek",glass
hct/15-1702598215.824946/175-0.020681142807006836.jpg,hct,images/hct/data2/15-1702598215.824946/tactile/175-0.020681142807006836.jpg,images/hct/data2/15-1702598215.824946/vision/175-0.020681142807006836.jpg,"smooth, glossy, reflective, cool",glass
hct/15-1702598215.824946/176-0.020370960235595703.jpg,hct,images/hct/data2/15-1702598215.824946/tactile/176-0.020370960235595703.jpg,images/hct/data2/15-1702598215.824946/vision/176-0.020370960235595703.jpg,"cool, rigid, reflective",glass
hct/15-1702598215.824946/177-0.02151799201965332.jpg,hct,images/hct/data2/15-1702598215.824946/tactile/177-0.02151799201965332.jpg,images/hct/data2/15-1702598215.824946/vision/177-0.02151799201965332.jpg,"rigid, hard, smooth",glass
hct/15-1702598215.824946/178-0.020531177520751953.jpg,hct,images/hct/data2/15-1702598215.824946/tactile/178-0.020531177520751953.jpg,images/hct/data2/15-1702598215.824946/vision/178-0.020531177520751953.jpg,"reflective, cool, flat, sleek",glass
hct/15-1702598215.824946/179-0.021472930908203125.jpg,hct,images/hct/data2/15-1702598215.824946/tactile/179-0.021472930908203125.jpg,images/hct/data2/15-1702598215.824946/vision/179-0.021472930908203125.jpg,"glossy, flat, reflective",glass
hct/15-1702598215.824946/180-0.02149510383605957.jpg,hct,images/hct/data2/15-1702598215.824946/tactile/180-0.02149510383605957.jpg,images/hct/data2/15-1702598215.824946/vision/180-0.02149510383605957.jpg,"glossy, smooth, reflective, cool, sleek",glass
hct/15-1702598215.824946/181-0.021552085876464844.jpg,hct,images/hct/data2/15-1702598215.824946/tactile/181-0.021552085876464844.jpg,images/hct/data2/15-1702598215.824946/vision/181-0.021552085876464844.jpg,"smooth, cool, reflective",glass
hct/15-1702598215.824946/182-0.020839214324951172.jpg,hct,images/hct/data2/15-1702598215.824946/tactile/182-0.020839214324951172.jpg,images/hct/data2/15-1702598215.824946/vision/182-0.020839214324951172.jpg,"cool, rigid, sleek",glass
hct/15-1702598215.824946/183-0.021712064743041992.jpg,hct,images/hct/data2/15-1702598215.824946/tactile/183-0.021712064743041992.jpg,images/hct/data2/15-1702598215.824946/vision/183-0.021712064743041992.jpg,"glossy, smooth, rigid, sleek",glass
hct/15-1702598215.824946/184-0.020016908645629883.jpg,hct,images/hct/data2/15-1702598215.824946/tactile/184-0.020016908645629883.jpg,images/hct/data2/15-1702598215.824946/vision/184-0.020016908645629883.jpg,"smooth, reflective, hard, flat, glossy",glass
hct/15-1702598215.824946/185-0.020555973052978516.jpg,hct,images/hct/data2/15-1702598215.824946/tactile/185-0.020555973052978516.jpg,images/hct/data2/15-1702598215.824946/vision/185-0.020555973052978516.jpg,"sleek, reflective, flat",glass
hct/15-1702598215.824946/186-0.02042102813720703.jpg,hct,images/hct/data2/15-1702598215.824946/tactile/186-0.02042102813720703.jpg,images/hct/data2/15-1702598215.824946/vision/186-0.02042102813720703.jpg,"smooth, reflective, hard, flat, glossy",glass
hct/15-1702598215.824946/187-0.021385908126831055.jpg,hct,images/hct/data2/15-1702598215.824946/tactile/187-0.021385908126831055.jpg,images/hct/data2/15-1702598215.824946/vision/187-0.021385908126831055.jpg,"smooth, glossy, rigid, flat",glass
hct/15-1702598215.824946/188-0.02140498161315918.jpg,hct,images/hct/data2/15-1702598215.824946/tactile/188-0.02140498161315918.jpg,images/hct/data2/15-1702598215.824946/vision/188-0.02140498161315918.jpg,"reflective, glossy, smooth, hard",glass
hct/15-1702598215.824946/189-0.020731210708618164.jpg,hct,images/hct/data2/15-1702598215.824946/tactile/189-0.020731210708618164.jpg,images/hct/data2/15-1702598215.824946/vision/189-0.020731210708618164.jpg,"glossy, smooth, cool, hard",glass
hct/15-1702598215.824946/190-0.020402908325195312.jpg,hct,images/hct/data2/15-1702598215.824946/tactile/190-0.020402908325195312.jpg,images/hct/data2/15-1702598215.824946/vision/190-0.020402908325195312.jpg,"smooth, flat, reflective, glossy",glass
hct/15-1702598215.824946/191-0.021307945251464844.jpg,hct,images/hct/data2/15-1702598215.824946/tactile/191-0.021307945251464844.jpg,images/hct/data2/15-1702598215.824946/vision/191-0.021307945251464844.jpg,"smooth, flat, cool",glass
hct/15-1702598215.824946/192-0.020093917846679688.jpg,hct,images/hct/data2/15-1702598215.824946/tactile/192-0.020093917846679688.jpg,images/hct/data2/15-1702598215.824946/vision/192-0.020093917846679688.jpg,"smooth, flat, hard, sleek, rigid",glass
hct/15-1702598215.824946/193-0.02022695541381836.jpg,hct,images/hct/data2/15-1702598215.824946/tactile/193-0.02022695541381836.jpg,images/hct/data2/15-1702598215.824946/vision/193-0.02022695541381836.jpg,"smooth, reflective, hard, cool, glossy",glass
hct/15-1702598215.824946/194-0.02237081527709961.jpg,hct,images/hct/data2/15-1702598215.824946/tactile/194-0.02237081527709961.jpg,images/hct/data2/15-1702598215.824946/vision/194-0.02237081527709961.jpg,"glossy, sleek, hard, flat, cool",glass
hct/15-1702598215.824946/195-0.020835161209106445.jpg,hct,images/hct/data2/15-1702598215.824946/tactile/195-0.020835161209106445.jpg,images/hct/data2/15-1702598215.824946/vision/195-0.020835161209106445.jpg,"smooth, sleek, hard, flat",glass
hct/15-1702598215.824946/196-0.020364046096801758.jpg,hct,images/hct/data2/15-1702598215.824946/tactile/196-0.020364046096801758.jpg,images/hct/data2/15-1702598215.824946/vision/196-0.020364046096801758.jpg,"smooth, reflective, hard, cool, glossy",glass
hct/15-1702598215.824946/197-0.02086782455444336.jpg,hct,images/hct/data2/15-1702598215.824946/tactile/197-0.02086782455444336.jpg,images/hct/data2/15-1702598215.824946/vision/197-0.02086782455444336.jpg,"smooth, reflective, hard, flat, glossy",glass
hct/15-1702598215.824946/198-0.021506071090698242.jpg,hct,images/hct/data2/15-1702598215.824946/tactile/198-0.021506071090698242.jpg,images/hct/data2/15-1702598215.824946/vision/198-0.021506071090698242.jpg,"hard, smooth, rigid, cool",glass
hct/15-1702598215.824946/199-0.020547866821289062.jpg,hct,images/hct/data2/15-1702598215.824946/tactile/199-0.020547866821289062.jpg,images/hct/data2/15-1702598215.824946/vision/199-0.020547866821289062.jpg,"smooth, glossy, rigid, cool, flat",glass
hct/15-1702598215.824946/200-0.020519018173217773.jpg,hct,images/hct/data2/15-1702598215.824946/tactile/200-0.020519018173217773.jpg,images/hct/data2/15-1702598215.824946/vision/200-0.020519018173217773.jpg,"rigid, smooth, glossy, flat",glass
hct/15-1702598215.824946/201-0.020715951919555664.jpg,hct,images/hct/data2/15-1702598215.824946/tactile/201-0.020715951919555664.jpg,images/hct/data2/15-1702598215.824946/vision/201-0.020715951919555664.jpg,"reflective, glossy, cool",glass
hct/15-1702598215.824946/202-0.021311044692993164.jpg,hct,images/hct/data2/15-1702598215.824946/tactile/202-0.021311044692993164.jpg,images/hct/data2/15-1702598215.824946/vision/202-0.021311044692993164.jpg,"flat, glossy, cool, hard, rigid",glass
hct/15-1702598215.824946/204-0.021752119064331055.jpg,hct,images/hct/data2/15-1702598215.824946/tactile/204-0.021752119064331055.jpg,images/hct/data2/15-1702598215.824946/vision/204-0.021752119064331055.jpg,"sleek, smooth, rigid",glass
hct/15-1702598215.824946/205-0.021688222885131836.jpg,hct,images/hct/data2/15-1702598215.824946/tactile/205-0.021688222885131836.jpg,images/hct/data2/15-1702598215.824946/vision/205-0.021688222885131836.jpg,"rigid, glossy, reflective, flat",glass
hct/15-1702598215.824946/206-0.021467924118041992.jpg,hct,images/hct/data2/15-1702598215.824946/tactile/206-0.021467924118041992.jpg,images/hct/data2/15-1702598215.824946/vision/206-0.021467924118041992.jpg,"hard, smooth, cool",glass
hct/15-1702598215.824946/207-0.0224456787109375.jpg,hct,images/hct/data2/15-1702598215.824946/tactile/207-0.0224456787109375.jpg,images/hct/data2/15-1702598215.824946/vision/207-0.0224456787109375.jpg,"sleek, flat, cool, hard, smooth",glass
hct/15-1702598215.824946/209-0.020998239517211914.jpg,hct,images/hct/data2/15-1702598215.824946/tactile/209-0.020998239517211914.jpg,images/hct/data2/15-1702598215.824946/vision/209-0.020998239517211914.jpg,"sleek, reflective, rigid",glass
hct/15-1702598215.824946/210-0.021522998809814453.jpg,hct,images/hct/data2/15-1702598215.824946/tactile/210-0.021522998809814453.jpg,images/hct/data2/15-1702598215.824946/vision/210-0.021522998809814453.jpg,"smooth, reflective, hard, cool, glossy",glass
hct/15-1702598215.824946/211-0.01993083953857422.jpg,hct,images/hct/data2/15-1702598215.824946/tactile/211-0.01993083953857422.jpg,images/hct/data2/15-1702598215.824946/vision/211-0.01993083953857422.jpg,"hard, reflective, cool, smooth",glass
hct/15-1702598215.824946/212-0.02183985710144043.jpg,hct,images/hct/data2/15-1702598215.824946/tactile/212-0.02183985710144043.jpg,images/hct/data2/15-1702598215.824946/vision/212-0.02183985710144043.jpg,"smooth, reflective, hard, cool, glossy",glass
hct/15-1702598215.824946/225-0.02156209945678711.jpg,hct,images/hct/data2/15-1702598215.824946/tactile/225-0.02156209945678711.jpg,images/hct/data2/15-1702598215.824946/vision/225-0.02156209945678711.jpg,"sleek, flat, glossy, hard, smooth",glass
hct/15-1702598215.824946/226-0.021667957305908203.jpg,hct,images/hct/data2/15-1702598215.824946/tactile/226-0.021667957305908203.jpg,images/hct/data2/15-1702598215.824946/vision/226-0.021667957305908203.jpg,"glossy, flat, cool, hard, sleek",glass
hct/15-1702598215.824946/32-0.012265920639038086.jpg,hct,images/hct/data2/15-1702598215.824946/tactile/32-0.012265920639038086.jpg,images/hct/data2/15-1702598215.824946/vision/32-0.012265920639038086.jpg,"flat, reflective, cool, smooth",glass
hct/15-1702598215.824946/33-0.020518779754638672.jpg,hct,images/hct/data2/15-1702598215.824946/tactile/33-0.020518779754638672.jpg,images/hct/data2/15-1702598215.824946/vision/33-0.020518779754638672.jpg,"smooth, hard, rigid, flat",glass
hct/15-1702598215.824946/34-0.020570039749145508.jpg,hct,images/hct/data2/15-1702598215.824946/tactile/34-0.020570039749145508.jpg,images/hct/data2/15-1702598215.824946/vision/34-0.020570039749145508.jpg,"glossy, reflective, cool, rigid, hard",glass
hct/15-1702598215.824946/35-0.021231889724731445.jpg,hct,images/hct/data2/15-1702598215.824946/tactile/35-0.021231889724731445.jpg,images/hct/data2/15-1702598215.824946/vision/35-0.021231889724731445.jpg,"flat, cool, sleek",glass
hct/15-1702598215.824946/36-0.02207803726196289.jpg,hct,images/hct/data2/15-1702598215.824946/tactile/36-0.02207803726196289.jpg,images/hct/data2/15-1702598215.824946/vision/36-0.02207803726196289.jpg,"rigid, sleek, smooth, flat",glass
hct/15-1702598215.824946/37-0.022359132766723633.jpg,hct,images/hct/data2/15-1702598215.824946/tactile/37-0.022359132766723633.jpg,images/hct/data2/15-1702598215.824946/vision/37-0.022359132766723633.jpg,"smooth, rigid, cool, flat",glass
hct/15-1702598215.824946/38-0.02210378646850586.jpg,hct,images/hct/data2/15-1702598215.824946/tactile/38-0.02210378646850586.jpg,images/hct/data2/15-1702598215.824946/vision/38-0.02210378646850586.jpg,"smooth, reflective, hard, cool, glossy",glass
hct/15-1702598215.824946/39-0.02143406867980957.jpg,hct,images/hct/data2/15-1702598215.824946/tactile/39-0.02143406867980957.jpg,images/hct/data2/15-1702598215.824946/vision/39-0.02143406867980957.jpg,"sleek, smooth, hard, rigid",glass
hct/15-1702598215.824946/40-0.02237987518310547.jpg,hct,images/hct/data2/15-1702598215.824946/tactile/40-0.02237987518310547.jpg,images/hct/data2/15-1702598215.824946/vision/40-0.02237987518310547.jpg,"sleek, glossy, rigid",glass
hct/15-1702598215.824946/41-0.02130603790283203.jpg,hct,images/hct/data2/15-1702598215.824946/tactile/41-0.02130603790283203.jpg,images/hct/data2/15-1702598215.824946/vision/41-0.02130603790283203.jpg,"reflective, cool, smooth, hard, rigid",glass
hct/15-1702598215.824946/42-0.022866249084472656.jpg,hct,images/hct/data2/15-1702598215.824946/tactile/42-0.022866249084472656.jpg,images/hct/data2/15-1702598215.824946/vision/42-0.022866249084472656.jpg,"rigid, cool, smooth, sleek, glossy",glass
hct/15-1702598215.824946/43-0.021880149841308594.jpg,hct,images/hct/data2/15-1702598215.824946/tactile/43-0.021880149841308594.jpg,images/hct/data2/15-1702598215.824946/vision/43-0.021880149841308594.jpg,"cool, hard, reflective, sleek, flat",glass
hct/15-1702598215.824946/44-0.021793127059936523.jpg,hct,images/hct/data2/15-1702598215.824946/tactile/44-0.021793127059936523.jpg,images/hct/data2/15-1702598215.824946/vision/44-0.021793127059936523.jpg,"flat, hard, sleek, reflective, rigid",glass
hct/15-1702598215.824946/45-0.021491050720214844.jpg,hct,images/hct/data2/15-1702598215.824946/tactile/45-0.021491050720214844.jpg,images/hct/data2/15-1702598215.824946/vision/45-0.021491050720214844.jpg,"glossy, cool, smooth, flat",glass
hct/15-1702598215.824946/46-0.022231101989746094.jpg,hct,images/hct/data2/15-1702598215.824946/tactile/46-0.022231101989746094.jpg,images/hct/data2/15-1702598215.824946/vision/46-0.022231101989746094.jpg,"reflective, hard, sleek, glossy",glass
hct/15-1702598215.824946/47-0.02149796485900879.jpg,hct,images/hct/data2/15-1702598215.824946/tactile/47-0.02149796485900879.jpg,images/hct/data2/15-1702598215.824946/vision/47-0.02149796485900879.jpg,"flat, hard, glossy, reflective, sleek",glass
hct/15-1702598215.824946/48-0.022601842880249023.jpg,hct,images/hct/data2/15-1702598215.824946/tactile/48-0.022601842880249023.jpg,images/hct/data2/15-1702598215.824946/vision/48-0.022601842880249023.jpg,"flat, smooth, cool, glossy",glass
hct/15-1702598215.824946/49-0.02144598960876465.jpg,hct,images/hct/data2/15-1702598215.824946/tactile/49-0.02144598960876465.jpg,images/hct/data2/15-1702598215.824946/vision/49-0.02144598960876465.jpg,"reflective, flat, rigid, glossy, hard",glass
hct/15-1702598215.824946/50-0.020951032638549805.jpg,hct,images/hct/data2/15-1702598215.824946/tactile/50-0.020951032638549805.jpg,images/hct/data2/15-1702598215.824946/vision/50-0.020951032638549805.jpg,"flat, reflective, smooth, glossy",glass
hct/15-1702598215.824946/51-0.02338576316833496.jpg,hct,images/hct/data2/15-1702598215.824946/tactile/51-0.02338576316833496.jpg,images/hct/data2/15-1702598215.824946/vision/51-0.02338576316833496.jpg,"smooth, reflective, hard, flat, glossy",glass
hct/15-1702598215.824946/52-0.02337503433227539.jpg,hct,images/hct/data2/15-1702598215.824946/tactile/52-0.02337503433227539.jpg,images/hct/data2/15-1702598215.824946/vision/52-0.02337503433227539.jpg,"smooth, flat, rigid, sleek",glass
hct/15-1702598215.824946/53-0.023040056228637695.jpg,hct,images/hct/data2/15-1702598215.824946/tactile/53-0.023040056228637695.jpg,images/hct/data2/15-1702598215.824946/vision/53-0.023040056228637695.jpg,"hard, flat, sleek, rigid, smooth",glass
hct/15-1702598215.824946/54-0.02065300941467285.jpg,hct,images/hct/data2/15-1702598215.824946/tactile/54-0.02065300941467285.jpg,images/hct/data2/15-1702598215.824946/vision/54-0.02065300941467285.jpg,"glossy, reflective, flat",glass
hct/15-1702598215.824946/55-0.02109694480895996.jpg,hct,images/hct/data2/15-1702598215.824946/tactile/55-0.02109694480895996.jpg,images/hct/data2/15-1702598215.824946/vision/55-0.02109694480895996.jpg,"sleek, flat, cool",glass
hct/15-1702598215.824946/56-0.020805835723876953.jpg,hct,images/hct/data2/15-1702598215.824946/tactile/56-0.020805835723876953.jpg,images/hct/data2/15-1702598215.824946/vision/56-0.020805835723876953.jpg,"reflective, smooth, hard",glass
hct/15-1702598215.824946/57-0.021441936492919922.jpg,hct,images/hct/data2/15-1702598215.824946/tactile/57-0.021441936492919922.jpg,images/hct/data2/15-1702598215.824946/vision/57-0.021441936492919922.jpg,"rigid, flat, hard",glass
hct/15-1702598215.824946/58-0.022511959075927734.jpg,hct,images/hct/data2/15-1702598215.824946/tactile/58-0.022511959075927734.jpg,images/hct/data2/15-1702598215.824946/vision/58-0.022511959075927734.jpg,"smooth, reflective, hard, flat, glossy",glass
hct/15-1702598215.824946/59-0.02194523811340332.jpg,hct,images/hct/data2/15-1702598215.824946/tactile/59-0.02194523811340332.jpg,images/hct/data2/15-1702598215.824946/vision/59-0.02194523811340332.jpg,"reflective, smooth, hard, rigid",glass
hct/15-1702598215.824946/60-0.02130889892578125.jpg,hct,images/hct/data2/15-1702598215.824946/tactile/60-0.02130889892578125.jpg,images/hct/data2/15-1702598215.824946/vision/60-0.02130889892578125.jpg,"cool, reflective, sleek",glass
hct/15-1702598215.824946/61-0.02144312858581543.jpg,hct,images/hct/data2/15-1702598215.824946/tactile/61-0.02144312858581543.jpg,images/hct/data2/15-1702598215.824946/vision/61-0.02144312858581543.jpg,"reflective, flat, hard, rigid, glossy",glass
hct/15-1702598215.824946/62-0.021090030670166016.jpg,hct,images/hct/data2/15-1702598215.824946/tactile/62-0.021090030670166016.jpg,images/hct/data2/15-1702598215.824946/vision/62-0.021090030670166016.jpg,"cool, hard, smooth, glossy",glass
hct/15-1702598215.824946/63-0.021146774291992188.jpg,hct,images/hct/data2/15-1702598215.824946/tactile/63-0.021146774291992188.jpg,images/hct/data2/15-1702598215.824946/vision/63-0.021146774291992188.jpg,"smooth, reflective, hard, flat, glossy",glass
hct/15-1702598215.824946/64-0.022849082946777344.jpg,hct,images/hct/data2/15-1702598215.824946/tactile/64-0.022849082946777344.jpg,images/hct/data2/15-1702598215.824946/vision/64-0.022849082946777344.jpg,"flat, rigid, hard",glass
hct/15-1702598215.824946/65-0.02111983299255371.jpg,hct,images/hct/data2/15-1702598215.824946/tactile/65-0.02111983299255371.jpg,images/hct/data2/15-1702598215.824946/vision/65-0.02111983299255371.jpg,"flat, glossy, cool, rigid, smooth",glass
hct/15-1702598215.824946/66-0.023320674896240234.jpg,hct,images/hct/data2/15-1702598215.824946/tactile/66-0.023320674896240234.jpg,images/hct/data2/15-1702598215.824946/vision/66-0.023320674896240234.jpg,"rigid, flat, hard",glass
hct/15-1702598215.824946/67-0.02174997329711914.jpg,hct,images/hct/data2/15-1702598215.824946/tactile/67-0.02174997329711914.jpg,images/hct/data2/15-1702598215.824946/vision/67-0.02174997329711914.jpg,"hard, sleek, reflective",glass
hct/15-1702598215.824946/68-0.021490812301635742.jpg,hct,images/hct/data2/15-1702598215.824946/tactile/68-0.021490812301635742.jpg,images/hct/data2/15-1702598215.824946/vision/68-0.021490812301635742.jpg,"cool, rigid, flat",glass
hct/15-1702598215.824946/69-0.021236896514892578.jpg,hct,images/hct/data2/15-1702598215.824946/tactile/69-0.021236896514892578.jpg,images/hct/data2/15-1702598215.824946/vision/69-0.021236896514892578.jpg,"reflective, cool, smooth",glass
hct/15-1702598215.824946/70-0.022613048553466797.jpg,hct,images/hct/data2/15-1702598215.824946/tactile/70-0.022613048553466797.jpg,images/hct/data2/15-1702598215.824946/vision/70-0.022613048553466797.jpg,"smooth, flat, sleek, reflective, hard",glass
hct/15-1702598215.824946/71-0.02200913429260254.jpg,hct,images/hct/data2/15-1702598215.824946/tactile/71-0.02200913429260254.jpg,images/hct/data2/15-1702598215.824946/vision/71-0.02200913429260254.jpg,"rigid, reflective, flat, sleek, glossy",glass
hct/15-1702598215.824946/72-0.020839929580688477.jpg,hct,images/hct/data2/15-1702598215.824946/tactile/72-0.020839929580688477.jpg,images/hct/data2/15-1702598215.824946/vision/72-0.020839929580688477.jpg,"sleek, glossy, cool, hard, rigid",glass
hct/15-1702598215.824946/73-0.021687030792236328.jpg,hct,images/hct/data2/15-1702598215.824946/tactile/73-0.021687030792236328.jpg,images/hct/data2/15-1702598215.824946/vision/73-0.021687030792236328.jpg,"smooth, glossy, flat",glass
hct/15-1702598215.824946/74-0.02165818214416504.jpg,hct,images/hct/data2/15-1702598215.824946/tactile/74-0.02165818214416504.jpg,images/hct/data2/15-1702598215.824946/vision/74-0.02165818214416504.jpg,"sleek, rigid, cool",glass
hct/15-1702598215.824946/75-0.021338224411010742.jpg,hct,images/hct/data2/15-1702598215.824946/tactile/75-0.021338224411010742.jpg,images/hct/data2/15-1702598215.824946/vision/75-0.021338224411010742.jpg,"reflective, flat, sleek, rigid",glass
hct/15-1702598215.824946/76-0.020941734313964844.jpg,hct,images/hct/data2/15-1702598215.824946/tactile/76-0.020941734313964844.jpg,images/hct/data2/15-1702598215.824946/vision/76-0.020941734313964844.jpg,"flat, smooth, glossy, reflective, cool",glass
hct/15-1702598215.824946/77-0.020812034606933594.jpg,hct,images/hct/data2/15-1702598215.824946/tactile/77-0.020812034606933594.jpg,images/hct/data2/15-1702598215.824946/vision/77-0.020812034606933594.jpg,"smooth, glossy, hard, cool, flat",glass
hct/15-1702598215.824946/78-0.020290136337280273.jpg,hct,images/hct/data2/15-1702598215.824946/tactile/78-0.020290136337280273.jpg,images/hct/data2/15-1702598215.824946/vision/78-0.020290136337280273.jpg,"sleek, flat, hard, reflective",glass
hct/15-1702598215.824946/79-0.021981000900268555.jpg,hct,images/hct/data2/15-1702598215.824946/tactile/79-0.021981000900268555.jpg,images/hct/data2/15-1702598215.824946/vision/79-0.021981000900268555.jpg,"cool, flat, sleek, glossy, hard",glass
hct/15-1702598215.824946/80-0.021499156951904297.jpg,hct,images/hct/data2/15-1702598215.824946/tactile/80-0.021499156951904297.jpg,images/hct/data2/15-1702598215.824946/vision/80-0.021499156951904297.jpg,"rigid, reflective, cool, sleek",glass
hct/15-1702598215.824946/81-0.022429227828979492.jpg,hct,images/hct/data2/15-1702598215.824946/tactile/81-0.022429227828979492.jpg,images/hct/data2/15-1702598215.824946/vision/81-0.022429227828979492.jpg,"hard, sleek, smooth",glass
hct/15-1702598215.824946/82-0.021232128143310547.jpg,hct,images/hct/data2/15-1702598215.824946/tactile/82-0.021232128143310547.jpg,images/hct/data2/15-1702598215.824946/vision/82-0.021232128143310547.jpg,"smooth, glossy, cool",glass
hct/15-1702598215.824946/83-0.022444963455200195.jpg,hct,images/hct/data2/15-1702598215.824946/tactile/83-0.022444963455200195.jpg,images/hct/data2/15-1702598215.824946/vision/83-0.022444963455200195.jpg,"hard, rigid, flat, sleek",glass
hct/15-1702598215.824946/84-0.02099919319152832.jpg,hct,images/hct/data2/15-1702598215.824946/tactile/84-0.02099919319152832.jpg,images/hct/data2/15-1702598215.824946/vision/84-0.02099919319152832.jpg,"sleek, glossy, rigid, hard, smooth",glass
hct/15-1702598215.824946/85-0.021108150482177734.jpg,hct,images/hct/data2/15-1702598215.824946/tactile/85-0.021108150482177734.jpg,images/hct/data2/15-1702598215.824946/vision/85-0.021108150482177734.jpg,"cool, glossy, sleek, reflective, rigid",glass
hct/15-1702598215.824946/86-0.020581722259521484.jpg,hct,images/hct/data2/15-1702598215.824946/tactile/86-0.020581722259521484.jpg,images/hct/data2/15-1702598215.824946/vision/86-0.020581722259521484.jpg,"smooth, glossy, rigid, cool, flat",glass
hct/15-1702598215.824946/87-0.021334171295166016.jpg,hct,images/hct/data2/15-1702598215.824946/tactile/87-0.021334171295166016.jpg,images/hct/data2/15-1702598215.824946/vision/87-0.021334171295166016.jpg,"smooth, cool, sleek",glass
hct/15-1702598215.824946/88-0.021001815795898438.jpg,hct,images/hct/data2/15-1702598215.824946/tactile/88-0.021001815795898438.jpg,images/hct/data2/15-1702598215.824946/vision/88-0.021001815795898438.jpg,"rigid, glossy, cool, sleek",glass
hct/15-1702598215.824946/89-0.021493911743164062.jpg,hct,images/hct/data2/15-1702598215.824946/tactile/89-0.021493911743164062.jpg,images/hct/data2/15-1702598215.824946/vision/89-0.021493911743164062.jpg,"reflective, hard, rigid",glass
hct/15-1702598215.824946/90-0.021257877349853516.jpg,hct,images/hct/data2/15-1702598215.824946/tactile/90-0.021257877349853516.jpg,images/hct/data2/15-1702598215.824946/vision/90-0.021257877349853516.jpg,"reflective, flat, hard",glass
hct/15-1702598215.824946/91-0.021229028701782227.jpg,hct,images/hct/data2/15-1702598215.824946/tactile/91-0.021229028701782227.jpg,images/hct/data2/15-1702598215.824946/vision/91-0.021229028701782227.jpg,"cool, hard, smooth, rigid",glass
hct/15-1702598215.824946/92-0.022411108016967773.jpg,hct,images/hct/data2/15-1702598215.824946/tactile/92-0.022411108016967773.jpg,images/hct/data2/15-1702598215.824946/vision/92-0.022411108016967773.jpg,"smooth, hard, sleek, cool",glass
hct/15-1702598215.824946/93-0.022485971450805664.jpg,hct,images/hct/data2/15-1702598215.824946/tactile/93-0.022485971450805664.jpg,images/hct/data2/15-1702598215.824946/vision/93-0.022485971450805664.jpg,"glossy, reflective, hard, flat, cool",glass
hct/15-1702598215.824946/94-0.01990199089050293.jpg,hct,images/hct/data2/15-1702598215.824946/tactile/94-0.01990199089050293.jpg,images/hct/data2/15-1702598215.824946/vision/94-0.01990199089050293.jpg,"glossy, sleek, hard, smooth",glass
hct/15-1702598215.824946/95-0.02047276496887207.jpg,hct,images/hct/data2/15-1702598215.824946/tactile/95-0.02047276496887207.jpg,images/hct/data2/15-1702598215.824946/vision/95-0.02047276496887207.jpg,"rigid, cool, glossy",glass
hct/15-1702598215.824946/96-0.020569801330566406.jpg,hct,images/hct/data2/15-1702598215.824946/tactile/96-0.020569801330566406.jpg,images/hct/data2/15-1702598215.824946/vision/96-0.020569801330566406.jpg,"cool, flat, glossy, reflective, sleek",glass
hct/15-1702598215.824946/97-0.020452260971069336.jpg,hct,images/hct/data2/15-1702598215.824946/tactile/97-0.020452260971069336.jpg,images/hct/data2/15-1702598215.824946/vision/97-0.020452260971069336.jpg,"reflective, smooth, hard, glossy, rigid",glass
hct/15-1702598215.824946/98-0.02114725112915039.jpg,hct,images/hct/data2/15-1702598215.824946/tactile/98-0.02114725112915039.jpg,images/hct/data2/15-1702598215.824946/vision/98-0.02114725112915039.jpg,"rigid, reflective, flat, glossy",glass
hct/15-1702598215.824946/99-0.02162790298461914.jpg,hct,images/hct/data2/15-1702598215.824946/tactile/99-0.02162790298461914.jpg,images/hct/data2/15-1702598215.824946/vision/99-0.02162790298461914.jpg,"sleek, hard, cool, glossy",glass
hct/17-1702597724.763801/120-0.022104740142822266.jpg,hct,images/hct/data2/17-1702597724.763801/tactile/120-0.022104740142822266.jpg,images/hct/data2/17-1702597724.763801/vision/120-0.022104740142822266.jpg,"reflective, matte, flat",glass
hct/17-1702597724.763801/121-0.022204875946044922.jpg,hct,images/hct/data2/17-1702597724.763801/tactile/121-0.022204875946044922.jpg,images/hct/data2/17-1702597724.763801/vision/121-0.022204875946044922.jpg,"flat, matte, hard, glossy, smooth",glass
hct/17-1702597724.763801/122-0.02096104621887207.jpg,hct,images/hct/data2/17-1702597724.763801/tactile/122-0.02096104621887207.jpg,images/hct/data2/17-1702597724.763801/vision/122-0.02096104621887207.jpg,"slick, matte, hard, sleek",glass
hct/17-1702597724.763801/127-0.020766019821166992.jpg,hct,images/hct/data2/17-1702597724.763801/tactile/127-0.020766019821166992.jpg,images/hct/data2/17-1702597724.763801/vision/127-0.020766019821166992.jpg,"reflective, flat, slippery, sleek",glass
hct/17-1702597724.763801/136-0.022410154342651367.jpg,hct,images/hct/data2/17-1702597724.763801/tactile/136-0.022410154342651367.jpg,images/hct/data2/17-1702597724.763801/vision/136-0.022410154342651367.jpg,"smooth, rigid, matte, reflective, slippery",glass
hct/17-1702597724.763801/137-0.022539854049682617.jpg,hct,images/hct/data2/17-1702597724.763801/tactile/137-0.022539854049682617.jpg,images/hct/data2/17-1702597724.763801/vision/137-0.022539854049682617.jpg,"smooth, flat, rigid, cool, matte",glass
hct/17-1702597724.763801/143-0.021725893020629883.jpg,hct,images/hct/data2/17-1702597724.763801/tactile/143-0.021725893020629883.jpg,images/hct/data2/17-1702597724.763801/vision/143-0.021725893020629883.jpg,"flat, smooth, reflective, glossy, sleek",glass
hct/17-1702597724.763801/152-0.022050857543945312.jpg,hct,images/hct/data2/17-1702597724.763801/tactile/152-0.022050857543945312.jpg,images/hct/data2/17-1702597724.763801/vision/152-0.022050857543945312.jpg,"smooth, matte, reflective, rigid, cool",glass
hct/17-1702597724.763801/153-0.020857810974121094.jpg,hct,images/hct/data2/17-1702597724.763801/tactile/153-0.020857810974121094.jpg,images/hct/data2/17-1702597724.763801/vision/153-0.020857810974121094.jpg,"matte, reflective, hard",glass
hct/17-1702597724.763801/154-0.022359132766723633.jpg,hct,images/hct/data2/17-1702597724.763801/tactile/154-0.022359132766723633.jpg,images/hct/data2/17-1702597724.763801/vision/154-0.022359132766723633.jpg,"matte, glossy, rigid, reflective, cool",glass
hct/17-1702597724.763801/158-0.021259069442749023.jpg,hct,images/hct/data2/17-1702597724.763801/tactile/158-0.021259069442749023.jpg,images/hct/data2/17-1702597724.763801/vision/158-0.021259069442749023.jpg,"hard, rigid, cool, slick",glass
hct/17-1702597724.763801/165-0.021292924880981445.jpg,hct,images/hct/data2/17-1702597724.763801/tactile/165-0.021292924880981445.jpg,images/hct/data2/17-1702597724.763801/vision/165-0.021292924880981445.jpg,"slick, smooth, glossy, hard, reflective",glass
hct/17-1702597724.763801/168-0.022469043731689453.jpg,hct,images/hct/data2/17-1702597724.763801/tactile/168-0.022469043731689453.jpg,images/hct/data2/17-1702597724.763801/vision/168-0.022469043731689453.jpg,"glossy, flat, reflective",glass
hct/17-1702597724.763801/169-0.022737979888916016.jpg,hct,images/hct/data2/17-1702597724.763801/tactile/169-0.022737979888916016.jpg,images/hct/data2/17-1702597724.763801/vision/169-0.022737979888916016.jpg,"sleek, matte, flat, hard",glass
hct/17-1702597724.763801/174-0.022488832473754883.jpg,hct,images/hct/data2/17-1702597724.763801/tactile/174-0.022488832473754883.jpg,images/hct/data2/17-1702597724.763801/vision/174-0.022488832473754883.jpg,"smooth, cool, sleek",glass
hct/17-1702597724.763801/176-0.022037982940673828.jpg,hct,images/hct/data2/17-1702597724.763801/tactile/176-0.022037982940673828.jpg,images/hct/data2/17-1702597724.763801/vision/176-0.022037982940673828.jpg,"hard, flat, smooth",glass
hct/17-1702597724.763801/181-0.02133488655090332.jpg,hct,images/hct/data2/17-1702597724.763801/tactile/181-0.02133488655090332.jpg,images/hct/data2/17-1702597724.763801/vision/181-0.02133488655090332.jpg,"matte, smooth, hard, slick",glass
hct/17-1702597724.763801/184-0.022947072982788086.jpg,hct,images/hct/data2/17-1702597724.763801/tactile/184-0.022947072982788086.jpg,images/hct/data2/17-1702597724.763801/vision/184-0.022947072982788086.jpg,"reflective, slick, cool",glass
hct/17-1702597724.763801/185-0.021275997161865234.jpg,hct,images/hct/data2/17-1702597724.763801/tactile/185-0.021275997161865234.jpg,images/hct/data2/17-1702597724.763801/vision/185-0.021275997161865234.jpg,"smooth, reflective, hard, cool, glossy",glass
hct/17-1702597724.763801/186-0.021440982818603516.jpg,hct,images/hct/data2/17-1702597724.763801/tactile/186-0.021440982818603516.jpg,images/hct/data2/17-1702597724.763801/vision/186-0.021440982818603516.jpg,"hard, sleek, reflective, slick, slippery",glass
hct/17-1702597724.763801/187-0.0212399959564209.jpg,hct,images/hct/data2/17-1702597724.763801/tactile/187-0.0212399959564209.jpg,images/hct/data2/17-1702597724.763801/vision/187-0.0212399959564209.jpg,"hard, flat, sleek, slick, cool",glass
hct/17-1702597724.763801/188-0.02235889434814453.jpg,hct,images/hct/data2/17-1702597724.763801/tactile/188-0.02235889434814453.jpg,images/hct/data2/17-1702597724.763801/vision/188-0.02235889434814453.jpg,"smooth, glossy, hard, cool, sleek",glass
hct/17-1702597724.763801/189-0.020679950714111328.jpg,hct,images/hct/data2/17-1702597724.763801/tactile/189-0.020679950714111328.jpg,images/hct/data2/17-1702597724.763801/vision/189-0.020679950714111328.jpg,"smooth, glossy, hard, cool, reflective",glass
hct/17-1702597724.763801/190-0.021490097045898438.jpg,hct,images/hct/data2/17-1702597724.763801/tactile/190-0.021490097045898438.jpg,images/hct/data2/17-1702597724.763801/vision/190-0.021490097045898438.jpg,"slippery, smooth, rigid, matte",glass
hct/17-1702597724.763801/191-0.02131366729736328.jpg,hct,images/hct/data2/17-1702597724.763801/tactile/191-0.02131366729736328.jpg,images/hct/data2/17-1702597724.763801/vision/191-0.02131366729736328.jpg,"sleek, cool, flat, slick, matte",glass
hct/17-1702597724.763801/192-0.02243208885192871.jpg,hct,images/hct/data2/17-1702597724.763801/tactile/192-0.02243208885192871.jpg,images/hct/data2/17-1702597724.763801/vision/192-0.02243208885192871.jpg,"slippery, glossy, matte, hard",glass
hct/17-1702597724.763801/193-0.021884918212890625.jpg,hct,images/hct/data2/17-1702597724.763801/tactile/193-0.021884918212890625.jpg,images/hct/data2/17-1702597724.763801/vision/193-0.021884918212890625.jpg,"reflective, slick, matte, rigid, sleek",glass
hct/17-1702597724.763801/194-0.020608186721801758.jpg,hct,images/hct/data2/17-1702597724.763801/tactile/194-0.020608186721801758.jpg,images/hct/data2/17-1702597724.763801/vision/194-0.020608186721801758.jpg,"cool, hard, slick, glossy, matte",glass
hct/17-1702597724.763801/195-0.02338099479675293.jpg,hct,images/hct/data2/17-1702597724.763801/tactile/195-0.02338099479675293.jpg,images/hct/data2/17-1702597724.763801/vision/195-0.02338099479675293.jpg,"smooth, reflective, slippery, cool, glossy",glass
hct/17-1702597724.763801/196-0.021856069564819336.jpg,hct,images/hct/data2/17-1702597724.763801/tactile/196-0.021856069564819336.jpg,images/hct/data2/17-1702597724.763801/vision/196-0.021856069564819336.jpg,"smooth, glossy, hard, cool, reflective",glass
hct/17-1702597724.763801/197-0.020835161209106445.jpg,hct,images/hct/data2/17-1702597724.763801/tactile/197-0.020835161209106445.jpg,images/hct/data2/17-1702597724.763801/vision/197-0.020835161209106445.jpg,"sleek, glossy, hard, flat, smooth",glass
hct/17-1702597724.763801/198-0.021227121353149414.jpg,hct,images/hct/data2/17-1702597724.763801/tactile/198-0.021227121353149414.jpg,images/hct/data2/17-1702597724.763801/vision/198-0.021227121353149414.jpg,"smooth, cool, glossy, matte",glass
hct/17-1702597724.763801/199-0.022839784622192383.jpg,hct,images/hct/data2/17-1702597724.763801/tactile/199-0.022839784622192383.jpg,images/hct/data2/17-1702597724.763801/vision/199-0.022839784622192383.jpg,"flat, sleek, smooth",glass
hct/17-1702597724.763801/200-0.021893024444580078.jpg,hct,images/hct/data2/17-1702597724.763801/tactile/200-0.021893024444580078.jpg,images/hct/data2/17-1702597724.763801/vision/200-0.021893024444580078.jpg,"glossy, matte, flat, smooth",glass
hct/17-1702597724.763801/201-0.02131819725036621.jpg,hct,images/hct/data2/17-1702597724.763801/tactile/201-0.02131819725036621.jpg,images/hct/data2/17-1702597724.763801/vision/201-0.02131819725036621.jpg,"rigid, sleek, reflective, matte",glass
hct/17-1702597724.763801/202-0.0211639404296875.jpg,hct,images/hct/data2/17-1702597724.763801/tactile/202-0.0211639404296875.jpg,images/hct/data2/17-1702597724.763801/vision/202-0.0211639404296875.jpg,"flat, smooth, reflective",glass
hct/17-1702597724.763801/203-0.02121591567993164.jpg,hct,images/hct/data2/17-1702597724.763801/tactile/203-0.02121591567993164.jpg,images/hct/data2/17-1702597724.763801/vision/203-0.02121591567993164.jpg,"smooth, reflective, hard, cool, glossy",glass
hct/17-1702597724.763801/204-0.021777868270874023.jpg,hct,images/hct/data2/17-1702597724.763801/tactile/204-0.021777868270874023.jpg,images/hct/data2/17-1702597724.763801/vision/204-0.021777868270874023.jpg,"flat, rigid, glossy, sleek",glass
hct/17-1702597724.763801/205-0.021027088165283203.jpg,hct,images/hct/data2/17-1702597724.763801/tactile/205-0.021027088165283203.jpg,images/hct/data2/17-1702597724.763801/vision/205-0.021027088165283203.jpg,"hard, cool, smooth, rigid",glass
hct/17-1702597724.763801/206-0.021853208541870117.jpg,hct,images/hct/data2/17-1702597724.763801/tactile/206-0.021853208541870117.jpg,images/hct/data2/17-1702597724.763801/vision/206-0.021853208541870117.jpg,"matte, rigid, sleek, reflective",glass
hct/17-1702597724.763801/207-0.021835803985595703.jpg,hct,images/hct/data2/17-1702597724.763801/tactile/207-0.021835803985595703.jpg,images/hct/data2/17-1702597724.763801/vision/207-0.021835803985595703.jpg,"sleek, hard, flat, glossy, cool",glass
hct/17-1702597724.763801/208-0.02167797088623047.jpg,hct,images/hct/data2/17-1702597724.763801/tactile/208-0.02167797088623047.jpg,images/hct/data2/17-1702597724.763801/vision/208-0.02167797088623047.jpg,"reflective, slippery, cool, rigid",glass
hct/17-1702597724.763801/209-0.021368026733398438.jpg,hct,images/hct/data2/17-1702597724.763801/tactile/209-0.021368026733398438.jpg,images/hct/data2/17-1702597724.763801/vision/209-0.021368026733398438.jpg,"smooth, reflective, hard, cool, glossy",glass
hct/17-1702597724.763801/210-0.02289891242980957.jpg,hct,images/hct/data2/17-1702597724.763801/tactile/210-0.02289891242980957.jpg,images/hct/data2/17-1702597724.763801/vision/210-0.02289891242980957.jpg,"slick, cool, flat, matte, rigid",glass
hct/17-1702597724.763801/211-0.020489931106567383.jpg,hct,images/hct/data2/17-1702597724.763801/tactile/211-0.020489931106567383.jpg,images/hct/data2/17-1702597724.763801/vision/211-0.020489931106567383.jpg,"slick, flat, matte",glass
hct/17-1702597724.763801/212-0.021079063415527344.jpg,hct,images/hct/data2/17-1702597724.763801/tactile/212-0.021079063415527344.jpg,images/hct/data2/17-1702597724.763801/vision/212-0.021079063415527344.jpg,"smooth, sleek, rigid, matte",glass
hct/17-1702597724.763801/213-0.020209789276123047.jpg,hct,images/hct/data2/17-1702597724.763801/tactile/213-0.020209789276123047.jpg,images/hct/data2/17-1702597724.763801/vision/213-0.020209789276123047.jpg,"reflective, cool, slippery",glass
hct/17-1702597724.763801/214-0.02117180824279785.jpg,hct,images/hct/data2/17-1702597724.763801/tactile/214-0.02117180824279785.jpg,images/hct/data2/17-1702597724.763801/vision/214-0.02117180824279785.jpg,"smooth, cool, sleek",glass
hct/17-1702597724.763801/215-0.020537853240966797.jpg,hct,images/hct/data2/17-1702597724.763801/tactile/215-0.020537853240966797.jpg,images/hct/data2/17-1702597724.763801/vision/215-0.020537853240966797.jpg,"hard, matte, cool, smooth",glass
hct/17-1702597724.763801/216-0.020750999450683594.jpg,hct,images/hct/data2/17-1702597724.763801/tactile/216-0.020750999450683594.jpg,images/hct/data2/17-1702597724.763801/vision/216-0.020750999450683594.jpg,"slick, sleek, reflective",glass
hct/17-1702597724.763801/217-0.02110004425048828.jpg,hct,images/hct/data2/17-1702597724.763801/tactile/217-0.02110004425048828.jpg,images/hct/data2/17-1702597724.763801/vision/217-0.02110004425048828.jpg,"hard, flat, cool, slick",glass
hct/17-1702597724.763801/218-0.02063584327697754.jpg,hct,images/hct/data2/17-1702597724.763801/tactile/218-0.02063584327697754.jpg,images/hct/data2/17-1702597724.763801/vision/218-0.02063584327697754.jpg,"glossy, hard, sleek",glass
hct/17-1702597724.763801/219-0.021787166595458984.jpg,hct,images/hct/data2/17-1702597724.763801/tactile/219-0.021787166595458984.jpg,images/hct/data2/17-1702597724.763801/vision/219-0.021787166595458984.jpg,"reflective, glossy, matte",glass
hct/17-1702597724.763801/220-0.021281003952026367.jpg,hct,images/hct/data2/17-1702597724.763801/tactile/220-0.021281003952026367.jpg,images/hct/data2/17-1702597724.763801/vision/220-0.021281003952026367.jpg,"slippery, slick, matte",glass
hct/17-1702597724.763801/221-0.02076101303100586.jpg,hct,images/hct/data2/17-1702597724.763801/tactile/221-0.02076101303100586.jpg,images/hct/data2/17-1702597724.763801/vision/221-0.02076101303100586.jpg,"slippery, rigid, matte",glass
hct/17-1702597724.763801/222-0.022179126739501953.jpg,hct,images/hct/data2/17-1702597724.763801/tactile/222-0.022179126739501953.jpg,images/hct/data2/17-1702597724.763801/vision/222-0.022179126739501953.jpg,"glossy, rigid, reflective, cool, sleek",glass
hct/17-1702597724.763801/223-0.022034883499145508.jpg,hct,images/hct/data2/17-1702597724.763801/tactile/223-0.022034883499145508.jpg,images/hct/data2/17-1702597724.763801/vision/223-0.022034883499145508.jpg,"glossy, rigid, matte",glass
hct/17-1702597724.763801/224-0.021021127700805664.jpg,hct,images/hct/data2/17-1702597724.763801/tactile/224-0.021021127700805664.jpg,images/hct/data2/17-1702597724.763801/vision/224-0.021021127700805664.jpg,"slick, rigid, reflective",glass
hct/17-1702597724.763801/225-0.02177906036376953.jpg,hct,images/hct/data2/17-1702597724.763801/tactile/225-0.02177906036376953.jpg,images/hct/data2/17-1702597724.763801/vision/225-0.02177906036376953.jpg,"smooth, slippery, sleek, cool, slick",glass
hct/17-1702597724.763801/227-0.022933006286621094.jpg,hct,images/hct/data2/17-1702597724.763801/tactile/227-0.022933006286621094.jpg,images/hct/data2/17-1702597724.763801/vision/227-0.022933006286621094.jpg,"smooth, glossy, hard, slick, reflective",glass
hct/17-1702597724.763801/228-0.021370887756347656.jpg,hct,images/hct/data2/17-1702597724.763801/tactile/228-0.021370887756347656.jpg,images/hct/data2/17-1702597724.763801/vision/228-0.021370887756347656.jpg,"smooth, reflective, hard, cool, glossy",glass
hct/17-1702597724.763801/229-0.021380901336669922.jpg,hct,images/hct/data2/17-1702597724.763801/tactile/229-0.021380901336669922.jpg,images/hct/data2/17-1702597724.763801/vision/229-0.021380901336669922.jpg,"smooth, cool, slick, glossy",glass
hct/17-1702597724.763801/230-0.020874977111816406.jpg,hct,images/hct/data2/17-1702597724.763801/tactile/230-0.020874977111816406.jpg,images/hct/data2/17-1702597724.763801/vision/230-0.020874977111816406.jpg,"cool, matte, slippery",glass
hct/17-1702597724.763801/231-0.021699190139770508.jpg,hct,images/hct/data2/17-1702597724.763801/tactile/231-0.021699190139770508.jpg,images/hct/data2/17-1702597724.763801/vision/231-0.021699190139770508.jpg,"smooth, glossy, rigid, cool, sleek",glass
hct/17-1702597724.763801/232-0.02167201042175293.jpg,hct,images/hct/data2/17-1702597724.763801/tactile/232-0.02167201042175293.jpg,images/hct/data2/17-1702597724.763801/vision/232-0.02167201042175293.jpg,"hard, slick, sleek, reflective, flat",glass
hct/17-1702597724.763801/233-0.02153301239013672.jpg,hct,images/hct/data2/17-1702597724.763801/tactile/233-0.02153301239013672.jpg,images/hct/data2/17-1702597724.763801/vision/233-0.02153301239013672.jpg,"reflective, glossy, sleek",glass
hct/17-1702597724.763801/234-0.021266937255859375.jpg,hct,images/hct/data2/17-1702597724.763801/tactile/234-0.021266937255859375.jpg,images/hct/data2/17-1702597724.763801/vision/234-0.021266937255859375.jpg,"hard, smooth, matte, glossy, reflective",glass
hct/17-1702597724.763801/235-0.02139592170715332.jpg,hct,images/hct/data2/17-1702597724.763801/tactile/235-0.02139592170715332.jpg,images/hct/data2/17-1702597724.763801/vision/235-0.02139592170715332.jpg,"smooth, reflective, hard, cool, glossy",glass
hct/17-1702597724.763801/236-0.02076411247253418.jpg,hct,images/hct/data2/17-1702597724.763801/tactile/236-0.02076411247253418.jpg,images/hct/data2/17-1702597724.763801/vision/236-0.02076411247253418.jpg,"hard, slippery, sleek, smooth",glass
hct/17-1702597724.763801/237-0.021653175354003906.jpg,hct,images/hct/data2/17-1702597724.763801/tactile/237-0.021653175354003906.jpg,images/hct/data2/17-1702597724.763801/vision/237-0.021653175354003906.jpg,"smooth, glossy, rigid, cool, sleek",glass
hct/17-1702597724.763801/238-0.020560026168823242.jpg,hct,images/hct/data2/17-1702597724.763801/tactile/238-0.020560026168823242.jpg,images/hct/data2/17-1702597724.763801/vision/238-0.020560026168823242.jpg,"reflective, cool, matte, flat, slick",glass
hct/17-1702597724.763801/239-0.021877050399780273.jpg,hct,images/hct/data2/17-1702597724.763801/tactile/239-0.021877050399780273.jpg,images/hct/data2/17-1702597724.763801/vision/239-0.021877050399780273.jpg,"smooth, reflective, hard, cool, glossy",glass
hct/17-1702597724.763801/240-0.02154994010925293.jpg,hct,images/hct/data2/17-1702597724.763801/tactile/240-0.02154994010925293.jpg,images/hct/data2/17-1702597724.763801/vision/240-0.02154994010925293.jpg,"flat, matte, reflective, sleek, rigid",glass
hct/17-1702597724.763801/241-0.021799802780151367.jpg,hct,images/hct/data2/17-1702597724.763801/tactile/241-0.021799802780151367.jpg,images/hct/data2/17-1702597724.763801/vision/241-0.021799802780151367.jpg,"cool, slick, slippery, reflective",glass
hct/17-1702597724.763801/242-0.020903825759887695.jpg,hct,images/hct/data2/17-1702597724.763801/tactile/242-0.020903825759887695.jpg,images/hct/data2/17-1702597724.763801/vision/242-0.020903825759887695.jpg,"slick, smooth, sleek, reflective",glass
hct/17-1702597724.763801/243-0.021984100341796875.jpg,hct,images/hct/data2/17-1702597724.763801/tactile/243-0.021984100341796875.jpg,images/hct/data2/17-1702597724.763801/vision/243-0.021984100341796875.jpg,"cool, sleek, rigid, flat",glass
hct/17-1702597724.763801/244-0.022329092025756836.jpg,hct,images/hct/data2/17-1702597724.763801/tactile/244-0.022329092025756836.jpg,images/hct/data2/17-1702597724.763801/vision/244-0.022329092025756836.jpg,"flat, cool, slick, sleek",glass
hct/17-1702597724.763801/245-0.021964073181152344.jpg,hct,images/hct/data2/17-1702597724.763801/tactile/245-0.021964073181152344.jpg,images/hct/data2/17-1702597724.763801/vision/245-0.021964073181152344.jpg,"flat, hard, matte",glass
hct/17-1702597724.763801/246-0.021102190017700195.jpg,hct,images/hct/data2/17-1702597724.763801/tactile/246-0.021102190017700195.jpg,images/hct/data2/17-1702597724.763801/vision/246-0.021102190017700195.jpg,"sleek, slick, smooth, flat",glass
hct/17-1702597724.763801/247-0.021693944931030273.jpg,hct,images/hct/data2/17-1702597724.763801/tactile/247-0.021693944931030273.jpg,images/hct/data2/17-1702597724.763801/vision/247-0.021693944931030273.jpg,"reflective, hard, smooth, cool, slippery",glass
hct/17-1702597724.763801/248-0.020956039428710938.jpg,hct,images/hct/data2/17-1702597724.763801/tactile/248-0.020956039428710938.jpg,images/hct/data2/17-1702597724.763801/vision/248-0.020956039428710938.jpg,"reflective, smooth, flat, matte, slippery",glass
hct/17-1702597724.763801/249-0.020843029022216797.jpg,hct,images/hct/data2/17-1702597724.763801/tactile/249-0.020843029022216797.jpg,images/hct/data2/17-1702597724.763801/vision/249-0.020843029022216797.jpg,"smooth, reflective, hard, cool, glossy",glass
hct/17-1702597724.763801/250-0.021847009658813477.jpg,hct,images/hct/data2/17-1702597724.763801/tactile/250-0.021847009658813477.jpg,images/hct/data2/17-1702597724.763801/vision/250-0.021847009658813477.jpg,"matte, cool, hard, sleek",glass
hct/17-1702597724.763801/251-0.020793676376342773.jpg,hct,images/hct/data2/17-1702597724.763801/tactile/251-0.020793676376342773.jpg,images/hct/data2/17-1702597724.763801/vision/251-0.020793676376342773.jpg,"flat, glossy, slippery",glass
hct/17-1702597724.763801/252-0.020297765731811523.jpg,hct,images/hct/data2/17-1702597724.763801/tactile/252-0.020297765731811523.jpg,images/hct/data2/17-1702597724.763801/vision/252-0.020297765731811523.jpg,"smooth, slippery, sleek, slick",glass
hct/17-1702597724.763801/253-0.021807193756103516.jpg,hct,images/hct/data2/17-1702597724.763801/tactile/253-0.021807193756103516.jpg,images/hct/data2/17-1702597724.763801/vision/253-0.021807193756103516.jpg,"sleek, hard, reflective, rigid",glass
hct/17-1702597724.763801/254-0.021908998489379883.jpg,hct,images/hct/data2/17-1702597724.763801/tactile/254-0.021908998489379883.jpg,images/hct/data2/17-1702597724.763801/vision/254-0.021908998489379883.jpg,"slippery, cool, reflective, sleek, glossy",glass
hct/17-1702597724.763801/255-0.021214962005615234.jpg,hct,images/hct/data2/17-1702597724.763801/tactile/255-0.021214962005615234.jpg,images/hct/data2/17-1702597724.763801/vision/255-0.021214962005615234.jpg,"sleek, flat, reflective",glass
hct/17-1702597724.763801/256-0.021295785903930664.jpg,hct,images/hct/data2/17-1702597724.763801/tactile/256-0.021295785903930664.jpg,images/hct/data2/17-1702597724.763801/vision/256-0.021295785903930664.jpg,"matte, reflective, hard, flat, slippery",glass
hct/17-1702597724.763801/257-0.021189212799072266.jpg,hct,images/hct/data2/17-1702597724.763801/tactile/257-0.021189212799072266.jpg,images/hct/data2/17-1702597724.763801/vision/257-0.021189212799072266.jpg,"slick, reflective, glossy",glass
hct/17-1702597724.763801/258-0.02115607261657715.jpg,hct,images/hct/data2/17-1702597724.763801/tactile/258-0.02115607261657715.jpg,images/hct/data2/17-1702597724.763801/vision/258-0.02115607261657715.jpg,"rigid, glossy, hard",glass
hct/17-1702597724.763801/259-0.021436214447021484.jpg,hct,images/hct/data2/17-1702597724.763801/tactile/259-0.021436214447021484.jpg,images/hct/data2/17-1702597724.763801/vision/259-0.021436214447021484.jpg,"slick, rigid, matte",glass
hct/17-1702597724.763801/260-0.020681142807006836.jpg,hct,images/hct/data2/17-1702597724.763801/tactile/260-0.020681142807006836.jpg,images/hct/data2/17-1702597724.763801/vision/260-0.020681142807006836.jpg,"sleek, cool, reflective, rigid, matte",glass
hct/17-1702597724.763801/261-0.02181386947631836.jpg,hct,images/hct/data2/17-1702597724.763801/tactile/261-0.02181386947631836.jpg,images/hct/data2/17-1702597724.763801/vision/261-0.02181386947631836.jpg,"cool, hard, sleek, glossy",glass
hct/17-1702597724.763801/262-0.021272659301757812.jpg,hct,images/hct/data2/17-1702597724.763801/tactile/262-0.021272659301757812.jpg,images/hct/data2/17-1702597724.763801/vision/262-0.021272659301757812.jpg,"hard, sleek, glossy, reflective, flat",glass
hct/17-1702597724.763801/263-0.021301984786987305.jpg,hct,images/hct/data2/17-1702597724.763801/tactile/263-0.021301984786987305.jpg,images/hct/data2/17-1702597724.763801/vision/263-0.021301984786987305.jpg,"glossy, slippery, matte",glass
hct/17-1702597724.763801/264-0.021358013153076172.jpg,hct,images/hct/data2/17-1702597724.763801/tactile/264-0.021358013153076172.jpg,images/hct/data2/17-1702597724.763801/vision/264-0.021358013153076172.jpg,"slippery, hard, smooth",glass
hct/17-1702597724.763801/265-0.02090001106262207.jpg,hct,images/hct/data2/17-1702597724.763801/tactile/265-0.02090001106262207.jpg,images/hct/data2/17-1702597724.763801/vision/265-0.02090001106262207.jpg,"sleek, hard, slick, rigid, reflective",glass
hct/17-1702597724.763801/266-0.020634889602661133.jpg,hct,images/hct/data2/17-1702597724.763801/tactile/266-0.020634889602661133.jpg,images/hct/data2/17-1702597724.763801/vision/266-0.020634889602661133.jpg,"glossy, matte, sleek",glass
hct/17-1702597724.763801/267-0.021581649780273438.jpg,hct,images/hct/data2/17-1702597724.763801/tactile/267-0.021581649780273438.jpg,images/hct/data2/17-1702597724.763801/vision/267-0.021581649780273438.jpg,"slippery, matte, sleek, cool, slick",glass
hct/17-1702597724.763801/268-0.021019935607910156.jpg,hct,images/hct/data2/17-1702597724.763801/tactile/268-0.021019935607910156.jpg,images/hct/data2/17-1702597724.763801/vision/268-0.021019935607910156.jpg,"flat, slick, reflective, glossy, hard",glass
hct/17-1702597724.763801/269-0.02151012420654297.jpg,hct,images/hct/data2/17-1702597724.763801/tactile/269-0.02151012420654297.jpg,images/hct/data2/17-1702597724.763801/vision/269-0.02151012420654297.jpg,"hard, reflective, glossy",glass
hct/17-1702597724.763801/270-0.021363258361816406.jpg,hct,images/hct/data2/17-1702597724.763801/tactile/270-0.021363258361816406.jpg,images/hct/data2/17-1702597724.763801/vision/270-0.021363258361816406.jpg,"smooth, reflective, hard, cool, glossy",glass
hct/17-1702597724.763801/271-0.020975828170776367.jpg,hct,images/hct/data2/17-1702597724.763801/tactile/271-0.020975828170776367.jpg,images/hct/data2/17-1702597724.763801/vision/271-0.020975828170776367.jpg,"flat, matte, glossy, rigid, smooth",glass
hct/17-1702597724.763801/272-0.02072882652282715.jpg,hct,images/hct/data2/17-1702597724.763801/tactile/272-0.02072882652282715.jpg,images/hct/data2/17-1702597724.763801/vision/272-0.02072882652282715.jpg,"reflective, hard, cool, slippery",glass
hct/17-1702597724.763801/273-0.020920991897583008.jpg,hct,images/hct/data2/17-1702597724.763801/tactile/273-0.020920991897583008.jpg,images/hct/data2/17-1702597724.763801/vision/273-0.020920991897583008.jpg,"glossy, reflective, matte, slippery",glass
hct/17-1702597724.763801/274-0.021911144256591797.jpg,hct,images/hct/data2/17-1702597724.763801/tactile/274-0.021911144256591797.jpg,images/hct/data2/17-1702597724.763801/vision/274-0.021911144256591797.jpg,"reflective, glossy, hard",glass
hct/17-1702597724.763801/275-0.021969079971313477.jpg,hct,images/hct/data2/17-1702597724.763801/tactile/275-0.021969079971313477.jpg,images/hct/data2/17-1702597724.763801/vision/275-0.021969079971313477.jpg,"smooth, reflective, hard, cool, glossy",glass
hct/17-1702597724.763801/276-0.02193284034729004.jpg,hct,images/hct/data2/17-1702597724.763801/tactile/276-0.02193284034729004.jpg,images/hct/data2/17-1702597724.763801/vision/276-0.02193284034729004.jpg,"hard, flat, reflective, slippery, cool",glass
hct/17-1702597724.763801/277-0.022012948989868164.jpg,hct,images/hct/data2/17-1702597724.763801/tactile/277-0.022012948989868164.jpg,images/hct/data2/17-1702597724.763801/vision/277-0.022012948989868164.jpg,"matte, slick, hard, glossy",glass
hct/17-1702597724.763801/278-0.02116084098815918.jpg,hct,images/hct/data2/17-1702597724.763801/tactile/278-0.02116084098815918.jpg,images/hct/data2/17-1702597724.763801/vision/278-0.02116084098815918.jpg,"slippery, slick, flat, reflective",glass
hct/17-1702597724.763801/279-0.02111196517944336.jpg,hct,images/hct/data2/17-1702597724.763801/tactile/279-0.02111196517944336.jpg,images/hct/data2/17-1702597724.763801/vision/279-0.02111196517944336.jpg,"matte, flat, smooth, glossy, rigid",glass
hct/17-1702597724.763801/280-0.020035743713378906.jpg,hct,images/hct/data2/17-1702597724.763801/tactile/280-0.020035743713378906.jpg,images/hct/data2/17-1702597724.763801/vision/280-0.020035743713378906.jpg,"flat, reflective, smooth, slick",glass
hct/17-1702597724.763801/281-0.02101922035217285.jpg,hct,images/hct/data2/17-1702597724.763801/tactile/281-0.02101922035217285.jpg,images/hct/data2/17-1702597724.763801/vision/281-0.02101922035217285.jpg,"glossy, reflective, smooth, rigid",glass
hct/17-1702597724.763801/282-0.020657062530517578.jpg,hct,images/hct/data2/17-1702597724.763801/tactile/282-0.020657062530517578.jpg,images/hct/data2/17-1702597724.763801/vision/282-0.020657062530517578.jpg,"glossy, flat, sleek",glass
hct/17-1702597724.763801/283-0.02154994010925293.jpg,hct,images/hct/data2/17-1702597724.763801/tactile/283-0.02154994010925293.jpg,images/hct/data2/17-1702597724.763801/vision/283-0.02154994010925293.jpg,"rigid, flat, reflective, sleek",glass
hct/17-1702597724.763801/284-0.02186417579650879.jpg,hct,images/hct/data2/17-1702597724.763801/tactile/284-0.02186417579650879.jpg,images/hct/data2/17-1702597724.763801/vision/284-0.02186417579650879.jpg,"matte, flat, sleek",glass
hct/17-1702597724.763801/285-0.020010948181152344.jpg,hct,images/hct/data2/17-1702597724.763801/tactile/285-0.020010948181152344.jpg,images/hct/data2/17-1702597724.763801/vision/285-0.020010948181152344.jpg,"rigid, reflective, matte, glossy, cool",glass
hct/17-1702597724.763801/286-0.021956205368041992.jpg,hct,images/hct/data2/17-1702597724.763801/tactile/286-0.021956205368041992.jpg,images/hct/data2/17-1702597724.763801/vision/286-0.021956205368041992.jpg,"hard, glossy, cool, rigid",glass
hct/17-1702597724.763801/287-0.0212249755859375.jpg,hct,images/hct/data2/17-1702597724.763801/tactile/287-0.0212249755859375.jpg,images/hct/data2/17-1702597724.763801/vision/287-0.0212249755859375.jpg,"cool, smooth, slick, rigid, sleek",glass
hct/17-1702597724.763801/288-0.021648883819580078.jpg,hct,images/hct/data2/17-1702597724.763801/tactile/288-0.021648883819580078.jpg,images/hct/data2/17-1702597724.763801/vision/288-0.021648883819580078.jpg,"slippery, glossy, rigid, smooth",glass
hct/17-1702597724.763801/289-0.0213167667388916.jpg,hct,images/hct/data2/17-1702597724.763801/tactile/289-0.0213167667388916.jpg,images/hct/data2/17-1702597724.763801/vision/289-0.0213167667388916.jpg,"glossy, cool, sleek, reflective, matte",glass
hct/17-1702597724.763801/290-0.020759105682373047.jpg,hct,images/hct/data2/17-1702597724.763801/tactile/290-0.020759105682373047.jpg,images/hct/data2/17-1702597724.763801/vision/290-0.020759105682373047.jpg,"matte, slippery, reflective, flat, slick",glass
hct/17-1702597724.763801/292-0.022109031677246094.jpg,hct,images/hct/data2/17-1702597724.763801/tactile/292-0.022109031677246094.jpg,images/hct/data2/17-1702597724.763801/vision/292-0.022109031677246094.jpg,"matte, hard, reflective",glass
hct/17-1702597724.763801/293-0.021292924880981445.jpg,hct,images/hct/data2/17-1702597724.763801/tactile/293-0.021292924880981445.jpg,images/hct/data2/17-1702597724.763801/vision/293-0.021292924880981445.jpg,"rigid, matte, smooth",glass
hct/17-1702597724.763801/294-0.020905256271362305.jpg,hct,images/hct/data2/17-1702597724.763801/tactile/294-0.020905256271362305.jpg,images/hct/data2/17-1702597724.763801/vision/294-0.020905256271362305.jpg,"matte, sleek, rigid, reflective",glass
hct/17-1702597724.763801/295-0.021242141723632812.jpg,hct,images/hct/data2/17-1702597724.763801/tactile/295-0.021242141723632812.jpg,images/hct/data2/17-1702597724.763801/vision/295-0.021242141723632812.jpg,"matte, glossy, slippery, cool",glass
hct/17-1702597724.763801/296-0.021023988723754883.jpg,hct,images/hct/data2/17-1702597724.763801/tactile/296-0.021023988723754883.jpg,images/hct/data2/17-1702597724.763801/vision/296-0.021023988723754883.jpg,"sleek, rigid, cool, smooth, slippery",glass
hct/17-1702597724.763801/297-0.020751237869262695.jpg,hct,images/hct/data2/17-1702597724.763801/tactile/297-0.020751237869262695.jpg,images/hct/data2/17-1702597724.763801/vision/297-0.020751237869262695.jpg,"cool, slippery, sleek, flat",glass
hct/17-1702597724.763801/298-0.021249055862426758.jpg,hct,images/hct/data2/17-1702597724.763801/tactile/298-0.021249055862426758.jpg,images/hct/data2/17-1702597724.763801/vision/298-0.021249055862426758.jpg,"slick, sleek, smooth, flat",glass
hct/17-1702597724.763801/299-0.02194809913635254.jpg,hct,images/hct/data2/17-1702597724.763801/tactile/299-0.02194809913635254.jpg,images/hct/data2/17-1702597724.763801/vision/299-0.02194809913635254.jpg,"rigid, hard, reflective, slippery, matte",glass
hct/17-1702597724.763801/300-0.021095991134643555.jpg,hct,images/hct/data2/17-1702597724.763801/tactile/300-0.021095991134643555.jpg,images/hct/data2/17-1702597724.763801/vision/300-0.021095991134643555.jpg,"smooth, flat, hard, matte, sleek",glass
hct/17-1702597724.763801/301-0.01996612548828125.jpg,hct,images/hct/data2/17-1702597724.763801/tactile/301-0.01996612548828125.jpg,images/hct/data2/17-1702597724.763801/vision/301-0.01996612548828125.jpg,"smooth, reflective, hard, cool, glossy",glass
hct/17-1702597724.763801/303-0.02078390121459961.jpg,hct,images/hct/data2/17-1702597724.763801/tactile/303-0.02078390121459961.jpg,images/hct/data2/17-1702597724.763801/vision/303-0.02078390121459961.jpg,"sleek, flat, slick",glass
hct/17-1702597724.763801/304-0.021539926528930664.jpg,hct,images/hct/data2/17-1702597724.763801/tactile/304-0.021539926528930664.jpg,images/hct/data2/17-1702597724.763801/vision/304-0.021539926528930664.jpg,"smooth, reflective, slippery, hard, glossy",glass
hct/17-1702597724.763801/305-0.02149796485900879.jpg,hct,images/hct/data2/17-1702597724.763801/tactile/305-0.02149796485900879.jpg,images/hct/data2/17-1702597724.763801/vision/305-0.02149796485900879.jpg,"slick, slippery, flat, glossy",glass
hct/17-1702597724.763801/306-0.02191329002380371.jpg,hct,images/hct/data2/17-1702597724.763801/tactile/306-0.02191329002380371.jpg,images/hct/data2/17-1702597724.763801/vision/306-0.02191329002380371.jpg,"reflective, flat, sleek, rigid",glass
hct/17-1702597724.763801/307-0.02089071273803711.jpg,hct,images/hct/data2/17-1702597724.763801/tactile/307-0.02089071273803711.jpg,images/hct/data2/17-1702597724.763801/vision/307-0.02089071273803711.jpg,"smooth, flat, hard, slick",glass
hct/17-1702597724.763801/308-0.022320985794067383.jpg,hct,images/hct/data2/17-1702597724.763801/tactile/308-0.022320985794067383.jpg,images/hct/data2/17-1702597724.763801/vision/308-0.022320985794067383.jpg,"rigid, flat, slippery",glass
hct/17-1702597724.763801/309-0.020982980728149414.jpg,hct,images/hct/data2/17-1702597724.763801/tactile/309-0.020982980728149414.jpg,images/hct/data2/17-1702597724.763801/vision/309-0.020982980728149414.jpg,"slick, smooth, matte, cool",glass
hct/17-1702597724.763801/310-0.02056884765625.jpg,hct,images/hct/data2/17-1702597724.763801/tactile/310-0.02056884765625.jpg,images/hct/data2/17-1702597724.763801/vision/310-0.02056884765625.jpg,"matte, glossy, slippery",glass
hct/17-1702597724.763801/311-0.021548986434936523.jpg,hct,images/hct/data2/17-1702597724.763801/tactile/311-0.021548986434936523.jpg,images/hct/data2/17-1702597724.763801/vision/311-0.021548986434936523.jpg,"glossy, flat, sleek",glass
hct/17-1702597724.763801/312-0.020846843719482422.jpg,hct,images/hct/data2/17-1702597724.763801/tactile/312-0.020846843719482422.jpg,images/hct/data2/17-1702597724.763801/vision/312-0.020846843719482422.jpg,"rigid, matte, cool",glass
hct/17-1702597724.763801/313-0.02091217041015625.jpg,hct,images/hct/data2/17-1702597724.763801/tactile/313-0.02091217041015625.jpg,images/hct/data2/17-1702597724.763801/vision/313-0.02091217041015625.jpg,"matte, rigid, hard, flat, sleek",glass
hct/17-1702597724.763801/320-0.021118879318237305.jpg,hct,images/hct/data2/17-1702597724.763801/tactile/320-0.021118879318237305.jpg,images/hct/data2/17-1702597724.763801/vision/320-0.021118879318237305.jpg,"smooth, reflective, hard, cool, glossy",glass
hct/17-1702597724.763801/321-0.020938873291015625.jpg,hct,images/hct/data2/17-1702597724.763801/tactile/321-0.020938873291015625.jpg,images/hct/data2/17-1702597724.763801/vision/321-0.020938873291015625.jpg,"hard, slippery, matte",glass
hct/17-1702597724.763801/322-0.021258831024169922.jpg,hct,images/hct/data2/17-1702597724.763801/tactile/322-0.021258831024169922.jpg,images/hct/data2/17-1702597724.763801/vision/322-0.021258831024169922.jpg,"cool, matte, glossy",glass
hct/17-1702597724.763801/323-0.020626068115234375.jpg,hct,images/hct/data2/17-1702597724.763801/tactile/323-0.020626068115234375.jpg,images/hct/data2/17-1702597724.763801/vision/323-0.020626068115234375.jpg,"reflective, sleek, hard",glass
hct/17-1702597724.763801/324-0.02123403549194336.jpg,hct,images/hct/data2/17-1702597724.763801/tactile/324-0.02123403549194336.jpg,images/hct/data2/17-1702597724.763801/vision/324-0.02123403549194336.jpg,"cool, matte, flat",glass
hct/17-1702597724.763801/325-0.02228403091430664.jpg,hct,images/hct/data2/17-1702597724.763801/tactile/325-0.02228403091430664.jpg,images/hct/data2/17-1702597724.763801/vision/325-0.02228403091430664.jpg,"reflective, sleek, smooth",glass
hct/17-1702597724.763801/326-0.020478010177612305.jpg,hct,images/hct/data2/17-1702597724.763801/tactile/326-0.020478010177612305.jpg,images/hct/data2/17-1702597724.763801/vision/326-0.020478010177612305.jpg,"reflective, smooth, slippery, slick, flat",glass
hct/17-1702597724.763801/327-0.020598173141479492.jpg,hct,images/hct/data2/17-1702597724.763801/tactile/327-0.020598173141479492.jpg,images/hct/data2/17-1702597724.763801/vision/327-0.020598173141479492.jpg,"smooth, flat, rigid, sleek",glass
hct/17-1702597724.763801/328-0.022095203399658203.jpg,hct,images/hct/data2/17-1702597724.763801/tactile/328-0.022095203399658203.jpg,images/hct/data2/17-1702597724.763801/vision/328-0.022095203399658203.jpg,"sleek, matte, cool",glass
hct/17-1702597724.763801/329-0.019971132278442383.jpg,hct,images/hct/data2/17-1702597724.763801/tactile/329-0.019971132278442383.jpg,images/hct/data2/17-1702597724.763801/vision/329-0.019971132278442383.jpg,"matte, flat, glossy, smooth, hard",glass
hct/17-1702597724.763801/330-0.022176027297973633.jpg,hct,images/hct/data2/17-1702597724.763801/tactile/330-0.022176027297973633.jpg,images/hct/data2/17-1702597724.763801/vision/330-0.022176027297973633.jpg,"reflective, slick, glossy",glass
hct/17-1702597724.763801/331-0.02034902572631836.jpg,hct,images/hct/data2/17-1702597724.763801/tactile/331-0.02034902572631836.jpg,images/hct/data2/17-1702597724.763801/vision/331-0.02034902572631836.jpg,"flat, slippery, matte",glass
hct/17-1702597724.763801/332-0.021855831146240234.jpg,hct,images/hct/data2/17-1702597724.763801/tactile/332-0.021855831146240234.jpg,images/hct/data2/17-1702597724.763801/vision/332-0.021855831146240234.jpg,"slippery, rigid, smooth",glass
hct/17-1702597724.763801/333-0.02044224739074707.jpg,hct,images/hct/data2/17-1702597724.763801/tactile/333-0.02044224739074707.jpg,images/hct/data2/17-1702597724.763801/vision/333-0.02044224739074707.jpg,"smooth, glossy, hard, cool, sleek",glass
hct/17-1702597724.763801/334-0.02125692367553711.jpg,hct,images/hct/data2/17-1702597724.763801/tactile/334-0.02125692367553711.jpg,images/hct/data2/17-1702597724.763801/vision/334-0.02125692367553711.jpg,"rigid, slippery, hard",glass
hct/17-1702597724.763801/335-0.02064681053161621.jpg,hct,images/hct/data2/17-1702597724.763801/tactile/335-0.02064681053161621.jpg,images/hct/data2/17-1702597724.763801/vision/335-0.02064681053161621.jpg,"rigid, flat, glossy, slick",glass
hct/17-1702597724.763801/336-0.020718097686767578.jpg,hct,images/hct/data2/17-1702597724.763801/tactile/336-0.020718097686767578.jpg,images/hct/data2/17-1702597724.763801/vision/336-0.020718097686767578.jpg,"smooth, glossy, hard, cool, sleek",glass
hct/17-1702597724.763801/337-0.020464181900024414.jpg,hct,images/hct/data2/17-1702597724.763801/tactile/337-0.020464181900024414.jpg,images/hct/data2/17-1702597724.763801/vision/337-0.020464181900024414.jpg,"smooth, glossy, hard, cool, sleek",glass
hct/17-1702597724.763801/338-0.022016048431396484.jpg,hct,images/hct/data2/17-1702597724.763801/tactile/338-0.022016048431396484.jpg,images/hct/data2/17-1702597724.763801/vision/338-0.022016048431396484.jpg,"flat, rigid, slippery",glass
hct/17-1702597724.763801/339-0.02081775665283203.jpg,hct,images/hct/data2/17-1702597724.763801/tactile/339-0.02081775665283203.jpg,images/hct/data2/17-1702597724.763801/vision/339-0.02081775665283203.jpg,"flat, rigid, slippery, matte, hard",glass
hct/17-1702597724.763801/340-0.020930051803588867.jpg,hct,images/hct/data2/17-1702597724.763801/tactile/340-0.020930051803588867.jpg,images/hct/data2/17-1702597724.763801/vision/340-0.020930051803588867.jpg,"hard, reflective, slick, matte, slippery",glass
hct/17-1702597724.763801/341-0.020853042602539062.jpg,hct,images/hct/data2/17-1702597724.763801/tactile/341-0.020853042602539062.jpg,images/hct/data2/17-1702597724.763801/vision/341-0.020853042602539062.jpg,"glossy, slippery, flat, smooth, rigid",glass
hct/17-1702597724.763801/342-0.02146601676940918.jpg,hct,images/hct/data2/17-1702597724.763801/tactile/342-0.02146601676940918.jpg,images/hct/data2/17-1702597724.763801/vision/342-0.02146601676940918.jpg,"cool, slippery, slick, flat, smooth",glass
hct/17-1702597724.763801/343-0.020882844924926758.jpg,hct,images/hct/data2/17-1702597724.763801/tactile/343-0.020882844924926758.jpg,images/hct/data2/17-1702597724.763801/vision/343-0.020882844924926758.jpg,"smooth, glossy, sleek, cool, flat",glass
hct/17-1702597724.763801/344-0.020772695541381836.jpg,hct,images/hct/data2/17-1702597724.763801/tactile/344-0.020772695541381836.jpg,images/hct/data2/17-1702597724.763801/vision/344-0.020772695541381836.jpg,"slippery, hard, matte, smooth, sleek",glass
hct/17-1702597724.763801/345-0.02135920524597168.jpg,hct,images/hct/data2/17-1702597724.763801/tactile/345-0.02135920524597168.jpg,images/hct/data2/17-1702597724.763801/vision/345-0.02135920524597168.jpg,"cool, flat, slick, matte, slippery",glass
hct/17-1702597724.763801/346-0.020838022232055664.jpg,hct,images/hct/data2/17-1702597724.763801/tactile/346-0.020838022232055664.jpg,images/hct/data2/17-1702597724.763801/vision/346-0.020838022232055664.jpg,"reflective, slick, matte, flat, smooth",glass
hct/17-1702597724.763801/347-0.021577835083007812.jpg,hct,images/hct/data2/17-1702597724.763801/tactile/347-0.021577835083007812.jpg,images/hct/data2/17-1702597724.763801/vision/347-0.021577835083007812.jpg,"hard, cool, flat, slick",glass
hct/17-1702597724.763801/348-0.02200603485107422.jpg,hct,images/hct/data2/17-1702597724.763801/tactile/348-0.02200603485107422.jpg,images/hct/data2/17-1702597724.763801/vision/348-0.02200603485107422.jpg,"sleek, cool, matte, slick",glass
hct/17-1702597724.763801/349-0.020799875259399414.jpg,hct,images/hct/data2/17-1702597724.763801/tactile/349-0.020799875259399414.jpg,images/hct/data2/17-1702597724.763801/vision/349-0.020799875259399414.jpg,"rigid, cool, slippery, sleek",glass
hct/17-1702597724.763801/350-0.02123403549194336.jpg,hct,images/hct/data2/17-1702597724.763801/tactile/350-0.02123403549194336.jpg,images/hct/data2/17-1702597724.763801/vision/350-0.02123403549194336.jpg,"flat, matte, rigid, hard",glass
hct/17-1702597724.763801/351-0.02023601531982422.jpg,hct,images/hct/data2/17-1702597724.763801/tactile/351-0.02023601531982422.jpg,images/hct/data2/17-1702597724.763801/vision/351-0.02023601531982422.jpg,"glossy, rigid, slippery, slick",glass
hct/17-1702597724.763801/352-0.021970033645629883.jpg,hct,images/hct/data2/17-1702597724.763801/tactile/352-0.021970033645629883.jpg,images/hct/data2/17-1702597724.763801/vision/352-0.021970033645629883.jpg,"smooth, slick, slippery",glass
hct/17-1702597724.763801/353-0.02003788948059082.jpg,hct,images/hct/data2/17-1702597724.763801/tactile/353-0.02003788948059082.jpg,images/hct/data2/17-1702597724.763801/vision/353-0.02003788948059082.jpg,"rigid, reflective, matte, glossy, smooth",glass
hct/17-1702597724.763801/354-0.021495819091796875.jpg,hct,images/hct/data2/17-1702597724.763801/tactile/354-0.021495819091796875.jpg,images/hct/data2/17-1702597724.763801/vision/354-0.021495819091796875.jpg,"glossy, slippery, hard",glass
hct/17-1702597724.763801/355-0.020780086517333984.jpg,hct,images/hct/data2/17-1702597724.763801/tactile/355-0.020780086517333984.jpg,images/hct/data2/17-1702597724.763801/vision/355-0.020780086517333984.jpg,"cool, slick, smooth, sleek",glass
hct/17-1702597724.763801/356-0.021326065063476562.jpg,hct,images/hct/data2/17-1702597724.763801/tactile/356-0.021326065063476562.jpg,images/hct/data2/17-1702597724.763801/vision/356-0.021326065063476562.jpg,"rigid, cool, hard, slick, slippery",glass
hct/17-1702597724.763801/357-0.021277904510498047.jpg,hct,images/hct/data2/17-1702597724.763801/tactile/357-0.021277904510498047.jpg,images/hct/data2/17-1702597724.763801/vision/357-0.021277904510498047.jpg,"reflective, sleek, cool, hard",glass
hct/17-1702597724.763801/358-0.020956993103027344.jpg,hct,images/hct/data2/17-1702597724.763801/tactile/358-0.020956993103027344.jpg,images/hct/data2/17-1702597724.763801/vision/358-0.020956993103027344.jpg,"matte, glossy, reflective, cool",glass
hct/17-1702597724.763801/359-0.020874977111816406.jpg,hct,images/hct/data2/17-1702597724.763801/tactile/359-0.020874977111816406.jpg,images/hct/data2/17-1702597724.763801/vision/359-0.020874977111816406.jpg,"hard, matte, slick, flat, slippery",glass
hct/17-1702597724.763801/360-0.019827842712402344.jpg,hct,images/hct/data2/17-1702597724.763801/tactile/360-0.019827842712402344.jpg,images/hct/data2/17-1702597724.763801/vision/360-0.019827842712402344.jpg,"slick, glossy, cool, rigid",glass
hct/17-1702597724.763801/361-0.020154953002929688.jpg,hct,images/hct/data2/17-1702597724.763801/tactile/361-0.020154953002929688.jpg,images/hct/data2/17-1702597724.763801/vision/361-0.020154953002929688.jpg,"sleek, cool, hard, matte, glossy",glass
hct/17-1702597724.763801/362-0.020524024963378906.jpg,hct,images/hct/data2/17-1702597724.763801/tactile/362-0.020524024963378906.jpg,images/hct/data2/17-1702597724.763801/vision/362-0.020524024963378906.jpg,"slippery, matte, slick",glass
hct/17-1702597724.763801/363-0.02224898338317871.jpg,hct,images/hct/data2/17-1702597724.763801/tactile/363-0.02224898338317871.jpg,images/hct/data2/17-1702597724.763801/vision/363-0.02224898338317871.jpg,"hard, glossy, sleek, reflective, rigid",glass
hct/17-1702597724.763801/364-0.021028995513916016.jpg,hct,images/hct/data2/17-1702597724.763801/tactile/364-0.021028995513916016.jpg,images/hct/data2/17-1702597724.763801/vision/364-0.021028995513916016.jpg,"glossy, smooth, reflective, rigid",glass
hct/17-1702597724.763801/365-0.02213597297668457.jpg,hct,images/hct/data2/17-1702597724.763801/tactile/365-0.02213597297668457.jpg,images/hct/data2/17-1702597724.763801/vision/365-0.02213597297668457.jpg,"flat, smooth, slick, rigid",glass
hct/17-1702597724.763801/366-0.020193099975585938.jpg,hct,images/hct/data2/17-1702597724.763801/tactile/366-0.020193099975585938.jpg,images/hct/data2/17-1702597724.763801/vision/366-0.020193099975585938.jpg,"smooth, glossy, flat, slick",glass
hct/17-1702597724.763801/367-0.021273136138916016.jpg,hct,images/hct/data2/17-1702597724.763801/tactile/367-0.021273136138916016.jpg,images/hct/data2/17-1702597724.763801/vision/367-0.021273136138916016.jpg,"flat, slippery, hard, matte, rigid",glass
hct/17-1702597724.763801/368-0.021131038665771484.jpg,hct,images/hct/data2/17-1702597724.763801/tactile/368-0.021131038665771484.jpg,images/hct/data2/17-1702597724.763801/vision/368-0.021131038665771484.jpg,"hard, cool, matte",glass
hct/17-1702597724.763801/369-0.021082162857055664.jpg,hct,images/hct/data2/17-1702597724.763801/tactile/369-0.021082162857055664.jpg,images/hct/data2/17-1702597724.763801/vision/369-0.021082162857055664.jpg,"reflective, glossy, smooth, sleek",glass
hct/17-1702597724.763801/370-0.021387815475463867.jpg,hct,images/hct/data2/17-1702597724.763801/tactile/370-0.021387815475463867.jpg,images/hct/data2/17-1702597724.763801/vision/370-0.021387815475463867.jpg,"smooth, reflective, hard, cool, sleek",glass
hct/17-1702597724.763801/371-0.0203399658203125.jpg,hct,images/hct/data2/17-1702597724.763801/tactile/371-0.0203399658203125.jpg,images/hct/data2/17-1702597724.763801/vision/371-0.0203399658203125.jpg,"flat, glossy, reflective, hard, rigid",glass
hct/17-1702597724.763801/372-0.021203041076660156.jpg,hct,images/hct/data2/17-1702597724.763801/tactile/372-0.021203041076660156.jpg,images/hct/data2/17-1702597724.763801/vision/372-0.021203041076660156.jpg,"reflective, hard, slippery, cool",glass
hct/17-1702597724.763801/373-0.020641565322875977.jpg,hct,images/hct/data2/17-1702597724.763801/tactile/373-0.020641565322875977.jpg,images/hct/data2/17-1702597724.763801/vision/373-0.020641565322875977.jpg,"matte, slick, slippery, smooth, glossy",glass
hct/17-1702597724.763801/374-0.02056407928466797.jpg,hct,images/hct/data2/17-1702597724.763801/tactile/374-0.02056407928466797.jpg,images/hct/data2/17-1702597724.763801/vision/374-0.02056407928466797.jpg,"smooth, reflective, hard, cool, glossy",glass
hct/17-1702597724.763801/375-0.020444154739379883.jpg,hct,images/hct/data2/17-1702597724.763801/tactile/375-0.020444154739379883.jpg,images/hct/data2/17-1702597724.763801/vision/375-0.020444154739379883.jpg,"reflective, smooth, glossy",glass
hct/17-1702597724.763801/376-0.02119302749633789.jpg,hct,images/hct/data2/17-1702597724.763801/tactile/376-0.02119302749633789.jpg,images/hct/data2/17-1702597724.763801/vision/376-0.02119302749633789.jpg,"smooth, sleek, matte",glass
hct/17-1702597724.763801/377-0.02116107940673828.jpg,hct,images/hct/data2/17-1702597724.763801/tactile/377-0.02116107940673828.jpg,images/hct/data2/17-1702597724.763801/vision/377-0.02116107940673828.jpg,"matte, hard, slick",glass
hct/17-1702597724.763801/378-0.02040719985961914.jpg,hct,images/hct/data2/17-1702597724.763801/tactile/378-0.02040719985961914.jpg,images/hct/data2/17-1702597724.763801/vision/378-0.02040719985961914.jpg,"reflective, smooth, matte, cool",glass
hct/17-1702597724.763801/379-0.020395994186401367.jpg,hct,images/hct/data2/17-1702597724.763801/tactile/379-0.020395994186401367.jpg,images/hct/data2/17-1702597724.763801/vision/379-0.020395994186401367.jpg,"cool, rigid, sleek, flat, smooth",glass
hct/17-1702597724.763801/380-0.02121877670288086.jpg,hct,images/hct/data2/17-1702597724.763801/tactile/380-0.02121877670288086.jpg,images/hct/data2/17-1702597724.763801/vision/380-0.02121877670288086.jpg,"cool, slippery, matte",glass
hct/17-1702597724.763801/381-0.019635915756225586.jpg,hct,images/hct/data2/17-1702597724.763801/tactile/381-0.019635915756225586.jpg,images/hct/data2/17-1702597724.763801/vision/381-0.019635915756225586.jpg,"slippery, matte, flat, cool, slick",glass
hct/17-1702597724.763801/382-0.02161097526550293.jpg,hct,images/hct/data2/17-1702597724.763801/tactile/382-0.02161097526550293.jpg,images/hct/data2/17-1702597724.763801/vision/382-0.02161097526550293.jpg,"sleek, flat, slick, hard",glass
hct/17-1702597724.763801/383-0.020521879196166992.jpg,hct,images/hct/data2/17-1702597724.763801/tactile/383-0.020521879196166992.jpg,images/hct/data2/17-1702597724.763801/vision/383-0.020521879196166992.jpg,"slippery, rigid, sleek, flat, cool",glass
hct/17-1702597724.763801/384-0.02036595344543457.jpg,hct,images/hct/data2/17-1702597724.763801/tactile/384-0.02036595344543457.jpg,images/hct/data2/17-1702597724.763801/vision/384-0.02036595344543457.jpg,"matte, sleek, flat, cool, smooth",glass
hct/17-1702597724.763801/385-0.02071404457092285.jpg,hct,images/hct/data2/17-1702597724.763801/tactile/385-0.02071404457092285.jpg,images/hct/data2/17-1702597724.763801/vision/385-0.02071404457092285.jpg,"smooth, reflective, hard, cool, glossy",glass
hct/17-1702597724.763801/386-0.020884990692138672.jpg,hct,images/hct/data2/17-1702597724.763801/tactile/386-0.020884990692138672.jpg,images/hct/data2/17-1702597724.763801/vision/386-0.020884990692138672.jpg,"matte, cool, rigid, smooth, hard",glass
hct/17-1702597724.763801/387-0.021441936492919922.jpg,hct,images/hct/data2/17-1702597724.763801/tactile/387-0.021441936492919922.jpg,images/hct/data2/17-1702597724.763801/vision/387-0.021441936492919922.jpg,"flat, rigid, slick, cool",glass
hct/17-1702597724.763801/388-0.02037811279296875.jpg,hct,images/hct/data2/17-1702597724.763801/tactile/388-0.02037811279296875.jpg,images/hct/data2/17-1702597724.763801/vision/388-0.02037811279296875.jpg,"hard, glossy, slick, rigid, smooth",glass
hct/17-1702597724.763801/389-0.021414756774902344.jpg,hct,images/hct/data2/17-1702597724.763801/tactile/389-0.021414756774902344.jpg,images/hct/data2/17-1702597724.763801/vision/389-0.021414756774902344.jpg,"hard, flat, smooth",glass
hct/17-1702597724.763801/390-0.02135181427001953.jpg,hct,images/hct/data2/17-1702597724.763801/tactile/390-0.02135181427001953.jpg,images/hct/data2/17-1702597724.763801/vision/390-0.02135181427001953.jpg,"sleek, hard, slippery, glossy",glass
hct/17-1702597724.763801/391-0.021120071411132812.jpg,hct,images/hct/data2/17-1702597724.763801/tactile/391-0.021120071411132812.jpg,images/hct/data2/17-1702597724.763801/vision/391-0.021120071411132812.jpg,"smooth, cool, hard, glossy",glass
hct/17-1702597724.763801/392-0.02112603187561035.jpg,hct,images/hct/data2/17-1702597724.763801/tactile/392-0.02112603187561035.jpg,images/hct/data2/17-1702597724.763801/vision/392-0.02112603187561035.jpg,"rigid, flat, smooth",glass
hct/18-1702597738.9774668/100-0.02342987060546875.jpg,hct,images/hct/data2/18-1702597738.9774668/tactile/100-0.02342987060546875.jpg,images/hct/data2/18-1702597738.9774668/vision/100-0.02342987060546875.jpg,"cool, smooth, reflective",glass
hct/18-1702597738.9774668/101-0.023226261138916016.jpg,hct,images/hct/data2/18-1702597738.9774668/tactile/101-0.023226261138916016.jpg,images/hct/data2/18-1702597738.9774668/vision/101-0.023226261138916016.jpg,"cool, hard, sleek, flat, smooth",glass
hct/18-1702597738.9774668/102-0.02199411392211914.jpg,hct,images/hct/data2/18-1702597738.9774668/tactile/102-0.02199411392211914.jpg,images/hct/data2/18-1702597738.9774668/vision/102-0.02199411392211914.jpg,"cool, glossy, reflective, flat, hard",glass
hct/18-1702597738.9774668/103-0.02237534523010254.jpg,hct,images/hct/data2/18-1702597738.9774668/tactile/103-0.02237534523010254.jpg,images/hct/data2/18-1702597738.9774668/vision/103-0.02237534523010254.jpg,"reflective, hard, smooth, flat, cool",glass
hct/18-1702597738.9774668/104-0.0213320255279541.jpg,hct,images/hct/data2/18-1702597738.9774668/tactile/104-0.0213320255279541.jpg,images/hct/data2/18-1702597738.9774668/vision/104-0.0213320255279541.jpg,"reflective, glossy, flat, hard, sleek",glass
hct/18-1702597738.9774668/105-0.021318912506103516.jpg,hct,images/hct/data2/18-1702597738.9774668/tactile/105-0.021318912506103516.jpg,images/hct/data2/18-1702597738.9774668/vision/105-0.021318912506103516.jpg,"smooth, glossy, reflective, flat",glass
hct/18-1702597738.9774668/106-0.022104263305664062.jpg,hct,images/hct/data2/18-1702597738.9774668/tactile/106-0.022104263305664062.jpg,images/hct/data2/18-1702597738.9774668/vision/106-0.022104263305664062.jpg,"cool, reflective, hard, flat",glass
hct/18-1702597738.9774668/107-0.020486116409301758.jpg,hct,images/hct/data2/18-1702597738.9774668/tactile/107-0.020486116409301758.jpg,images/hct/data2/18-1702597738.9774668/vision/107-0.020486116409301758.jpg,"smooth, cool, hard, sleek, matte",glass
hct/18-1702597738.9774668/108-0.021329164505004883.jpg,hct,images/hct/data2/18-1702597738.9774668/tactile/108-0.021329164505004883.jpg,images/hct/data2/18-1702597738.9774668/vision/108-0.021329164505004883.jpg,"cool, flat, reflective, glossy",glass
hct/18-1702597738.9774668/109-0.021258115768432617.jpg,hct,images/hct/data2/18-1702597738.9774668/tactile/109-0.021258115768432617.jpg,images/hct/data2/18-1702597738.9774668/vision/109-0.021258115768432617.jpg,"glossy, cool, reflective, hard",glass
hct/18-1702597738.9774668/110-0.021331071853637695.jpg,hct,images/hct/data2/18-1702597738.9774668/tactile/110-0.021331071853637695.jpg,images/hct/data2/18-1702597738.9774668/vision/110-0.021331071853637695.jpg,"flat, reflective, matte, smooth",glass
hct/18-1702597738.9774668/111-0.020762920379638672.jpg,hct,images/hct/data2/18-1702597738.9774668/tactile/111-0.020762920379638672.jpg,images/hct/data2/18-1702597738.9774668/vision/111-0.020762920379638672.jpg,"reflective, smooth, hard, matte",glass
hct/18-1702597738.9774668/112-0.020686864852905273.jpg,hct,images/hct/data2/18-1702597738.9774668/tactile/112-0.020686864852905273.jpg,images/hct/data2/18-1702597738.9774668/vision/112-0.020686864852905273.jpg,"reflective, sleek, flat",glass
hct/18-1702597738.9774668/113-0.020830154418945312.jpg,hct,images/hct/data2/18-1702597738.9774668/tactile/113-0.020830154418945312.jpg,images/hct/data2/18-1702597738.9774668/vision/113-0.020830154418945312.jpg,"sleek, reflective, smooth, hard",glass
hct/18-1702597738.9774668/114-0.021335124969482422.jpg,hct,images/hct/data2/18-1702597738.9774668/tactile/114-0.021335124969482422.jpg,images/hct/data2/18-1702597738.9774668/vision/114-0.021335124969482422.jpg,"cool, flat, smooth, sleek",glass
hct/18-1702597738.9774668/115-0.02137589454650879.jpg,hct,images/hct/data2/18-1702597738.9774668/tactile/115-0.02137589454650879.jpg,images/hct/data2/18-1702597738.9774668/vision/115-0.02137589454650879.jpg,"hard, reflective, sleek",glass
hct/18-1702597738.9774668/116-0.02289891242980957.jpg,hct,images/hct/data2/18-1702597738.9774668/tactile/116-0.02289891242980957.jpg,images/hct/data2/18-1702597738.9774668/vision/116-0.02289891242980957.jpg,"hard, glossy, smooth, sleek, reflective",glass
hct/18-1702597738.9774668/117-0.021186113357543945.jpg,hct,images/hct/data2/18-1702597738.9774668/tactile/117-0.021186113357543945.jpg,images/hct/data2/18-1702597738.9774668/vision/117-0.021186113357543945.jpg,"reflective, smooth, matte, sleek",glass
hct/18-1702597738.9774668/118-0.02113485336303711.jpg,hct,images/hct/data2/18-1702597738.9774668/tactile/118-0.02113485336303711.jpg,images/hct/data2/18-1702597738.9774668/vision/118-0.02113485336303711.jpg,"reflective, hard, smooth, matte, sleek",glass
hct/18-1702597738.9774668/119-0.021169185638427734.jpg,hct,images/hct/data2/18-1702597738.9774668/tactile/119-0.021169185638427734.jpg,images/hct/data2/18-1702597738.9774668/vision/119-0.021169185638427734.jpg,"smooth, reflective, hard, cool, flat",glass
hct/18-1702597738.9774668/120-0.020832538604736328.jpg,hct,images/hct/data2/18-1702597738.9774668/tactile/120-0.020832538604736328.jpg,images/hct/data2/18-1702597738.9774668/vision/120-0.020832538604736328.jpg,"glossy, matte, cool, reflective, flat",glass
hct/18-1702597738.9774668/121-0.021384000778198242.jpg,hct,images/hct/data2/18-1702597738.9774668/tactile/121-0.021384000778198242.jpg,images/hct/data2/18-1702597738.9774668/vision/121-0.021384000778198242.jpg,"hard, matte, flat, cool",glass
hct/18-1702597738.9774668/122-0.023122787475585938.jpg,hct,images/hct/data2/18-1702597738.9774668/tactile/122-0.023122787475585938.jpg,images/hct/data2/18-1702597738.9774668/vision/122-0.023122787475585938.jpg,"hard, flat, smooth",glass
hct/18-1702597738.9774668/123-0.02147698402404785.jpg,hct,images/hct/data2/18-1702597738.9774668/tactile/123-0.02147698402404785.jpg,images/hct/data2/18-1702597738.9774668/vision/123-0.02147698402404785.jpg,"smooth, reflective, glossy",glass
hct/18-1702597738.9774668/124-0.0234830379486084.jpg,hct,images/hct/data2/18-1702597738.9774668/tactile/124-0.0234830379486084.jpg,images/hct/data2/18-1702597738.9774668/vision/124-0.0234830379486084.jpg,"hard, matte, reflective, glossy",glass
hct/18-1702597738.9774668/125-0.021863937377929688.jpg,hct,images/hct/data2/18-1702597738.9774668/tactile/125-0.021863937377929688.jpg,images/hct/data2/18-1702597738.9774668/vision/125-0.021863937377929688.jpg,"sleek, flat, reflective, hard, cool",glass
hct/18-1702597738.9774668/126-0.02157902717590332.jpg,hct,images/hct/data2/18-1702597738.9774668/tactile/126-0.02157902717590332.jpg,images/hct/data2/18-1702597738.9774668/vision/126-0.02157902717590332.jpg,"cool, flat, sleek",glass
hct/18-1702597738.9774668/127-0.02176690101623535.jpg,hct,images/hct/data2/18-1702597738.9774668/tactile/127-0.02176690101623535.jpg,images/hct/data2/18-1702597738.9774668/vision/127-0.02176690101623535.jpg,"glossy, matte, cool",glass
hct/18-1702597738.9774668/128-0.022182226181030273.jpg,hct,images/hct/data2/18-1702597738.9774668/tactile/128-0.022182226181030273.jpg,images/hct/data2/18-1702597738.9774668/vision/128-0.022182226181030273.jpg,"smooth, reflective, cool, glossy",glass
hct/18-1702597738.9774668/129-0.021231889724731445.jpg,hct,images/hct/data2/18-1702597738.9774668/tactile/129-0.021231889724731445.jpg,images/hct/data2/18-1702597738.9774668/vision/129-0.021231889724731445.jpg,"smooth, hard, reflective, matte",glass
hct/18-1702597738.9774668/130-0.021677017211914062.jpg,hct,images/hct/data2/18-1702597738.9774668/tactile/130-0.021677017211914062.jpg,images/hct/data2/18-1702597738.9774668/vision/130-0.021677017211914062.jpg,"smooth, cool, hard",glass
hct/18-1702597738.9774668/131-0.02118706703186035.jpg,hct,images/hct/data2/18-1702597738.9774668/tactile/131-0.02118706703186035.jpg,images/hct/data2/18-1702597738.9774668/vision/131-0.02118706703186035.jpg,"cool, smooth, matte, hard",glass
hct/18-1702597738.9774668/132-0.021795034408569336.jpg,hct,images/hct/data2/18-1702597738.9774668/tactile/132-0.021795034408569336.jpg,images/hct/data2/18-1702597738.9774668/vision/132-0.021795034408569336.jpg,"reflective, flat, sleek, cool, matte",glass
hct/18-1702597738.9774668/133-0.020984888076782227.jpg,hct,images/hct/data2/18-1702597738.9774668/tactile/133-0.020984888076782227.jpg,images/hct/data2/18-1702597738.9774668/vision/133-0.020984888076782227.jpg,"smooth, reflective, hard, cool, flat",glass
hct/18-1702597738.9774668/134-0.020825862884521484.jpg,hct,images/hct/data2/18-1702597738.9774668/tactile/134-0.020825862884521484.jpg,images/hct/data2/18-1702597738.9774668/vision/134-0.020825862884521484.jpg,"matte, glossy, reflective",glass
hct/18-1702597738.9774668/135-0.02063727378845215.jpg,hct,images/hct/data2/18-1702597738.9774668/tactile/135-0.02063727378845215.jpg,images/hct/data2/18-1702597738.9774668/vision/135-0.02063727378845215.jpg,"flat, sleek, hard, glossy",glass
hct/18-1702597738.9774668/136-0.021493911743164062.jpg,hct,images/hct/data2/18-1702597738.9774668/tactile/136-0.021493911743164062.jpg,images/hct/data2/18-1702597738.9774668/vision/136-0.021493911743164062.jpg,"flat, glossy, hard, cool",glass
hct/18-1702597738.9774668/137-0.021734952926635742.jpg,hct,images/hct/data2/18-1702597738.9774668/tactile/137-0.021734952926635742.jpg,images/hct/data2/18-1702597738.9774668/vision/137-0.021734952926635742.jpg,"flat, glossy, smooth, sleek, matte",glass
hct/18-1702597738.9774668/138-0.02183818817138672.jpg,hct,images/hct/data2/18-1702597738.9774668/tactile/138-0.02183818817138672.jpg,images/hct/data2/18-1702597738.9774668/vision/138-0.02183818817138672.jpg,"reflective, glossy, cool, flat, smooth",glass
hct/18-1702597738.9774668/139-0.02167987823486328.jpg,hct,images/hct/data2/18-1702597738.9774668/tactile/139-0.02167987823486328.jpg,images/hct/data2/18-1702597738.9774668/vision/139-0.02167987823486328.jpg,"flat, cool, sleek",glass
hct/18-1702597738.9774668/140-0.020885944366455078.jpg,hct,images/hct/data2/18-1702597738.9774668/tactile/140-0.020885944366455078.jpg,images/hct/data2/18-1702597738.9774668/vision/140-0.020885944366455078.jpg,"cool, sleek, hard, smooth",glass
hct/18-1702597738.9774668/141-0.021493911743164062.jpg,hct,images/hct/data2/18-1702597738.9774668/tactile/141-0.021493911743164062.jpg,images/hct/data2/18-1702597738.9774668/vision/141-0.021493911743164062.jpg,"glossy, sleek, flat, reflective, smooth",glass
hct/18-1702597738.9774668/142-0.02122187614440918.jpg,hct,images/hct/data2/18-1702597738.9774668/tactile/142-0.02122187614440918.jpg,images/hct/data2/18-1702597738.9774668/vision/142-0.02122187614440918.jpg,"sleek, cool, hard, matte, smooth",glass
hct/18-1702597738.9774668/143-0.021979808807373047.jpg,hct,images/hct/data2/18-1702597738.9774668/tactile/143-0.021979808807373047.jpg,images/hct/data2/18-1702597738.9774668/vision/143-0.021979808807373047.jpg,"cool, sleek, glossy, flat, reflective",glass
hct/18-1702597738.9774668/144-0.02104806900024414.jpg,hct,images/hct/data2/18-1702597738.9774668/tactile/144-0.02104806900024414.jpg,images/hct/data2/18-1702597738.9774668/vision/144-0.02104806900024414.jpg,"glossy, matte, hard",glass
hct/18-1702597738.9774668/145-0.021133899688720703.jpg,hct,images/hct/data2/18-1702597738.9774668/tactile/145-0.021133899688720703.jpg,images/hct/data2/18-1702597738.9774668/vision/145-0.021133899688720703.jpg,"cool, glossy, sleek, reflective, hard",glass
hct/18-1702597738.9774668/146-0.020087003707885742.jpg,hct,images/hct/data2/18-1702597738.9774668/tactile/146-0.020087003707885742.jpg,images/hct/data2/18-1702597738.9774668/vision/146-0.020087003707885742.jpg,"hard, cool, sleek, matte, flat",glass
hct/18-1702597738.9774668/147-0.02113199234008789.jpg,hct,images/hct/data2/18-1702597738.9774668/tactile/147-0.02113199234008789.jpg,images/hct/data2/18-1702597738.9774668/vision/147-0.02113199234008789.jpg,"flat, sleek, matte, smooth, hard",glass
hct/18-1702597738.9774668/148-0.02101612091064453.jpg,hct,images/hct/data2/18-1702597738.9774668/tactile/148-0.02101612091064453.jpg,images/hct/data2/18-1702597738.9774668/vision/148-0.02101612091064453.jpg,"cool, sleek, glossy, reflective",glass
hct/18-1702597738.9774668/149-0.021581172943115234.jpg,hct,images/hct/data2/18-1702597738.9774668/tactile/149-0.021581172943115234.jpg,images/hct/data2/18-1702597738.9774668/vision/149-0.021581172943115234.jpg,"reflective, hard, glossy, matte, smooth",glass
hct/18-1702597738.9774668/150-0.020659208297729492.jpg,hct,images/hct/data2/18-1702597738.9774668/tactile/150-0.020659208297729492.jpg,images/hct/data2/18-1702597738.9774668/vision/150-0.020659208297729492.jpg,"cool, smooth, flat",glass
hct/18-1702597738.9774668/151-0.022040843963623047.jpg,hct,images/hct/data2/18-1702597738.9774668/tactile/151-0.022040843963623047.jpg,images/hct/data2/18-1702597738.9774668/vision/151-0.022040843963623047.jpg,"sleek, glossy, hard, cool",glass
hct/18-1702597738.9774668/152-0.022617101669311523.jpg,hct,images/hct/data2/18-1702597738.9774668/tactile/152-0.022617101669311523.jpg,images/hct/data2/18-1702597738.9774668/vision/152-0.022617101669311523.jpg,"flat, glossy, hard",glass
hct/18-1702597738.9774668/153-0.021532058715820312.jpg,hct,images/hct/data2/18-1702597738.9774668/tactile/153-0.021532058715820312.jpg,images/hct/data2/18-1702597738.9774668/vision/153-0.021532058715820312.jpg,"flat, sleek, reflective",glass
hct/18-1702597738.9774668/154-0.022335052490234375.jpg,hct,images/hct/data2/18-1702597738.9774668/tactile/154-0.022335052490234375.jpg,images/hct/data2/18-1702597738.9774668/vision/154-0.022335052490234375.jpg,"glossy, smooth, matte, sleek, cool",glass
hct/18-1702597738.9774668/155-0.020973920822143555.jpg,hct,images/hct/data2/18-1702597738.9774668/tactile/155-0.020973920822143555.jpg,images/hct/data2/18-1702597738.9774668/vision/155-0.020973920822143555.jpg,"reflective, flat, smooth",glass
hct/18-1702597738.9774668/156-0.021196842193603516.jpg,hct,images/hct/data2/18-1702597738.9774668/tactile/156-0.021196842193603516.jpg,images/hct/data2/18-1702597738.9774668/vision/156-0.021196842193603516.jpg,"smooth, reflective, hard, cool, sleek",glass
hct/18-1702597738.9774668/157-0.021423816680908203.jpg,hct,images/hct/data2/18-1702597738.9774668/tactile/157-0.021423816680908203.jpg,images/hct/data2/18-1702597738.9774668/vision/157-0.021423816680908203.jpg,"sleek, flat, cool",glass
hct/18-1702597738.9774668/158-0.022110939025878906.jpg,hct,images/hct/data2/18-1702597738.9774668/tactile/158-0.022110939025878906.jpg,images/hct/data2/18-1702597738.9774668/vision/158-0.022110939025878906.jpg,"glossy, sleek, reflective",glass
hct/18-1702597738.9774668/159-0.02042412757873535.jpg,hct,images/hct/data2/18-1702597738.9774668/tactile/159-0.02042412757873535.jpg,images/hct/data2/18-1702597738.9774668/vision/159-0.02042412757873535.jpg,"smooth, reflective, hard, cool, sleek",glass
hct/18-1702597738.9774668/160-0.021725177764892578.jpg,hct,images/hct/data2/18-1702597738.9774668/tactile/160-0.021725177764892578.jpg,images/hct/data2/18-1702597738.9774668/vision/160-0.021725177764892578.jpg,"glossy, flat, sleek",glass
hct/18-1702597738.9774668/161-0.0212552547454834.jpg,hct,images/hct/data2/18-1702597738.9774668/tactile/161-0.0212552547454834.jpg,images/hct/data2/18-1702597738.9774668/vision/161-0.0212552547454834.jpg,"glossy, sleek, smooth, matte",glass
hct/18-1702597738.9774668/163-0.020252227783203125.jpg,hct,images/hct/data2/18-1702597738.9774668/tactile/163-0.020252227783203125.jpg,images/hct/data2/18-1702597738.9774668/vision/163-0.020252227783203125.jpg,"cool, flat, glossy, sleek, smooth",glass
hct/18-1702597738.9774668/164-0.022136926651000977.jpg,hct,images/hct/data2/18-1702597738.9774668/tactile/164-0.022136926651000977.jpg,images/hct/data2/18-1702597738.9774668/vision/164-0.022136926651000977.jpg,"smooth, reflective, hard, cool, sleek",glass
hct/18-1702597738.9774668/165-0.020574092864990234.jpg,hct,images/hct/data2/18-1702597738.9774668/tactile/165-0.020574092864990234.jpg,images/hct/data2/18-1702597738.9774668/vision/165-0.020574092864990234.jpg,"smooth, reflective, hard, cool, glossy",glass
hct/18-1702597738.9774668/166-0.02234506607055664.jpg,hct,images/hct/data2/18-1702597738.9774668/tactile/166-0.02234506607055664.jpg,images/hct/data2/18-1702597738.9774668/vision/166-0.02234506607055664.jpg,"hard, flat, smooth, sleek",glass
hct/18-1702597738.9774668/167-0.02021193504333496.jpg,hct,images/hct/data2/18-1702597738.9774668/tactile/167-0.02021193504333496.jpg,images/hct/data2/18-1702597738.9774668/vision/167-0.02021193504333496.jpg,"smooth, glossy, sleek, hard",glass
hct/18-1702597738.9774668/168-0.021672964096069336.jpg,hct,images/hct/data2/18-1702597738.9774668/tactile/168-0.021672964096069336.jpg,images/hct/data2/18-1702597738.9774668/vision/168-0.021672964096069336.jpg,"matte, smooth, hard, glossy, flat",glass
hct/18-1702597738.9774668/169-0.022761821746826172.jpg,hct,images/hct/data2/18-1702597738.9774668/tactile/169-0.022761821746826172.jpg,images/hct/data2/18-1702597738.9774668/vision/169-0.022761821746826172.jpg,"cool, smooth, flat, sleek",glass
hct/18-1702597738.9774668/170-0.020351886749267578.jpg,hct,images/hct/data2/18-1702597738.9774668/tactile/170-0.020351886749267578.jpg,images/hct/data2/18-1702597738.9774668/vision/170-0.020351886749267578.jpg,"smooth, reflective, hard, cool, sleek",glass
hct/18-1702597738.9774668/171-0.021090984344482422.jpg,hct,images/hct/data2/18-1702597738.9774668/tactile/171-0.021090984344482422.jpg,images/hct/data2/18-1702597738.9774668/vision/171-0.021090984344482422.jpg,"flat, smooth, reflective, matte",glass
hct/18-1702597738.9774668/172-0.021785259246826172.jpg,hct,images/hct/data2/18-1702597738.9774668/tactile/172-0.021785259246826172.jpg,images/hct/data2/18-1702597738.9774668/vision/172-0.021785259246826172.jpg,"cool, matte, glossy",glass
hct/18-1702597738.9774668/173-0.02078104019165039.jpg,hct,images/hct/data2/18-1702597738.9774668/tactile/173-0.02078104019165039.jpg,images/hct/data2/18-1702597738.9774668/vision/173-0.02078104019165039.jpg,"hard, matte, smooth",glass
hct/18-1702597738.9774668/174-0.020514965057373047.jpg,hct,images/hct/data2/18-1702597738.9774668/tactile/174-0.020514965057373047.jpg,images/hct/data2/18-1702597738.9774668/vision/174-0.020514965057373047.jpg,"cool, matte, reflective, sleek",glass
hct/18-1702597738.9774668/175-0.02139115333557129.jpg,hct,images/hct/data2/18-1702597738.9774668/tactile/175-0.02139115333557129.jpg,images/hct/data2/18-1702597738.9774668/vision/175-0.02139115333557129.jpg,"smooth, reflective, hard, cool, sleek",glass
hct/18-1702597738.9774668/176-0.022003889083862305.jpg,hct,images/hct/data2/18-1702597738.9774668/tactile/176-0.022003889083862305.jpg,images/hct/data2/18-1702597738.9774668/vision/176-0.022003889083862305.jpg,"cool, hard, matte, sleek, smooth",glass
hct/18-1702597738.9774668/177-0.021537065505981445.jpg,hct,images/hct/data2/18-1702597738.9774668/tactile/177-0.021537065505981445.jpg,images/hct/data2/18-1702597738.9774668/vision/177-0.021537065505981445.jpg,"sleek, matte, hard",glass
hct/18-1702597738.9774668/178-0.020828723907470703.jpg,hct,images/hct/data2/18-1702597738.9774668/tactile/178-0.020828723907470703.jpg,images/hct/data2/18-1702597738.9774668/vision/178-0.020828723907470703.jpg,"glossy, hard, matte",glass
hct/18-1702597738.9774668/179-0.022695064544677734.jpg,hct,images/hct/data2/18-1702597738.9774668/tactile/179-0.022695064544677734.jpg,images/hct/data2/18-1702597738.9774668/vision/179-0.022695064544677734.jpg,"sleek, reflective, glossy, flat, hard",glass
hct/18-1702597738.9774668/180-0.020453929901123047.jpg,hct,images/hct/data2/18-1702597738.9774668/tactile/180-0.020453929901123047.jpg,images/hct/data2/18-1702597738.9774668/vision/180-0.020453929901123047.jpg,"flat, matte, cool, glossy",glass
hct/18-1702597738.9774668/181-0.020331859588623047.jpg,hct,images/hct/data2/18-1702597738.9774668/tactile/181-0.020331859588623047.jpg,images/hct/data2/18-1702597738.9774668/vision/181-0.020331859588623047.jpg,"reflective, sleek, flat, matte, smooth",glass
hct/18-1702597738.9774668/182-0.02034592628479004.jpg,hct,images/hct/data2/18-1702597738.9774668/tactile/182-0.02034592628479004.jpg,images/hct/data2/18-1702597738.9774668/vision/182-0.02034592628479004.jpg,"cool, flat, reflective, glossy",glass
hct/18-1702597738.9774668/183-0.021681785583496094.jpg,hct,images/hct/data2/18-1702597738.9774668/tactile/183-0.021681785583496094.jpg,images/hct/data2/18-1702597738.9774668/vision/183-0.021681785583496094.jpg,"glossy, smooth, cool, reflective",glass
hct/18-1702597738.9774668/184-0.020539283752441406.jpg,hct,images/hct/data2/18-1702597738.9774668/tactile/184-0.020539283752441406.jpg,images/hct/data2/18-1702597738.9774668/vision/184-0.020539283752441406.jpg,"smooth, cool, glossy",glass
hct/18-1702597738.9774668/185-0.02248096466064453.jpg,hct,images/hct/data2/18-1702597738.9774668/tactile/185-0.02248096466064453.jpg,images/hct/data2/18-1702597738.9774668/vision/185-0.02248096466064453.jpg,"glossy, sleek, hard, flat",glass
hct/18-1702597738.9774668/186-0.0211489200592041.jpg,hct,images/hct/data2/18-1702597738.9774668/tactile/186-0.0211489200592041.jpg,images/hct/data2/18-1702597738.9774668/vision/186-0.0211489200592041.jpg,"hard, smooth, sleek, flat",glass
hct/18-1702597738.9774668/187-0.021072864532470703.jpg,hct,images/hct/data2/18-1702597738.9774668/tactile/187-0.021072864532470703.jpg,images/hct/data2/18-1702597738.9774668/vision/187-0.021072864532470703.jpg,"glossy, smooth, cool",glass
hct/18-1702597738.9774668/188-0.021261930465698242.jpg,hct,images/hct/data2/18-1702597738.9774668/tactile/188-0.021261930465698242.jpg,images/hct/data2/18-1702597738.9774668/vision/188-0.021261930465698242.jpg,"matte, flat, reflective, glossy, sleek",glass
hct/18-1702597738.9774668/208-0.02057027816772461.jpg,hct,images/hct/data2/18-1702597738.9774668/tactile/208-0.02057027816772461.jpg,images/hct/data2/18-1702597738.9774668/vision/208-0.02057027816772461.jpg,"cool, smooth, glossy, matte",glass
hct/18-1702597738.9774668/48-0.013406991958618164.jpg,hct,images/hct/data2/18-1702597738.9774668/tactile/48-0.013406991958618164.jpg,images/hct/data2/18-1702597738.9774668/vision/48-0.013406991958618164.jpg,"smooth, reflective, hard, cool, glossy",glass
hct/18-1702597738.9774668/49-0.023354053497314453.jpg,hct,images/hct/data2/18-1702597738.9774668/tactile/49-0.023354053497314453.jpg,images/hct/data2/18-1702597738.9774668/vision/49-0.023354053497314453.jpg,"glossy, flat, hard",glass
hct/18-1702597738.9774668/50-0.021615982055664062.jpg,hct,images/hct/data2/18-1702597738.9774668/tactile/50-0.021615982055664062.jpg,images/hct/data2/18-1702597738.9774668/vision/50-0.021615982055664062.jpg,"hard, flat, matte, cool, reflective",glass
hct/18-1702597738.9774668/51-0.022164106369018555.jpg,hct,images/hct/data2/18-1702597738.9774668/tactile/51-0.022164106369018555.jpg,images/hct/data2/18-1702597738.9774668/vision/51-0.022164106369018555.jpg,"smooth, reflective, cool",glass
hct/18-1702597738.9774668/52-0.02111220359802246.jpg,hct,images/hct/data2/18-1702597738.9774668/tactile/52-0.02111220359802246.jpg,images/hct/data2/18-1702597738.9774668/vision/52-0.02111220359802246.jpg,"smooth, sleek, reflective, flat",glass
hct/18-1702597738.9774668/53-0.021485090255737305.jpg,hct,images/hct/data2/18-1702597738.9774668/tactile/53-0.021485090255737305.jpg,images/hct/data2/18-1702597738.9774668/vision/53-0.021485090255737305.jpg,"hard, reflective, flat, matte",glass
hct/18-1702597738.9774668/54-0.02300119400024414.jpg,hct,images/hct/data2/18-1702597738.9774668/tactile/54-0.02300119400024414.jpg,images/hct/data2/18-1702597738.9774668/vision/54-0.02300119400024414.jpg,"reflective, matte, smooth, glossy",glass
hct/18-1702597738.9774668/55-0.020949125289916992.jpg,hct,images/hct/data2/18-1702597738.9774668/tactile/55-0.020949125289916992.jpg,images/hct/data2/18-1702597738.9774668/vision/55-0.020949125289916992.jpg,"smooth, hard, sleek, cool, glossy",glass
hct/18-1702597738.9774668/56-0.022014141082763672.jpg,hct,images/hct/data2/18-1702597738.9774668/tactile/56-0.022014141082763672.jpg,images/hct/data2/18-1702597738.9774668/vision/56-0.022014141082763672.jpg,"hard, reflective, sleek, smooth",glass
hct/18-1702597738.9774668/57-0.02172994613647461.jpg,hct,images/hct/data2/18-1702597738.9774668/tactile/57-0.02172994613647461.jpg,images/hct/data2/18-1702597738.9774668/vision/57-0.02172994613647461.jpg,"sleek, cool, matte",glass
hct/18-1702597738.9774668/58-0.023385047912597656.jpg,hct,images/hct/data2/18-1702597738.9774668/tactile/58-0.023385047912597656.jpg,images/hct/data2/18-1702597738.9774668/vision/58-0.023385047912597656.jpg,"matte, hard, reflective, smooth, cool",glass
hct/18-1702597738.9774668/59-0.021596908569335938.jpg,hct,images/hct/data2/18-1702597738.9774668/tactile/59-0.021596908569335938.jpg,images/hct/data2/18-1702597738.9774668/vision/59-0.021596908569335938.jpg,"matte, sleek, smooth",glass
hct/18-1702597738.9774668/60-0.021407127380371094.jpg,hct,images/hct/data2/18-1702597738.9774668/tactile/60-0.021407127380371094.jpg,images/hct/data2/18-1702597738.9774668/vision/60-0.021407127380371094.jpg,"smooth, matte, cool",glass
hct/18-1702597738.9774668/61-0.020925045013427734.jpg,hct,images/hct/data2/18-1702597738.9774668/tactile/61-0.020925045013427734.jpg,images/hct/data2/18-1702597738.9774668/vision/61-0.020925045013427734.jpg,"smooth, reflective, hard, cool, glossy",glass
hct/18-1702597738.9774668/62-0.02109527587890625.jpg,hct,images/hct/data2/18-1702597738.9774668/tactile/62-0.02109527587890625.jpg,images/hct/data2/18-1702597738.9774668/vision/62-0.02109527587890625.jpg,"glossy, cool, sleek",glass
hct/18-1702597738.9774668/63-0.02354717254638672.jpg,hct,images/hct/data2/18-1702597738.9774668/tactile/63-0.02354717254638672.jpg,images/hct/data2/18-1702597738.9774668/vision/63-0.02354717254638672.jpg,"smooth, reflective, hard, cool, glossy",glass
hct/18-1702597738.9774668/64-0.021339893341064453.jpg,hct,images/hct/data2/18-1702597738.9774668/tactile/64-0.021339893341064453.jpg,images/hct/data2/18-1702597738.9774668/vision/64-0.021339893341064453.jpg,"reflective, flat, smooth, cool, glossy",glass
hct/18-1702597738.9774668/65-0.022838830947875977.jpg,hct,images/hct/data2/18-1702597738.9774668/tactile/65-0.022838830947875977.jpg,images/hct/data2/18-1702597738.9774668/vision/65-0.022838830947875977.jpg,"smooth, sleek, flat, hard",glass
hct/18-1702597738.9774668/66-0.02160477638244629.jpg,hct,images/hct/data2/18-1702597738.9774668/tactile/66-0.02160477638244629.jpg,images/hct/data2/18-1702597738.9774668/vision/66-0.02160477638244629.jpg,"smooth, reflective, hard, cool, glossy",glass
hct/18-1702597738.9774668/67-0.021231889724731445.jpg,hct,images/hct/data2/18-1702597738.9774668/tactile/67-0.021231889724731445.jpg,images/hct/data2/18-1702597738.9774668/vision/67-0.021231889724731445.jpg,"cool, reflective, sleek",glass
hct/18-1702597738.9774668/68-0.02246999740600586.jpg,hct,images/hct/data2/18-1702597738.9774668/tactile/68-0.02246999740600586.jpg,images/hct/data2/18-1702597738.9774668/vision/68-0.02246999740600586.jpg,"flat, smooth, glossy",glass
hct/18-1702597738.9774668/69-0.022335052490234375.jpg,hct,images/hct/data2/18-1702597738.9774668/tactile/69-0.022335052490234375.jpg,images/hct/data2/18-1702597738.9774668/vision/69-0.022335052490234375.jpg,"glossy, sleek, smooth, matte",glass
hct/18-1702597738.9774668/70-0.0223848819732666.jpg,hct,images/hct/data2/18-1702597738.9774668/tactile/70-0.0223848819732666.jpg,images/hct/data2/18-1702597738.9774668/vision/70-0.0223848819732666.jpg,"smooth, hard, sleek",glass
hct/18-1702597738.9774668/71-0.02091193199157715.jpg,hct,images/hct/data2/18-1702597738.9774668/tactile/71-0.02091193199157715.jpg,images/hct/data2/18-1702597738.9774668/vision/71-0.02091193199157715.jpg,"reflective, hard, smooth, matte",glass
hct/18-1702597738.9774668/72-0.021411657333374023.jpg,hct,images/hct/data2/18-1702597738.9774668/tactile/72-0.021411657333374023.jpg,images/hct/data2/18-1702597738.9774668/vision/72-0.021411657333374023.jpg,"reflective, sleek, flat, smooth, matte",glass
hct/18-1702597738.9774668/73-0.021918058395385742.jpg,hct,images/hct/data2/18-1702597738.9774668/tactile/73-0.021918058395385742.jpg,images/hct/data2/18-1702597738.9774668/vision/73-0.021918058395385742.jpg,"flat, matte, cool, smooth, sleek",glass
hct/18-1702597738.9774668/74-0.022134065628051758.jpg,hct,images/hct/data2/18-1702597738.9774668/tactile/74-0.022134065628051758.jpg,images/hct/data2/18-1702597738.9774668/vision/74-0.022134065628051758.jpg,"matte, smooth, sleek",glass
hct/18-1702597738.9774668/75-0.021738052368164062.jpg,hct,images/hct/data2/18-1702597738.9774668/tactile/75-0.021738052368164062.jpg,images/hct/data2/18-1702597738.9774668/vision/75-0.021738052368164062.jpg,"sleek, matte, glossy",glass
hct/18-1702597738.9774668/76-0.021946191787719727.jpg,hct,images/hct/data2/18-1702597738.9774668/tactile/76-0.021946191787719727.jpg,images/hct/data2/18-1702597738.9774668/vision/76-0.021946191787719727.jpg,"glossy, flat, sleek, smooth, matte",glass
hct/18-1702597738.9774668/77-0.021265029907226562.jpg,hct,images/hct/data2/18-1702597738.9774668/tactile/77-0.021265029907226562.jpg,images/hct/data2/18-1702597738.9774668/vision/77-0.021265029907226562.jpg,"reflective, glossy, smooth, hard",glass
hct/18-1702597738.9774668/78-0.02157282829284668.jpg,hct,images/hct/data2/18-1702597738.9774668/tactile/78-0.02157282829284668.jpg,images/hct/data2/18-1702597738.9774668/vision/78-0.02157282829284668.jpg,"flat, smooth, matte, hard, reflective",glass
hct/18-1702597738.9774668/79-0.02158808708190918.jpg,hct,images/hct/data2/18-1702597738.9774668/tactile/79-0.02158808708190918.jpg,images/hct/data2/18-1702597738.9774668/vision/79-0.02158808708190918.jpg,"smooth, matte, flat, sleek",glass
hct/18-1702597738.9774668/80-0.022138118743896484.jpg,hct,images/hct/data2/18-1702597738.9774668/tactile/80-0.022138118743896484.jpg,images/hct/data2/18-1702597738.9774668/vision/80-0.022138118743896484.jpg,"reflective, flat, glossy, matte, cool",glass
hct/18-1702597738.9774668/81-0.021282672882080078.jpg,hct,images/hct/data2/18-1702597738.9774668/tactile/81-0.021282672882080078.jpg,images/hct/data2/18-1702597738.9774668/vision/81-0.021282672882080078.jpg,"matte, cool, hard, flat",glass
hct/18-1702597738.9774668/82-0.02088618278503418.jpg,hct,images/hct/data2/18-1702597738.9774668/tactile/82-0.02088618278503418.jpg,images/hct/data2/18-1702597738.9774668/vision/82-0.02088618278503418.jpg,"smooth, hard, reflective",glass
hct/18-1702597738.9774668/83-0.0231020450592041.jpg,hct,images/hct/data2/18-1702597738.9774668/tactile/83-0.0231020450592041.jpg,images/hct/data2/18-1702597738.9774668/vision/83-0.0231020450592041.jpg,"sleek, flat, cool",glass
hct/18-1702597738.9774668/84-0.020830869674682617.jpg,hct,images/hct/data2/18-1702597738.9774668/tactile/84-0.020830869674682617.jpg,images/hct/data2/18-1702597738.9774668/vision/84-0.020830869674682617.jpg,"matte, reflective, smooth, cool",glass
hct/18-1702597738.9774668/85-0.022561073303222656.jpg,hct,images/hct/data2/18-1702597738.9774668/tactile/85-0.022561073303222656.jpg,images/hct/data2/18-1702597738.9774668/vision/85-0.022561073303222656.jpg,"smooth, flat, reflective",glass
hct/18-1702597738.9774668/86-0.02176213264465332.jpg,hct,images/hct/data2/18-1702597738.9774668/tactile/86-0.02176213264465332.jpg,images/hct/data2/18-1702597738.9774668/vision/86-0.02176213264465332.jpg,"reflective, matte, flat, hard, cool",glass
hct/18-1702597738.9774668/87-0.021500825881958008.jpg,hct,images/hct/data2/18-1702597738.9774668/tactile/87-0.021500825881958008.jpg,images/hct/data2/18-1702597738.9774668/vision/87-0.021500825881958008.jpg,"cool, flat, reflective",glass
hct/18-1702597738.9774668/88-0.021236896514892578.jpg,hct,images/hct/data2/18-1702597738.9774668/tactile/88-0.021236896514892578.jpg,images/hct/data2/18-1702597738.9774668/vision/88-0.021236896514892578.jpg,"smooth, glossy, hard, sleek, matte",glass
hct/18-1702597738.9774668/89-0.023235082626342773.jpg,hct,images/hct/data2/18-1702597738.9774668/tactile/89-0.023235082626342773.jpg,images/hct/data2/18-1702597738.9774668/vision/89-0.023235082626342773.jpg,"glossy, sleek, smooth",glass
hct/18-1702597738.9774668/90-0.020402908325195312.jpg,hct,images/hct/data2/18-1702597738.9774668/tactile/90-0.020402908325195312.jpg,images/hct/data2/18-1702597738.9774668/vision/90-0.020402908325195312.jpg,"sleek, hard, reflective, glossy",glass
hct/18-1702597738.9774668/91-0.021384239196777344.jpg,hct,images/hct/data2/18-1702597738.9774668/tactile/91-0.021384239196777344.jpg,images/hct/data2/18-1702597738.9774668/vision/91-0.021384239196777344.jpg,"reflective, hard, sleek, cool, glossy",glass
hct/18-1702597738.9774668/92-0.02129507064819336.jpg,hct,images/hct/data2/18-1702597738.9774668/tactile/92-0.02129507064819336.jpg,images/hct/data2/18-1702597738.9774668/vision/92-0.02129507064819336.jpg,"reflective, cool, sleek, glossy, matte",glass
hct/18-1702597738.9774668/93-0.020847797393798828.jpg,hct,images/hct/data2/18-1702597738.9774668/tactile/93-0.020847797393798828.jpg,images/hct/data2/18-1702597738.9774668/vision/93-0.020847797393798828.jpg,"matte, sleek, cool",glass
hct/18-1702597738.9774668/94-0.021450042724609375.jpg,hct,images/hct/data2/18-1702597738.9774668/tactile/94-0.021450042724609375.jpg,images/hct/data2/18-1702597738.9774668/vision/94-0.021450042724609375.jpg,"sleek, matte, cool, smooth, flat",glass
hct/18-1702597738.9774668/95-0.021233797073364258.jpg,hct,images/hct/data2/18-1702597738.9774668/tactile/95-0.021233797073364258.jpg,images/hct/data2/18-1702597738.9774668/vision/95-0.021233797073364258.jpg,"smooth, flat, reflective, cool",glass
hct/18-1702597738.9774668/96-0.022778987884521484.jpg,hct,images/hct/data2/18-1702597738.9774668/tactile/96-0.022778987884521484.jpg,images/hct/data2/18-1702597738.9774668/vision/96-0.022778987884521484.jpg,"cool, matte, reflective, flat",glass
hct/18-1702597738.9774668/97-0.02085399627685547.jpg,hct,images/hct/data2/18-1702597738.9774668/tactile/97-0.02085399627685547.jpg,images/hct/data2/18-1702597738.9774668/vision/97-0.02085399627685547.jpg,"smooth, flat, glossy, sleek, cool",glass
hct/18-1702597738.9774668/98-0.02130413055419922.jpg,hct,images/hct/data2/18-1702597738.9774668/tactile/98-0.02130413055419922.jpg,images/hct/data2/18-1702597738.9774668/vision/98-0.02130413055419922.jpg,"hard, matte, reflective, smooth",glass
hct/18-1702597738.9774668/99-0.020884990692138672.jpg,hct,images/hct/data2/18-1702597738.9774668/tactile/99-0.020884990692138672.jpg,images/hct/data2/18-1702597738.9774668/vision/99-0.020884990692138672.jpg,"hard, sleek, reflective, matte, flat",glass
hct/19-1702597754.1510248/249-0.021347761154174805.jpg,hct,images/hct/data2/19-1702597754.1510248/tactile/249-0.021347761154174805.jpg,images/hct/data2/19-1702597754.1510248/vision/249-0.021347761154174805.jpg,"flat, hard, cool, solid, matte",glass
hct/19-1702597754.1510248/250-0.02107405662536621.jpg,hct,images/hct/data2/19-1702597754.1510248/tactile/250-0.02107405662536621.jpg,images/hct/data2/19-1702597754.1510248/vision/250-0.02107405662536621.jpg,"smooth, solid, hard, flat, matte",glass
hct/19-1702597754.1510248/251-0.022238969802856445.jpg,hct,images/hct/data2/19-1702597754.1510248/tactile/251-0.022238969802856445.jpg,images/hct/data2/19-1702597754.1510248/vision/251-0.022238969802856445.jpg,"hard, reflective, flat",glass
hct/19-1702597754.1510248/252-0.021361112594604492.jpg,hct,images/hct/data2/19-1702597754.1510248/tactile/252-0.021361112594604492.jpg,images/hct/data2/19-1702597754.1510248/vision/252-0.021361112594604492.jpg,"reflective, hard, matte",glass
hct/19-1702597754.1510248/253-0.021461009979248047.jpg,hct,images/hct/data2/19-1702597754.1510248/tactile/253-0.021461009979248047.jpg,images/hct/data2/19-1702597754.1510248/vision/253-0.021461009979248047.jpg,"solid, hard, matte",glass
hct/19-1702597754.1510248/254-0.021363019943237305.jpg,hct,images/hct/data2/19-1702597754.1510248/tactile/254-0.021363019943237305.jpg,images/hct/data2/19-1702597754.1510248/vision/254-0.021363019943237305.jpg,"smooth, matte, solid",glass
hct/19-1702597754.1510248/255-0.02148604393005371.jpg,hct,images/hct/data2/19-1702597754.1510248/tactile/255-0.02148604393005371.jpg,images/hct/data2/19-1702597754.1510248/vision/255-0.02148604393005371.jpg,"matte, solid, hard",glass
hct/19-1702597754.1510248/256-0.021682262420654297.jpg,hct,images/hct/data2/19-1702597754.1510248/tactile/256-0.021682262420654297.jpg,images/hct/data2/19-1702597754.1510248/vision/256-0.021682262420654297.jpg,"flat, hard, cool, smooth",glass
hct/19-1702597754.1510248/257-0.021580934524536133.jpg,hct,images/hct/data2/19-1702597754.1510248/tactile/257-0.021580934524536133.jpg,images/hct/data2/19-1702597754.1510248/vision/257-0.021580934524536133.jpg,"cool, smooth, hard, matte, flat",glass
hct/19-1702597754.1510248/258-0.02170395851135254.jpg,hct,images/hct/data2/19-1702597754.1510248/tactile/258-0.02170395851135254.jpg,images/hct/data2/19-1702597754.1510248/vision/258-0.02170395851135254.jpg,"solid, cool, hard, matte, flat",glass
hct/19-1702597754.1510248/259-0.021413087844848633.jpg,hct,images/hct/data2/19-1702597754.1510248/tactile/259-0.021413087844848633.jpg,images/hct/data2/19-1702597754.1510248/vision/259-0.021413087844848633.jpg,"reflective, smooth, matte",glass
hct/19-1702597754.1510248/260-0.021678686141967773.jpg,hct,images/hct/data2/19-1702597754.1510248/tactile/260-0.021678686141967773.jpg,images/hct/data2/19-1702597754.1510248/vision/260-0.021678686141967773.jpg,"hard, solid, flat",glass
hct/19-1702597754.1510248/261-0.02095794677734375.jpg,hct,images/hct/data2/19-1702597754.1510248/tactile/261-0.02095794677734375.jpg,images/hct/data2/19-1702597754.1510248/vision/261-0.02095794677734375.jpg,"smooth, hard, cool, matte, solid",glass
hct/19-1702597754.1510248/262-0.02119898796081543.jpg,hct,images/hct/data2/19-1702597754.1510248/tactile/262-0.02119898796081543.jpg,images/hct/data2/19-1702597754.1510248/vision/262-0.02119898796081543.jpg,"hard, flat, reflective",glass
hct/19-1702597754.1510248/263-0.022469758987426758.jpg,hct,images/hct/data2/19-1702597754.1510248/tactile/263-0.022469758987426758.jpg,images/hct/data2/19-1702597754.1510248/vision/263-0.022469758987426758.jpg,"matte, hard, smooth, solid",glass
hct/19-1702597754.1510248/264-0.021790027618408203.jpg,hct,images/hct/data2/19-1702597754.1510248/tactile/264-0.021790027618408203.jpg,images/hct/data2/19-1702597754.1510248/vision/264-0.021790027618408203.jpg,"flat, reflective, cool, smooth",glass
hct/19-1702597754.1510248/265-0.02191901206970215.jpg,hct,images/hct/data2/19-1702597754.1510248/tactile/265-0.02191901206970215.jpg,images/hct/data2/19-1702597754.1510248/vision/265-0.02191901206970215.jpg,"reflective, matte, solid, hard",glass
hct/19-1702597754.1510248/266-0.021309852600097656.jpg,hct,images/hct/data2/19-1702597754.1510248/tactile/266-0.021309852600097656.jpg,images/hct/data2/19-1702597754.1510248/vision/266-0.021309852600097656.jpg,"solid, cool, flat, hard, matte",glass
hct/19-1702597754.1510248/267-0.021119117736816406.jpg,hct,images/hct/data2/19-1702597754.1510248/tactile/267-0.021119117736816406.jpg,images/hct/data2/19-1702597754.1510248/vision/267-0.021119117736816406.jpg,"cool, smooth, hard, reflective",glass
hct/19-1702597754.1510248/268-0.021339893341064453.jpg,hct,images/hct/data2/19-1702597754.1510248/tactile/268-0.021339893341064453.jpg,images/hct/data2/19-1702597754.1510248/vision/268-0.021339893341064453.jpg,"matte, reflective, flat, hard",glass
hct/19-1702597754.1510248/269-0.02130293846130371.jpg,hct,images/hct/data2/19-1702597754.1510248/tactile/269-0.02130293846130371.jpg,images/hct/data2/19-1702597754.1510248/vision/269-0.02130293846130371.jpg,"solid, matte, flat, hard, smooth",glass
hct/19-1702597754.1510248/270-0.023299694061279297.jpg,hct,images/hct/data2/19-1702597754.1510248/tactile/270-0.023299694061279297.jpg,images/hct/data2/19-1702597754.1510248/vision/270-0.023299694061279297.jpg,"cool, hard, matte, solid, smooth",glass
hct/19-1702597754.1510248/271-0.021322965621948242.jpg,hct,images/hct/data2/19-1702597754.1510248/tactile/271-0.021322965621948242.jpg,images/hct/data2/19-1702597754.1510248/vision/271-0.021322965621948242.jpg,"hard, matte, cool",glass
hct/19-1702597754.1510248/272-0.02081012725830078.jpg,hct,images/hct/data2/19-1702597754.1510248/tactile/272-0.02081012725830078.jpg,images/hct/data2/19-1702597754.1510248/vision/272-0.02081012725830078.jpg,"flat, solid, cool, hard",glass
hct/19-1702597754.1510248/273-0.021563053131103516.jpg,hct,images/hct/data2/19-1702597754.1510248/tactile/273-0.021563053131103516.jpg,images/hct/data2/19-1702597754.1510248/vision/273-0.021563053131103516.jpg,"reflective, solid, hard, smooth",glass
hct/19-1702597754.1510248/274-0.020949125289916992.jpg,hct,images/hct/data2/19-1702597754.1510248/tactile/274-0.020949125289916992.jpg,images/hct/data2/19-1702597754.1510248/vision/274-0.020949125289916992.jpg,"reflective, hard, matte",glass
hct/19-1702597754.1510248/275-0.021754741668701172.jpg,hct,images/hct/data2/19-1702597754.1510248/tactile/275-0.021754741668701172.jpg,images/hct/data2/19-1702597754.1510248/vision/275-0.021754741668701172.jpg,"cool, hard, smooth",glass
hct/19-1702597754.1510248/276-0.020828962326049805.jpg,hct,images/hct/data2/19-1702597754.1510248/tactile/276-0.020828962326049805.jpg,images/hct/data2/19-1702597754.1510248/vision/276-0.020828962326049805.jpg,"hard, matte, flat, cool, smooth",glass
hct/19-1702597754.1510248/277-0.022691011428833008.jpg,hct,images/hct/data2/19-1702597754.1510248/tactile/277-0.022691011428833008.jpg,images/hct/data2/19-1702597754.1510248/vision/277-0.022691011428833008.jpg,"hard, matte, cool, solid, smooth",glass
hct/19-1702597754.1510248/278-0.021346092224121094.jpg,hct,images/hct/data2/19-1702597754.1510248/tactile/278-0.021346092224121094.jpg,images/hct/data2/19-1702597754.1510248/vision/278-0.021346092224121094.jpg,"cool, reflective, flat",glass
hct/19-1702597754.1510248/297-0.02030491828918457.jpg,hct,images/hct/data2/19-1702597754.1510248/tactile/297-0.02030491828918457.jpg,images/hct/data2/19-1702597754.1510248/vision/297-0.02030491828918457.jpg,"smooth, flat, solid",glass
hct/19-1702597754.1510248/298-0.02166008949279785.jpg,hct,images/hct/data2/19-1702597754.1510248/tactile/298-0.02166008949279785.jpg,images/hct/data2/19-1702597754.1510248/vision/298-0.02166008949279785.jpg,"matte, cool, solid, hard, flat",glass
hct/19-1702597754.1510248/299-0.020806074142456055.jpg,hct,images/hct/data2/19-1702597754.1510248/tactile/299-0.020806074142456055.jpg,images/hct/data2/19-1702597754.1510248/vision/299-0.020806074142456055.jpg,"solid, reflective, smooth, cool, flat",glass
hct/19-1702597754.1510248/300-0.0204160213470459.jpg,hct,images/hct/data2/19-1702597754.1510248/tactile/300-0.0204160213470459.jpg,images/hct/data2/19-1702597754.1510248/vision/300-0.0204160213470459.jpg,"matte, cool, smooth",glass
hct/19-1702597754.1510248/301-0.022175073623657227.jpg,hct,images/hct/data2/19-1702597754.1510248/tactile/301-0.022175073623657227.jpg,images/hct/data2/19-1702597754.1510248/vision/301-0.022175073623657227.jpg,"reflective, flat, smooth",glass
hct/19-1702597754.1510248/302-0.020827054977416992.jpg,hct,images/hct/data2/19-1702597754.1510248/tactile/302-0.020827054977416992.jpg,images/hct/data2/19-1702597754.1510248/vision/302-0.020827054977416992.jpg,"smooth, reflective, cool, hard",glass
hct/19-1702597754.1510248/303-0.022062063217163086.jpg,hct,images/hct/data2/19-1702597754.1510248/tactile/303-0.022062063217163086.jpg,images/hct/data2/19-1702597754.1510248/vision/303-0.022062063217163086.jpg,"smooth, reflective, hard, cool, flat",glass
hct/19-1702597754.1510248/304-0.020946264266967773.jpg,hct,images/hct/data2/19-1702597754.1510248/tactile/304-0.020946264266967773.jpg,images/hct/data2/19-1702597754.1510248/vision/304-0.020946264266967773.jpg,"flat, solid, hard, reflective, matte",glass
hct/19-1702597754.1510248/305-0.02133774757385254.jpg,hct,images/hct/data2/19-1702597754.1510248/tactile/305-0.02133774757385254.jpg,images/hct/data2/19-1702597754.1510248/vision/305-0.02133774757385254.jpg,"matte, hard, flat",glass
hct/19-1702597754.1510248/306-0.02140498161315918.jpg,hct,images/hct/data2/19-1702597754.1510248/tactile/306-0.02140498161315918.jpg,images/hct/data2/19-1702597754.1510248/vision/306-0.02140498161315918.jpg,"hard, solid, reflective",glass
hct/19-1702597754.1510248/307-0.02084827423095703.jpg,hct,images/hct/data2/19-1702597754.1510248/tactile/307-0.02084827423095703.jpg,images/hct/data2/19-1702597754.1510248/vision/307-0.02084827423095703.jpg,"cool, hard, smooth, flat",glass
hct/19-1702597754.1510248/308-0.022439956665039062.jpg,hct,images/hct/data2/19-1702597754.1510248/tactile/308-0.022439956665039062.jpg,images/hct/data2/19-1702597754.1510248/vision/308-0.022439956665039062.jpg,"reflective, smooth, cool, solid, hard",glass
hct/19-1702597754.1510248/309-0.02170109748840332.jpg,hct,images/hct/data2/19-1702597754.1510248/tactile/309-0.02170109748840332.jpg,images/hct/data2/19-1702597754.1510248/vision/309-0.02170109748840332.jpg,"hard, cool, smooth, solid, flat",glass
hct/19-1702597754.1510248/311-0.020973920822143555.jpg,hct,images/hct/data2/19-1702597754.1510248/tactile/311-0.020973920822143555.jpg,images/hct/data2/19-1702597754.1510248/vision/311-0.020973920822143555.jpg,"matte, cool, flat",glass
hct/19-1702597754.1510248/312-0.0220949649810791.jpg,hct,images/hct/data2/19-1702597754.1510248/tactile/312-0.0220949649810791.jpg,images/hct/data2/19-1702597754.1510248/vision/312-0.0220949649810791.jpg,"flat, matte, reflective, solid, hard",glass
hct/19-1702597754.1510248/313-0.021125078201293945.jpg,hct,images/hct/data2/19-1702597754.1510248/tactile/313-0.021125078201293945.jpg,images/hct/data2/19-1702597754.1510248/vision/313-0.021125078201293945.jpg,"solid, hard, matte",glass
hct/19-1702597754.1510248/314-0.02096271514892578.jpg,hct,images/hct/data2/19-1702597754.1510248/tactile/314-0.02096271514892578.jpg,images/hct/data2/19-1702597754.1510248/vision/314-0.02096271514892578.jpg,"cool, hard, matte",glass
hct/19-1702597754.1510248/315-0.020720243453979492.jpg,hct,images/hct/data2/19-1702597754.1510248/tactile/315-0.020720243453979492.jpg,images/hct/data2/19-1702597754.1510248/vision/315-0.020720243453979492.jpg,"matte, smooth, solid, cool",glass
hct/19-1702597754.1510248/316-0.021077871322631836.jpg,hct,images/hct/data2/19-1702597754.1510248/tactile/316-0.021077871322631836.jpg,images/hct/data2/19-1702597754.1510248/vision/316-0.021077871322631836.jpg,"hard, solid, smooth, flat",glass
hct/19-1702597754.1510248/317-0.02180624008178711.jpg,hct,images/hct/data2/19-1702597754.1510248/tactile/317-0.02180624008178711.jpg,images/hct/data2/19-1702597754.1510248/vision/317-0.02180624008178711.jpg,"smooth, hard, reflective",glass
hct/19-1702597754.1510248/318-0.02107381820678711.jpg,hct,images/hct/data2/19-1702597754.1510248/tactile/318-0.02107381820678711.jpg,images/hct/data2/19-1702597754.1510248/vision/318-0.02107381820678711.jpg,"matte, smooth, cool, flat",glass
hct/2-1702598879.447395/173-0.021300077438354492.jpg,hct,images/hct/data2/2-1702598879.447395/tactile/173-0.021300077438354492.jpg,images/hct/data2/2-1702598879.447395/vision/173-0.021300077438354492.jpg,"rigid, glossy, hard, flat, cool",cardboard
hct/2-1702598879.447395/174-0.0225830078125.jpg,hct,images/hct/data2/2-1702598879.447395/tactile/174-0.0225830078125.jpg,images/hct/data2/2-1702598879.447395/vision/174-0.0225830078125.jpg,"rigid, reflective, smooth",cardboard
hct/2-1702598879.447395/175-0.021011829376220703.jpg,hct,images/hct/data2/2-1702598879.447395/tactile/175-0.021011829376220703.jpg,images/hct/data2/2-1702598879.447395/vision/175-0.021011829376220703.jpg,"matte, smooth, hard, rigid, glossy",cardboard
hct/2-1702598879.447395/176-0.020975112915039062.jpg,hct,images/hct/data2/2-1702598879.447395/tactile/176-0.020975112915039062.jpg,images/hct/data2/2-1702598879.447395/vision/176-0.020975112915039062.jpg,"smooth, flat, rigid, matte, cool",cardboard
hct/2-1702598879.447395/177-0.0211181640625.jpg,hct,images/hct/data2/2-1702598879.447395/tactile/177-0.0211181640625.jpg,images/hct/data2/2-1702598879.447395/vision/177-0.0211181640625.jpg,"hard, reflective, flat, smooth, cool",cardboard
hct/2-1702598879.447395/178-0.021961212158203125.jpg,hct,images/hct/data2/2-1702598879.447395/tactile/178-0.021961212158203125.jpg,images/hct/data2/2-1702598879.447395/vision/178-0.021961212158203125.jpg,"flat, smooth, hard, reflective",cardboard
hct/2-1702598879.447395/179-0.020343780517578125.jpg,hct,images/hct/data2/2-1702598879.447395/tactile/179-0.020343780517578125.jpg,images/hct/data2/2-1702598879.447395/vision/179-0.020343780517578125.jpg,"matte, glossy, cool",cardboard
hct/2-1702598879.447395/180-0.021712779998779297.jpg,hct,images/hct/data2/2-1702598879.447395/tactile/180-0.021712779998779297.jpg,images/hct/data2/2-1702598879.447395/vision/180-0.021712779998779297.jpg,"hard, smooth, flat",cardboard
hct/2-1702598879.447395/181-0.020923137664794922.jpg,hct,images/hct/data2/2-1702598879.447395/tactile/181-0.020923137664794922.jpg,images/hct/data2/2-1702598879.447395/vision/181-0.020923137664794922.jpg,"flat, matte, reflective, smooth, rigid",cardboard
hct/2-1702598879.447395/182-0.020821094512939453.jpg,hct,images/hct/data2/2-1702598879.447395/tactile/182-0.020821094512939453.jpg,images/hct/data2/2-1702598879.447395/vision/182-0.020821094512939453.jpg,"smooth, flat, rigid, matte, cool",cardboard
hct/2-1702598879.447395/183-0.021385908126831055.jpg,hct,images/hct/data2/2-1702598879.447395/tactile/183-0.021385908126831055.jpg,images/hct/data2/2-1702598879.447395/vision/183-0.021385908126831055.jpg,"flat, hard, matte",cardboard
hct/2-1702598879.447395/184-0.020494937896728516.jpg,hct,images/hct/data2/2-1702598879.447395/tactile/184-0.020494937896728516.jpg,images/hct/data2/2-1702598879.447395/vision/184-0.020494937896728516.jpg,"smooth, glossy, matte, flat",cardboard
hct/2-1702598879.447395/185-0.021576881408691406.jpg,hct,images/hct/data2/2-1702598879.447395/tactile/185-0.021576881408691406.jpg,images/hct/data2/2-1702598879.447395/vision/185-0.021576881408691406.jpg,"glossy, flat, rigid",cardboard
hct/2-1702598879.447395/186-0.02153491973876953.jpg,hct,images/hct/data2/2-1702598879.447395/tactile/186-0.02153491973876953.jpg,images/hct/data2/2-1702598879.447395/vision/186-0.02153491973876953.jpg,"glossy, cool, hard, flat",cardboard
hct/2-1702598879.447395/187-0.021146774291992188.jpg,hct,images/hct/data2/2-1702598879.447395/tactile/187-0.021146774291992188.jpg,images/hct/data2/2-1702598879.447395/vision/187-0.021146774291992188.jpg,"flat, reflective, glossy, matte, hard",cardboard
hct/2-1702598879.447395/188-0.021130800247192383.jpg,hct,images/hct/data2/2-1702598879.447395/tactile/188-0.021130800247192383.jpg,images/hct/data2/2-1702598879.447395/vision/188-0.021130800247192383.jpg,"reflective, matte, cool, smooth",cardboard
hct/2-1702598879.447395/189-0.021672964096069336.jpg,hct,images/hct/data2/2-1702598879.447395/tactile/189-0.021672964096069336.jpg,images/hct/data2/2-1702598879.447395/vision/189-0.021672964096069336.jpg,"flat, cool, matte, glossy",cardboard
hct/2-1702598879.447395/190-0.022881031036376953.jpg,hct,images/hct/data2/2-1702598879.447395/tactile/190-0.022881031036376953.jpg,images/hct/data2/2-1702598879.447395/vision/190-0.022881031036376953.jpg,"rigid, glossy, matte, smooth, reflective",cardboard
hct/2-1702598879.447395/191-0.022258281707763672.jpg,hct,images/hct/data2/2-1702598879.447395/tactile/191-0.022258281707763672.jpg,images/hct/data2/2-1702598879.447395/vision/191-0.022258281707763672.jpg,"matte, cool, rigid, smooth",cardboard
hct/2-1702598879.447395/192-0.01981496810913086.jpg,hct,images/hct/data2/2-1702598879.447395/tactile/192-0.01981496810913086.jpg,images/hct/data2/2-1702598879.447395/vision/192-0.01981496810913086.jpg,"cool, hard, matte, rigid",cardboard
hct/2-1702598879.447395/193-0.021609783172607422.jpg,hct,images/hct/data2/2-1702598879.447395/tactile/193-0.021609783172607422.jpg,images/hct/data2/2-1702598879.447395/vision/193-0.021609783172607422.jpg,"matte, smooth, cool, flat, rigid",cardboard
hct/2-1702598879.447395/194-0.020730972290039062.jpg,hct,images/hct/data2/2-1702598879.447395/tactile/194-0.020730972290039062.jpg,images/hct/data2/2-1702598879.447395/vision/194-0.020730972290039062.jpg,"cool, matte, reflective",cardboard
hct/2-1702598879.447395/195-0.020167827606201172.jpg,hct,images/hct/data2/2-1702598879.447395/tactile/195-0.020167827606201172.jpg,images/hct/data2/2-1702598879.447395/vision/195-0.020167827606201172.jpg,"glossy, hard, flat",cardboard
hct/2-1702598879.447395/196-0.021007776260375977.jpg,hct,images/hct/data2/2-1702598879.447395/tactile/196-0.021007776260375977.jpg,images/hct/data2/2-1702598879.447395/vision/196-0.021007776260375977.jpg,"reflective, flat, glossy",cardboard
hct/2-1702598879.447395/197-0.020676851272583008.jpg,hct,images/hct/data2/2-1702598879.447395/tactile/197-0.020676851272583008.jpg,images/hct/data2/2-1702598879.447395/vision/197-0.020676851272583008.jpg,"rigid, cool, reflective, smooth, glossy",cardboard
hct/2-1702598879.447395/198-0.022243261337280273.jpg,hct,images/hct/data2/2-1702598879.447395/tactile/198-0.022243261337280273.jpg,images/hct/data2/2-1702598879.447395/vision/198-0.022243261337280273.jpg,"matte, rigid, reflective, cool",cardboard
hct/2-1702598879.447395/199-0.021603107452392578.jpg,hct,images/hct/data2/2-1702598879.447395/tactile/199-0.021603107452392578.jpg,images/hct/data2/2-1702598879.447395/vision/199-0.021603107452392578.jpg,"rigid, cool, glossy, hard, matte",cardboard
hct/2-1702598879.447395/200-0.021352767944335938.jpg,hct,images/hct/data2/2-1702598879.447395/tactile/200-0.021352767944335938.jpg,images/hct/data2/2-1702598879.447395/vision/200-0.021352767944335938.jpg,"reflective, smooth, glossy, flat, matte",cardboard
hct/2-1702598879.447395/201-0.02004098892211914.jpg,hct,images/hct/data2/2-1702598879.447395/tactile/201-0.02004098892211914.jpg,images/hct/data2/2-1702598879.447395/vision/201-0.02004098892211914.jpg,"glossy, flat, smooth",cardboard
hct/2-1702598879.447395/202-0.021085262298583984.jpg,hct,images/hct/data2/2-1702598879.447395/tactile/202-0.021085262298583984.jpg,images/hct/data2/2-1702598879.447395/vision/202-0.021085262298583984.jpg,"reflective, matte, rigid",cardboard
hct/2-1702598879.447395/203-0.02325606346130371.jpg,hct,images/hct/data2/2-1702598879.447395/tactile/203-0.02325606346130371.jpg,images/hct/data2/2-1702598879.447395/vision/203-0.02325606346130371.jpg,"reflective, glossy, hard",cardboard
hct/2-1702598879.447395/204-0.02071094512939453.jpg,hct,images/hct/data2/2-1702598879.447395/tactile/204-0.02071094512939453.jpg,images/hct/data2/2-1702598879.447395/vision/204-0.02071094512939453.jpg,"smooth, hard, glossy, flat, matte",cardboard
hct/2-1702598879.447395/205-0.02092289924621582.jpg,hct,images/hct/data2/2-1702598879.447395/tactile/205-0.02092289924621582.jpg,images/hct/data2/2-1702598879.447395/vision/205-0.02092289924621582.jpg,"matte, hard, rigid, reflective",cardboard
hct/2-1702598879.447395/206-0.020926237106323242.jpg,hct,images/hct/data2/2-1702598879.447395/tactile/206-0.020926237106323242.jpg,images/hct/data2/2-1702598879.447395/vision/206-0.020926237106323242.jpg,"reflective, flat, smooth, hard, glossy",cardboard
hct/2-1702598879.447395/207-0.020272016525268555.jpg,hct,images/hct/data2/2-1702598879.447395/tactile/207-0.020272016525268555.jpg,images/hct/data2/2-1702598879.447395/vision/207-0.020272016525268555.jpg,"matte, cool, hard, reflective, rigid",cardboard
hct/2-1702598879.447395/208-0.02074909210205078.jpg,hct,images/hct/data2/2-1702598879.447395/tactile/208-0.02074909210205078.jpg,images/hct/data2/2-1702598879.447395/vision/208-0.02074909210205078.jpg,"rigid, hard, flat, reflective",cardboard
hct/2-1702598879.447395/209-0.022415876388549805.jpg,hct,images/hct/data2/2-1702598879.447395/tactile/209-0.022415876388549805.jpg,images/hct/data2/2-1702598879.447395/vision/209-0.022415876388549805.jpg,"smooth, reflective, flat, rigid, glossy",cardboard
hct/2-1702598879.447395/210-0.02021193504333496.jpg,hct,images/hct/data2/2-1702598879.447395/tactile/210-0.02021193504333496.jpg,images/hct/data2/2-1702598879.447395/vision/210-0.02021193504333496.jpg,"matte, flat, rigid",cardboard
hct/2-1702598879.447395/211-0.019804000854492188.jpg,hct,images/hct/data2/2-1702598879.447395/tactile/211-0.019804000854492188.jpg,images/hct/data2/2-1702598879.447395/vision/211-0.019804000854492188.jpg,"rigid, reflective, matte, flat, hard",cardboard
hct/2-1702598879.447395/212-0.020005226135253906.jpg,hct,images/hct/data2/2-1702598879.447395/tactile/212-0.020005226135253906.jpg,images/hct/data2/2-1702598879.447395/vision/212-0.020005226135253906.jpg,"smooth, flat, rigid",cardboard
hct/2-1702598879.447395/213-0.021323680877685547.jpg,hct,images/hct/data2/2-1702598879.447395/tactile/213-0.021323680877685547.jpg,images/hct/data2/2-1702598879.447395/vision/213-0.021323680877685547.jpg,"matte, hard, smooth, flat, cool",cardboard
hct/2-1702598879.447395/214-0.020552873611450195.jpg,hct,images/hct/data2/2-1702598879.447395/tactile/214-0.020552873611450195.jpg,images/hct/data2/2-1702598879.447395/vision/214-0.020552873611450195.jpg,"rigid, smooth, glossy, cool",cardboard
hct/2-1702598879.447395/215-0.021252155303955078.jpg,hct,images/hct/data2/2-1702598879.447395/tactile/215-0.021252155303955078.jpg,images/hct/data2/2-1702598879.447395/vision/215-0.021252155303955078.jpg,"smooth, reflective, hard, flat, glossy",cardboard
hct/2-1702598879.447395/216-0.021970033645629883.jpg,hct,images/hct/data2/2-1702598879.447395/tactile/216-0.021970033645629883.jpg,images/hct/data2/2-1702598879.447395/vision/216-0.021970033645629883.jpg,"glossy, hard, matte",cardboard
hct/2-1705015423.851567/100-0.02295231819152832.jpg,hct,images/hct/data3/2-1705015423.851567/tactile/100-0.02295231819152832.jpg,images/hct/data3/2-1705015423.851567/vision/100-0.02295231819152832.jpg,"textured, uneven, rigid, abrasive, porous",coral
hct/2-1705015423.851567/102-0.022629737854003906.jpg,hct,images/hct/data3/2-1705015423.851567/tactile/102-0.022629737854003906.jpg,images/hct/data3/2-1705015423.851567/vision/102-0.022629737854003906.jpg,"textured, hard, rigid, abrasive",coral
hct/2-1705015423.851567/103-0.02187800407409668.jpg,hct,images/hct/data3/2-1705015423.851567/tactile/103-0.02187800407409668.jpg,images/hct/data3/2-1705015423.851567/vision/103-0.02187800407409668.jpg,"solid, uneven, sleek",coral
hct/2-1705015423.851567/104-0.023520946502685547.jpg,hct,images/hct/data3/2-1705015423.851567/tactile/104-0.023520946502685547.jpg,images/hct/data3/2-1705015423.851567/vision/104-0.023520946502685547.jpg,"rigid, porous, smooth, solid, flat",coral
hct/2-1705015423.851567/105-0.02234506607055664.jpg,hct,images/hct/data3/2-1705015423.851567/tactile/105-0.02234506607055664.jpg,images/hct/data3/2-1705015423.851567/vision/105-0.02234506607055664.jpg,"matte, smooth, porous",coral
hct/2-1705015423.851567/106-0.022372007369995117.jpg,hct,images/hct/data3/2-1705015423.851567/tactile/106-0.022372007369995117.jpg,images/hct/data3/2-1705015423.851567/vision/106-0.022372007369995117.jpg,"uneven, textured, firm",coral
hct/2-1705015423.851567/107-0.02294611930847168.jpg,hct,images/hct/data3/2-1705015423.851567/tactile/107-0.02294611930847168.jpg,images/hct/data3/2-1705015423.851567/vision/107-0.02294611930847168.jpg,"cool, rigid, abrasive, matte, sleek",coral
hct/2-1705015423.851567/108-0.023019075393676758.jpg,hct,images/hct/data3/2-1705015423.851567/tactile/108-0.023019075393676758.jpg,images/hct/data3/2-1705015423.851567/vision/108-0.023019075393676758.jpg,"hard, cool, firm, textured, rigid",coral
hct/2-1705015423.851567/109-0.02274775505065918.jpg,hct,images/hct/data3/2-1705015423.851567/tactile/109-0.02274775505065918.jpg,images/hct/data3/2-1705015423.851567/vision/109-0.02274775505065918.jpg,"cool, abrasive, matte, flat",coral
hct/2-1705015423.851567/110-0.022291898727416992.jpg,hct,images/hct/data3/2-1705015423.851567/tactile/110-0.022291898727416992.jpg,images/hct/data3/2-1705015423.851567/vision/110-0.022291898727416992.jpg,"smooth, flat, uneven, rigid, textured",coral
hct/2-1705015423.851567/111-0.02284693717956543.jpg,hct,images/hct/data3/2-1705015423.851567/tactile/111-0.02284693717956543.jpg,images/hct/data3/2-1705015423.851567/vision/111-0.02284693717956543.jpg,"solid, textured, cool, uneven",coral
hct/2-1705015423.851567/112-0.022336959838867188.jpg,hct,images/hct/data3/2-1705015423.851567/tactile/112-0.022336959838867188.jpg,images/hct/data3/2-1705015423.851567/vision/112-0.022336959838867188.jpg,"porous, abrasive, flat",coral
hct/2-1705015423.851567/113-0.02229619026184082.jpg,hct,images/hct/data3/2-1705015423.851567/tactile/113-0.02229619026184082.jpg,images/hct/data3/2-1705015423.851567/vision/113-0.02229619026184082.jpg,"flat, cool, textured, solid",coral
hct/2-1705015423.851567/114-0.021798133850097656.jpg,hct,images/hct/data3/2-1705015423.851567/tactile/114-0.021798133850097656.jpg,images/hct/data3/2-1705015423.851567/vision/114-0.021798133850097656.jpg,"uneven, rigid, solid, sleek, hard",coral
hct/2-1705015423.851567/115-0.022777795791625977.jpg,hct,images/hct/data3/2-1705015423.851567/tactile/115-0.022777795791625977.jpg,images/hct/data3/2-1705015423.851567/vision/115-0.022777795791625977.jpg,"sleek, flat, textured, smooth",coral
hct/2-1705015423.851567/116-0.022942781448364258.jpg,hct,images/hct/data3/2-1705015423.851567/tactile/116-0.022942781448364258.jpg,images/hct/data3/2-1705015423.851567/vision/116-0.022942781448364258.jpg,"porous, sleek, textured, solid, flat",coral
hct/2-1705015423.851567/117-0.02167201042175293.jpg,hct,images/hct/data3/2-1705015423.851567/tactile/117-0.02167201042175293.jpg,images/hct/data3/2-1705015423.851567/vision/117-0.02167201042175293.jpg,"uneven, matte, sleek",coral
hct/2-1705015423.851567/118-0.0218508243560791.jpg,hct,images/hct/data3/2-1705015423.851567/tactile/118-0.0218508243560791.jpg,images/hct/data3/2-1705015423.851567/vision/118-0.0218508243560791.jpg,"solid, firm, cool",coral
hct/2-1705015423.851567/119-0.022272109985351562.jpg,hct,images/hct/data3/2-1705015423.851567/tactile/119-0.022272109985351562.jpg,images/hct/data3/2-1705015423.851567/vision/119-0.022272109985351562.jpg,"smooth, hard, porous, sleek",coral
hct/2-1705015423.851567/120-0.021179914474487305.jpg,hct,images/hct/data3/2-1705015423.851567/tactile/120-0.021179914474487305.jpg,images/hct/data3/2-1705015423.851567/vision/120-0.021179914474487305.jpg,"smooth, hard, firm, solid",coral
hct/2-1705015423.851567/121-0.022604942321777344.jpg,hct,images/hct/data3/2-1705015423.851567/tactile/121-0.022604942321777344.jpg,images/hct/data3/2-1705015423.851567/vision/121-0.022604942321777344.jpg,"flat, smooth, textured, uneven, hard",coral
hct/2-1705015423.851567/122-0.022826194763183594.jpg,hct,images/hct/data3/2-1705015423.851567/tactile/122-0.022826194763183594.jpg,images/hct/data3/2-1705015423.851567/vision/122-0.022826194763183594.jpg,"flat, matte, sleek, rigid, uneven",coral
hct/2-1705015423.851567/123-0.02204585075378418.jpg,hct,images/hct/data3/2-1705015423.851567/tactile/123-0.02204585075378418.jpg,images/hct/data3/2-1705015423.851567/vision/123-0.02204585075378418.jpg,"porous, hard, solid",coral
hct/2-1705015423.851567/124-0.022266864776611328.jpg,hct,images/hct/data3/2-1705015423.851567/tactile/124-0.022266864776611328.jpg,images/hct/data3/2-1705015423.851567/vision/124-0.022266864776611328.jpg,"cool, uneven, rigid",coral
hct/2-1705015423.851567/125-0.021921157836914062.jpg,hct,images/hct/data3/2-1705015423.851567/tactile/125-0.021921157836914062.jpg,images/hct/data3/2-1705015423.851567/vision/125-0.021921157836914062.jpg,"sleek, smooth, solid",coral
hct/2-1705015423.851567/126-0.021744251251220703.jpg,hct,images/hct/data3/2-1705015423.851567/tactile/126-0.021744251251220703.jpg,images/hct/data3/2-1705015423.851567/vision/126-0.021744251251220703.jpg,"cool, sleek, uneven",coral
hct/2-1705015423.851567/127-0.022684097290039062.jpg,hct,images/hct/data3/2-1705015423.851567/tactile/127-0.022684097290039062.jpg,images/hct/data3/2-1705015423.851567/vision/127-0.022684097290039062.jpg,"cool, abrasive, firm",coral
hct/2-1705015423.851567/128-0.02252507209777832.jpg,hct,images/hct/data3/2-1705015423.851567/tactile/128-0.02252507209777832.jpg,images/hct/data3/2-1705015423.851567/vision/128-0.02252507209777832.jpg,"porous, smooth, textured, firm, rigid",coral
hct/2-1705015423.851567/129-0.022694826126098633.jpg,hct,images/hct/data3/2-1705015423.851567/tactile/129-0.022694826126098633.jpg,images/hct/data3/2-1705015423.851567/vision/129-0.022694826126098633.jpg,"hard, firm, cool, matte, uneven",coral
hct/2-1705015423.851567/130-0.02304220199584961.jpg,hct,images/hct/data3/2-1705015423.851567/tactile/130-0.02304220199584961.jpg,images/hct/data3/2-1705015423.851567/vision/130-0.02304220199584961.jpg,"textured, abrasive, porous",coral
hct/2-1705015423.851567/131-0.022767066955566406.jpg,hct,images/hct/data3/2-1705015423.851567/tactile/131-0.022767066955566406.jpg,images/hct/data3/2-1705015423.851567/vision/131-0.022767066955566406.jpg,"porous, rigid, textured, abrasive, smooth",coral
hct/2-1705015423.851567/132-0.022452116012573242.jpg,hct,images/hct/data3/2-1705015423.851567/tactile/132-0.022452116012573242.jpg,images/hct/data3/2-1705015423.851567/vision/132-0.022452116012573242.jpg,"hard, porous, textured, cool, solid",coral
hct/2-1705015423.851567/133-0.02277994155883789.jpg,hct,images/hct/data3/2-1705015423.851567/tactile/133-0.02277994155883789.jpg,images/hct/data3/2-1705015423.851567/vision/133-0.02277994155883789.jpg,"cool, firm, textured, solid, flat",coral
hct/2-1705015423.851567/134-0.022372722625732422.jpg,hct,images/hct/data3/2-1705015423.851567/tactile/134-0.022372722625732422.jpg,images/hct/data3/2-1705015423.851567/vision/134-0.022372722625732422.jpg,"flat, matte, hard, smooth",coral
hct/2-1705015423.851567/135-0.022436141967773438.jpg,hct,images/hct/data3/2-1705015423.851567/tactile/135-0.022436141967773438.jpg,images/hct/data3/2-1705015423.851567/vision/135-0.022436141967773438.jpg,"firm, solid, hard, textured",coral
hct/2-1705015423.851567/136-0.022181987762451172.jpg,hct,images/hct/data3/2-1705015423.851567/tactile/136-0.022181987762451172.jpg,images/hct/data3/2-1705015423.851567/vision/136-0.022181987762451172.jpg,"hard, smooth, uneven, firm, textured",coral
hct/2-1705015423.851567/137-0.02202606201171875.jpg,hct,images/hct/data3/2-1705015423.851567/tactile/137-0.02202606201171875.jpg,images/hct/data3/2-1705015423.851567/vision/137-0.02202606201171875.jpg,"cool, textured, sleek, firm, smooth",coral
hct/2-1705015423.851567/138-0.022973060607910156.jpg,hct,images/hct/data3/2-1705015423.851567/tactile/138-0.022973060607910156.jpg,images/hct/data3/2-1705015423.851567/vision/138-0.022973060607910156.jpg,"cool, smooth, sleek, uneven",coral
hct/2-1705015423.851567/139-0.021928071975708008.jpg,hct,images/hct/data3/2-1705015423.851567/tactile/139-0.021928071975708008.jpg,images/hct/data3/2-1705015423.851567/vision/139-0.021928071975708008.jpg,"uneven, sleek, hard, solid, smooth",coral
hct/2-1705015423.851567/140-0.022471904754638672.jpg,hct,images/hct/data3/2-1705015423.851567/tactile/140-0.022471904754638672.jpg,images/hct/data3/2-1705015423.851567/vision/140-0.022471904754638672.jpg,"flat, cool, sleek, rigid, solid",coral
hct/2-1705015423.851567/141-0.02232503890991211.jpg,hct,images/hct/data3/2-1705015423.851567/tactile/141-0.02232503890991211.jpg,images/hct/data3/2-1705015423.851567/vision/141-0.02232503890991211.jpg,"solid, matte, rigid",coral
hct/2-1705015423.851567/142-0.022063016891479492.jpg,hct,images/hct/data3/2-1705015423.851567/tactile/142-0.022063016891479492.jpg,images/hct/data3/2-1705015423.851567/vision/142-0.022063016891479492.jpg,"textured, smooth, abrasive, uneven",coral
hct/2-1705015423.851567/143-0.022491931915283203.jpg,hct,images/hct/data3/2-1705015423.851567/tactile/143-0.022491931915283203.jpg,images/hct/data3/2-1705015423.851567/vision/143-0.022491931915283203.jpg,"hard, solid, flat, matte",coral
hct/2-1705015423.851567/144-0.02221202850341797.jpg,hct,images/hct/data3/2-1705015423.851567/tactile/144-0.02221202850341797.jpg,images/hct/data3/2-1705015423.851567/vision/144-0.02221202850341797.jpg,"smooth, rigid, firm, hard, flat",coral
hct/2-1705015423.851567/145-0.023089885711669922.jpg,hct,images/hct/data3/2-1705015423.851567/tactile/145-0.023089885711669922.jpg,images/hct/data3/2-1705015423.851567/vision/145-0.023089885711669922.jpg,"matte, textured, cool, rigid, porous",coral
hct/2-1705015423.851567/146-0.02238321304321289.jpg,hct,images/hct/data3/2-1705015423.851567/tactile/146-0.02238321304321289.jpg,images/hct/data3/2-1705015423.851567/vision/146-0.02238321304321289.jpg,"smooth, solid, cool, matte, rigid",coral
hct/2-1705015423.851567/147-0.022916078567504883.jpg,hct,images/hct/data3/2-1705015423.851567/tactile/147-0.022916078567504883.jpg,images/hct/data3/2-1705015423.851567/vision/147-0.022916078567504883.jpg,"firm, cool, flat",coral
hct/2-1705015423.851567/148-0.022178173065185547.jpg,hct,images/hct/data3/2-1705015423.851567/tactile/148-0.022178173065185547.jpg,images/hct/data3/2-1705015423.851567/vision/148-0.022178173065185547.jpg,"smooth, uneven, hard, solid, sleek",coral
hct/2-1705015423.851567/149-0.021886825561523438.jpg,hct,images/hct/data3/2-1705015423.851567/tactile/149-0.021886825561523438.jpg,images/hct/data3/2-1705015423.851567/vision/149-0.021886825561523438.jpg,"solid, abrasive, porous, sleek",coral
hct/2-1705015423.851567/150-0.022050142288208008.jpg,hct,images/hct/data3/2-1705015423.851567/tactile/150-0.022050142288208008.jpg,images/hct/data3/2-1705015423.851567/vision/150-0.022050142288208008.jpg,"sleek, rigid, solid, abrasive, matte",coral
hct/2-1705015423.851567/151-0.02305293083190918.jpg,hct,images/hct/data3/2-1705015423.851567/tactile/151-0.02305293083190918.jpg,images/hct/data3/2-1705015423.851567/vision/151-0.02305293083190918.jpg,"uneven, sleek, rigid, smooth, porous",coral
hct/2-1705015423.851567/152-0.022886276245117188.jpg,hct,images/hct/data3/2-1705015423.851567/tactile/152-0.022886276245117188.jpg,images/hct/data3/2-1705015423.851567/vision/152-0.022886276245117188.jpg,"matte, rigid, sleek, cool",coral
hct/2-1705015423.851567/153-0.022736072540283203.jpg,hct,images/hct/data3/2-1705015423.851567/tactile/153-0.022736072540283203.jpg,images/hct/data3/2-1705015423.851567/vision/153-0.022736072540283203.jpg,"sleek, smooth, rigid, hard",coral
hct/2-1705015423.851567/154-0.0217587947845459.jpg,hct,images/hct/data3/2-1705015423.851567/tactile/154-0.0217587947845459.jpg,images/hct/data3/2-1705015423.851567/vision/154-0.0217587947845459.jpg,"hard, solid, sleek",coral
hct/2-1705015423.851567/155-0.022906064987182617.jpg,hct,images/hct/data3/2-1705015423.851567/tactile/155-0.022906064987182617.jpg,images/hct/data3/2-1705015423.851567/vision/155-0.022906064987182617.jpg,"smooth, cool, hard, matte, solid",coral
hct/2-1705015423.851567/156-0.02167677879333496.jpg,hct,images/hct/data3/2-1705015423.851567/tactile/156-0.02167677879333496.jpg,images/hct/data3/2-1705015423.851567/vision/156-0.02167677879333496.jpg,"hard, abrasive, solid, textured, smooth",coral
hct/2-1705015423.851567/157-0.022053956985473633.jpg,hct,images/hct/data3/2-1705015423.851567/tactile/157-0.022053956985473633.jpg,images/hct/data3/2-1705015423.851567/vision/157-0.022053956985473633.jpg,"rigid, uneven, sleek, matte, textured",coral
hct/2-1705015423.851567/158-0.023270130157470703.jpg,hct,images/hct/data3/2-1705015423.851567/tactile/158-0.023270130157470703.jpg,images/hct/data3/2-1705015423.851567/vision/158-0.023270130157470703.jpg,"textured, porous, sleek, firm",coral
hct/2-1705015423.851567/159-0.022854089736938477.jpg,hct,images/hct/data3/2-1705015423.851567/tactile/159-0.022854089736938477.jpg,images/hct/data3/2-1705015423.851567/vision/159-0.022854089736938477.jpg,"smooth, cool, hard, matte, solid",coral
hct/2-1705015423.851567/160-0.023127079010009766.jpg,hct,images/hct/data3/2-1705015423.851567/tactile/160-0.023127079010009766.jpg,images/hct/data3/2-1705015423.851567/vision/160-0.023127079010009766.jpg,"hard, sleek, uneven, firm",coral
hct/2-1705015423.851567/161-0.02280282974243164.jpg,hct,images/hct/data3/2-1705015423.851567/tactile/161-0.02280282974243164.jpg,images/hct/data3/2-1705015423.851567/vision/161-0.02280282974243164.jpg,"uneven, matte, rigid, sleek",coral
hct/2-1705015423.851567/162-0.022043943405151367.jpg,hct,images/hct/data3/2-1705015423.851567/tactile/162-0.022043943405151367.jpg,images/hct/data3/2-1705015423.851567/vision/162-0.022043943405151367.jpg,"smooth, solid, cool, matte, rigid",coral
hct/2-1705015423.851567/164-0.022632122039794922.jpg,hct,images/hct/data3/2-1705015423.851567/tactile/164-0.022632122039794922.jpg,images/hct/data3/2-1705015423.851567/vision/164-0.022632122039794922.jpg,"uneven, solid, firm, matte",coral
hct/2-1705015423.851567/165-0.021759986877441406.jpg,hct,images/hct/data3/2-1705015423.851567/tactile/165-0.021759986877441406.jpg,images/hct/data3/2-1705015423.851567/vision/165-0.021759986877441406.jpg,"smooth, abrasive, matte, textured, flat",coral
hct/2-1705015423.851567/166-0.022496938705444336.jpg,hct,images/hct/data3/2-1705015423.851567/tactile/166-0.022496938705444336.jpg,images/hct/data3/2-1705015423.851567/vision/166-0.022496938705444336.jpg,"porous, uneven, flat, firm",coral
hct/2-1705015423.851567/167-0.02144002914428711.jpg,hct,images/hct/data3/2-1705015423.851567/tactile/167-0.02144002914428711.jpg,images/hct/data3/2-1705015423.851567/vision/167-0.02144002914428711.jpg,"smooth, cool, hard, matte, solid",coral
hct/2-1705015423.851567/168-0.02257394790649414.jpg,hct,images/hct/data3/2-1705015423.851567/tactile/168-0.02257394790649414.jpg,images/hct/data3/2-1705015423.851567/vision/168-0.02257394790649414.jpg,"matte, porous, uneven, cool",coral
hct/2-1705015423.851567/169-0.022780895233154297.jpg,hct,images/hct/data3/2-1705015423.851567/tactile/169-0.022780895233154297.jpg,images/hct/data3/2-1705015423.851567/vision/169-0.022780895233154297.jpg,"matte, abrasive, hard",coral
hct/2-1705015423.851567/170-0.022457122802734375.jpg,hct,images/hct/data3/2-1705015423.851567/tactile/170-0.022457122802734375.jpg,images/hct/data3/2-1705015423.851567/vision/170-0.022457122802734375.jpg,"sleek, flat, textured",coral
hct/2-1705015423.851567/171-0.022570133209228516.jpg,hct,images/hct/data3/2-1705015423.851567/tactile/171-0.022570133209228516.jpg,images/hct/data3/2-1705015423.851567/vision/171-0.022570133209228516.jpg,"textured, abrasive, rigid",coral
hct/2-1705015423.851567/172-0.021708965301513672.jpg,hct,images/hct/data3/2-1705015423.851567/tactile/172-0.021708965301513672.jpg,images/hct/data3/2-1705015423.851567/vision/172-0.021708965301513672.jpg,"smooth, cool, hard, sleek, matte",coral
hct/2-1705015423.851567/182-0.023068904876708984.jpg,hct,images/hct/data3/2-1705015423.851567/tactile/182-0.023068904876708984.jpg,images/hct/data3/2-1705015423.851567/vision/182-0.023068904876708984.jpg,"smooth, matte, firm, cool, flat",coral
hct/2-1705015423.851567/185-0.021811962127685547.jpg,hct,images/hct/data3/2-1705015423.851567/tactile/185-0.021811962127685547.jpg,images/hct/data3/2-1705015423.851567/vision/185-0.021811962127685547.jpg,"textured, porous, uneven, abrasive, rigid",coral
hct/2-1705015423.851567/189-0.02297687530517578.jpg,hct,images/hct/data3/2-1705015423.851567/tactile/189-0.02297687530517578.jpg,images/hct/data3/2-1705015423.851567/vision/189-0.02297687530517578.jpg,"flat, rigid, porous",coral
hct/2-1705015423.851567/56-0.022226810455322266.jpg,hct,images/hct/data3/2-1705015423.851567/tactile/56-0.022226810455322266.jpg,images/hct/data3/2-1705015423.851567/vision/56-0.022226810455322266.jpg,"abrasive, textured, porous",coral
hct/2-1705015423.851567/68-0.022629976272583008.jpg,hct,images/hct/data3/2-1705015423.851567/tactile/68-0.022629976272583008.jpg,images/hct/data3/2-1705015423.851567/vision/68-0.022629976272583008.jpg,"matte, porous, rigid, solid",coral
hct/2-1705015423.851567/84-0.022655963897705078.jpg,hct,images/hct/data3/2-1705015423.851567/tactile/84-0.022655963897705078.jpg,images/hct/data3/2-1705015423.851567/vision/84-0.022655963897705078.jpg,"textured, porous, cool, hard, matte",coral
hct/2-1705015698.205605/216-0.023214101791381836.jpg,hct,images/hct/data3/2-1705015698.205605/tactile/216-0.023214101791381836.jpg,images/hct/data3/2-1705015698.205605/vision/216-0.023214101791381836.jpg,"smooth, reflective, slippery, firm, cool",crystal
hct/2-1705015698.205605/217-0.02260613441467285.jpg,hct,images/hct/data3/2-1705015698.205605/tactile/217-0.02260613441467285.jpg,images/hct/data3/2-1705015698.205605/vision/217-0.02260613441467285.jpg,"smooth, reflective, hard",crystal
hct/2-1705015698.205605/218-0.023479938507080078.jpg,hct,images/hct/data3/2-1705015698.205605/tactile/218-0.023479938507080078.jpg,images/hct/data3/2-1705015698.205605/vision/218-0.023479938507080078.jpg,"smooth, reflective, hard, cool, glossy",crystal
hct/2-1705015698.205605/219-0.023205995559692383.jpg,hct,images/hct/data3/2-1705015698.205605/tactile/219-0.023205995559692383.jpg,images/hct/data3/2-1705015698.205605/vision/219-0.023205995559692383.jpg,"firm, smooth, slippery, hard, reflective",crystal
hct/2-1705015698.205605/220-0.023389339447021484.jpg,hct,images/hct/data3/2-1705015698.205605/tactile/220-0.023389339447021484.jpg,images/hct/data3/2-1705015698.205605/vision/220-0.023389339447021484.jpg,"hard, firm, slippery, glossy",crystal
hct/2-1705015698.205605/221-0.023467063903808594.jpg,hct,images/hct/data3/2-1705015698.205605/tactile/221-0.023467063903808594.jpg,images/hct/data3/2-1705015698.205605/vision/221-0.023467063903808594.jpg,"smooth, reflective, hard, glossy",crystal
hct/2-1705015698.205605/222-0.02208733558654785.jpg,hct,images/hct/data3/2-1705015698.205605/tactile/222-0.02208733558654785.jpg,images/hct/data3/2-1705015698.205605/vision/222-0.02208733558654785.jpg,"glossy, hard, firm, smooth",crystal
hct/2-1705015698.205605/223-0.025007009506225586.jpg,hct,images/hct/data3/2-1705015698.205605/tactile/223-0.025007009506225586.jpg,images/hct/data3/2-1705015698.205605/vision/223-0.025007009506225586.jpg,"smooth, reflective, hard, cool, glossy",crystal
hct/2-1705015698.205605/224-0.023381710052490234.jpg,hct,images/hct/data3/2-1705015698.205605/tactile/224-0.023381710052490234.jpg,images/hct/data3/2-1705015698.205605/vision/224-0.023381710052490234.jpg,"smooth, reflective, hard, cool, glossy",crystal
hct/2-1705015698.205605/225-0.023290157318115234.jpg,hct,images/hct/data3/2-1705015698.205605/tactile/225-0.023290157318115234.jpg,images/hct/data3/2-1705015698.205605/vision/225-0.023290157318115234.jpg,"cool, reflective, hard, slippery",crystal
hct/2-1705015698.205605/226-0.023517847061157227.jpg,hct,images/hct/data3/2-1705015698.205605/tactile/226-0.023517847061157227.jpg,images/hct/data3/2-1705015698.205605/vision/226-0.023517847061157227.jpg,"glossy, hard, reflective, firm, smooth",crystal
hct/2-1705015698.205605/227-0.022785186767578125.jpg,hct,images/hct/data3/2-1705015698.205605/tactile/227-0.022785186767578125.jpg,images/hct/data3/2-1705015698.205605/vision/227-0.022785186767578125.jpg,"reflective, glossy, slippery, smooth, cool",crystal
hct/2-1705015698.205605/228-0.023479938507080078.jpg,hct,images/hct/data3/2-1705015698.205605/tactile/228-0.023479938507080078.jpg,images/hct/data3/2-1705015698.205605/vision/228-0.023479938507080078.jpg,"hard, glossy, slippery, reflective, cool",crystal
hct/2-1705015698.205605/229-0.02346491813659668.jpg,hct,images/hct/data3/2-1705015698.205605/tactile/229-0.02346491813659668.jpg,images/hct/data3/2-1705015698.205605/vision/229-0.02346491813659668.jpg,"smooth, firm, hard, reflective",crystal
hct/2-1705015698.205605/230-0.02308201789855957.jpg,hct,images/hct/data3/2-1705015698.205605/tactile/230-0.02308201789855957.jpg,images/hct/data3/2-1705015698.205605/vision/230-0.02308201789855957.jpg,"smooth, cool, reflective, slippery, hard",crystal
hct/2-1705015698.205605/231-0.02342081069946289.jpg,hct,images/hct/data3/2-1705015698.205605/tactile/231-0.02342081069946289.jpg,images/hct/data3/2-1705015698.205605/vision/231-0.02342081069946289.jpg,"cool, slippery, reflective, smooth",crystal
hct/2-1705015698.205605/232-0.02324199676513672.jpg,hct,images/hct/data3/2-1705015698.205605/tactile/232-0.02324199676513672.jpg,images/hct/data3/2-1705015698.205605/vision/232-0.02324199676513672.jpg,"reflective, firm, slippery, cool",crystal
hct/2-1705015698.205605/233-0.023284912109375.jpg,hct,images/hct/data3/2-1705015698.205605/tactile/233-0.023284912109375.jpg,images/hct/data3/2-1705015698.205605/vision/233-0.023284912109375.jpg,"smooth, reflective, hard, cool, glossy",crystal
hct/2-1705015698.205605/234-0.023268938064575195.jpg,hct,images/hct/data3/2-1705015698.205605/tactile/234-0.023268938064575195.jpg,images/hct/data3/2-1705015698.205605/vision/234-0.023268938064575195.jpg,"slippery, firm, cool",crystal
hct/2-1705015698.205605/235-0.023653030395507812.jpg,hct,images/hct/data3/2-1705015698.205605/tactile/235-0.023653030395507812.jpg,images/hct/data3/2-1705015698.205605/vision/235-0.023653030395507812.jpg,"smooth, reflective, hard, cool, glossy",crystal
hct/2-1705015698.205605/236-0.023356914520263672.jpg,hct,images/hct/data3/2-1705015698.205605/tactile/236-0.023356914520263672.jpg,images/hct/data3/2-1705015698.205605/vision/236-0.023356914520263672.jpg,"glossy, hard, smooth, slippery, firm",crystal
hct/2-1705015698.205605/237-0.022642135620117188.jpg,hct,images/hct/data3/2-1705015698.205605/tactile/237-0.022642135620117188.jpg,images/hct/data3/2-1705015698.205605/vision/237-0.022642135620117188.jpg,"glossy, cool, firm, slippery, hard",crystal
hct/2-1705015698.205605/238-0.023346900939941406.jpg,hct,images/hct/data3/2-1705015698.205605/tactile/238-0.023346900939941406.jpg,images/hct/data3/2-1705015698.205605/vision/238-0.023346900939941406.jpg,"smooth, reflective, hard, cool, glossy",crystal
hct/2-1705015698.205605/239-0.023273944854736328.jpg,hct,images/hct/data3/2-1705015698.205605/tactile/239-0.023273944854736328.jpg,images/hct/data3/2-1705015698.205605/vision/239-0.023273944854736328.jpg,"smooth, glossy, slippery, cool",crystal
hct/2-1705015698.205605/240-0.023520946502685547.jpg,hct,images/hct/data3/2-1705015698.205605/tactile/240-0.023520946502685547.jpg,images/hct/data3/2-1705015698.205605/vision/240-0.023520946502685547.jpg,"smooth, reflective, hard, cool, glossy",crystal
hct/2-1705015698.205605/241-0.0221250057220459.jpg,hct,images/hct/data3/2-1705015698.205605/tactile/241-0.0221250057220459.jpg,images/hct/data3/2-1705015698.205605/vision/241-0.0221250057220459.jpg,"cool, hard, reflective, firm, glossy",crystal
hct/2-1705015698.205605/242-0.022732019424438477.jpg,hct,images/hct/data3/2-1705015698.205605/tactile/242-0.022732019424438477.jpg,images/hct/data3/2-1705015698.205605/vision/242-0.022732019424438477.jpg,"slippery, cool, reflective, firm",crystal
hct/2-1705015698.205605/243-0.023340940475463867.jpg,hct,images/hct/data3/2-1705015698.205605/tactile/243-0.023340940475463867.jpg,images/hct/data3/2-1705015698.205605/vision/243-0.023340940475463867.jpg,"smooth, reflective, hard, cool, glossy",crystal
hct/2-1705015698.205605/244-0.023355960845947266.jpg,hct,images/hct/data3/2-1705015698.205605/tactile/244-0.023355960845947266.jpg,images/hct/data3/2-1705015698.205605/vision/244-0.023355960845947266.jpg,"firm, cool, hard",crystal
hct/2-1705015698.205605/245-0.022104978561401367.jpg,hct,images/hct/data3/2-1705015698.205605/tactile/245-0.022104978561401367.jpg,images/hct/data3/2-1705015698.205605/vision/245-0.022104978561401367.jpg,"reflective, hard, firm, slippery",crystal
hct/2-1705015698.205605/246-0.022862911224365234.jpg,hct,images/hct/data3/2-1705015698.205605/tactile/246-0.022862911224365234.jpg,images/hct/data3/2-1705015698.205605/vision/246-0.022862911224365234.jpg,"smooth, reflective, hard, cool, glossy",crystal
hct/2-1705015698.205605/247-0.022450923919677734.jpg,hct,images/hct/data3/2-1705015698.205605/tactile/247-0.022450923919677734.jpg,images/hct/data3/2-1705015698.205605/vision/247-0.022450923919677734.jpg,"smooth, reflective, hard, cool, glossy",crystal
hct/2-1705015698.205605/248-0.023153066635131836.jpg,hct,images/hct/data3/2-1705015698.205605/tactile/248-0.023153066635131836.jpg,images/hct/data3/2-1705015698.205605/vision/248-0.023153066635131836.jpg,"smooth, reflective, hard, cool, glossy",crystal
hct/2-1705015698.205605/249-0.022748947143554688.jpg,hct,images/hct/data3/2-1705015698.205605/tactile/249-0.022748947143554688.jpg,images/hct/data3/2-1705015698.205605/vision/249-0.022748947143554688.jpg,"smooth, reflective, hard, cool, glossy",crystal
hct/2-1705015698.205605/250-0.02255105972290039.jpg,hct,images/hct/data3/2-1705015698.205605/tactile/250-0.02255105972290039.jpg,images/hct/data3/2-1705015698.205605/vision/250-0.02255105972290039.jpg,"cool, firm, hard, slippery, reflective",crystal
hct/2-1705015698.205605/251-0.023526906967163086.jpg,hct,images/hct/data3/2-1705015698.205605/tactile/251-0.023526906967163086.jpg,images/hct/data3/2-1705015698.205605/vision/251-0.023526906967163086.jpg,"glossy, smooth, hard",crystal
hct/2-1705015698.205605/252-0.024161100387573242.jpg,hct,images/hct/data3/2-1705015698.205605/tactile/252-0.024161100387573242.jpg,images/hct/data3/2-1705015698.205605/vision/252-0.024161100387573242.jpg,"cool, firm, smooth",crystal
hct/2-1705015698.205605/253-0.022995948791503906.jpg,hct,images/hct/data3/2-1705015698.205605/tactile/253-0.022995948791503906.jpg,images/hct/data3/2-1705015698.205605/vision/253-0.022995948791503906.jpg,"smooth, reflective, hard, cool, glossy",crystal
hct/2-1705015698.205605/254-0.024243831634521484.jpg,hct,images/hct/data3/2-1705015698.205605/tactile/254-0.024243831634521484.jpg,images/hct/data3/2-1705015698.205605/vision/254-0.024243831634521484.jpg,"firm, cool, glossy, reflective",crystal
hct/2-1705015698.205605/255-0.023114919662475586.jpg,hct,images/hct/data3/2-1705015698.205605/tactile/255-0.023114919662475586.jpg,images/hct/data3/2-1705015698.205605/vision/255-0.023114919662475586.jpg,"glossy, slippery, firm, hard, cool",crystal
hct/2-1705015698.205605/256-0.023513078689575195.jpg,hct,images/hct/data3/2-1705015698.205605/tactile/256-0.023513078689575195.jpg,images/hct/data3/2-1705015698.205605/vision/256-0.023513078689575195.jpg,"firm, reflective, slippery, smooth, hard",crystal
hct/2-1705015698.205605/257-0.02267289161682129.jpg,hct,images/hct/data3/2-1705015698.205605/tactile/257-0.02267289161682129.jpg,images/hct/data3/2-1705015698.205605/vision/257-0.02267289161682129.jpg,"cool, firm, smooth, reflective, slippery",crystal
hct/2-1705015698.205605/258-0.022391796112060547.jpg,hct,images/hct/data3/2-1705015698.205605/tactile/258-0.022391796112060547.jpg,images/hct/data3/2-1705015698.205605/vision/258-0.022391796112060547.jpg,"reflective, firm, smooth",crystal
hct/2-1705015698.205605/259-0.022091150283813477.jpg,hct,images/hct/data3/2-1705015698.205605/tactile/259-0.022091150283813477.jpg,images/hct/data3/2-1705015698.205605/vision/259-0.022091150283813477.jpg,"smooth, reflective, hard, cool, glossy",crystal
hct/2-1705015698.205605/260-0.02290797233581543.jpg,hct,images/hct/data3/2-1705015698.205605/tactile/260-0.02290797233581543.jpg,images/hct/data3/2-1705015698.205605/vision/260-0.02290797233581543.jpg,"slippery, reflective, firm",crystal
hct/2-1705015698.205605/261-0.023519039154052734.jpg,hct,images/hct/data3/2-1705015698.205605/tactile/261-0.023519039154052734.jpg,images/hct/data3/2-1705015698.205605/vision/261-0.023519039154052734.jpg,"slippery, hard, smooth",crystal
hct/2-1705015698.205605/262-0.02373504638671875.jpg,hct,images/hct/data3/2-1705015698.205605/tactile/262-0.02373504638671875.jpg,images/hct/data3/2-1705015698.205605/vision/262-0.02373504638671875.jpg,"firm, smooth, cool, hard, reflective",crystal
hct/2-1705015698.205605/263-0.02312493324279785.jpg,hct,images/hct/data3/2-1705015698.205605/tactile/263-0.02312493324279785.jpg,images/hct/data3/2-1705015698.205605/vision/263-0.02312493324279785.jpg,"firm, slippery, hard, reflective, cool",crystal
hct/2-1705342462.3174348/207-0.022145986557006836.jpg,hct,images/hct/data3/2-1705342462.3174348/tactile/207-0.022145986557006836.jpg,images/hct/data3/2-1705342462.3174348/vision/207-0.022145986557006836.jpg,"smooth, solid, curved, textured, uneven",ceramic
hct/2-1705342462.3174348/208-0.02160191535949707.jpg,hct,images/hct/data3/2-1705342462.3174348/tactile/208-0.02160191535949707.jpg,images/hct/data3/2-1705342462.3174348/vision/208-0.02160191535949707.jpg,"metallic, reflective, cool, smooth, curved",ceramic
hct/2-1705342462.3174348/209-0.022609949111938477.jpg,hct,images/hct/data3/2-1705342462.3174348/tactile/209-0.022609949111938477.jpg,images/hct/data3/2-1705342462.3174348/vision/209-0.022609949111938477.jpg,"rigid, reflective, metallic, textured, uneven",ceramic
hct/2-1705342462.3174348/212-0.022274017333984375.jpg,hct,images/hct/data3/2-1705342462.3174348/tactile/212-0.022274017333984375.jpg,images/hct/data3/2-1705342462.3174348/vision/212-0.022274017333984375.jpg,"solid, cool, rigid, curved",ceramic
hct/2-1705342462.3174348/213-0.021338224411010742.jpg,hct,images/hct/data3/2-1705342462.3174348/tactile/213-0.021338224411010742.jpg,images/hct/data3/2-1705342462.3174348/vision/213-0.021338224411010742.jpg,"curved, cool, uneven, reflective, smooth",ceramic
hct/2-1705342462.3174348/214-0.02359795570373535.jpg,hct,images/hct/data3/2-1705342462.3174348/tactile/214-0.02359795570373535.jpg,images/hct/data3/2-1705342462.3174348/vision/214-0.02359795570373535.jpg,"solid, smooth, rigid, cool",ceramic
hct/2-1705342462.3174348/216-0.022402048110961914.jpg,hct,images/hct/data3/2-1705342462.3174348/tactile/216-0.022402048110961914.jpg,images/hct/data3/2-1705342462.3174348/vision/216-0.022402048110961914.jpg,"textured, cool, rigid, smooth, metallic",ceramic
hct/2-1705342462.3174348/217-0.02230095863342285.jpg,hct,images/hct/data3/2-1705342462.3174348/tactile/217-0.02230095863342285.jpg,images/hct/data3/2-1705342462.3174348/vision/217-0.02230095863342285.jpg,"metallic, smooth, uneven",ceramic
hct/2-1705342462.3174348/218-0.021829843521118164.jpg,hct,images/hct/data3/2-1705342462.3174348/tactile/218-0.021829843521118164.jpg,images/hct/data3/2-1705342462.3174348/vision/218-0.021829843521118164.jpg,"textured, cool, metallic, rigid, uneven",ceramic
hct/2-1705342462.3174348/219-0.022194862365722656.jpg,hct,images/hct/data3/2-1705342462.3174348/tactile/219-0.022194862365722656.jpg,images/hct/data3/2-1705342462.3174348/vision/219-0.022194862365722656.jpg,"smooth, reflective, textured, cool, metallic",ceramic
hct/2-1705342462.3174348/220-0.021986007690429688.jpg,hct,images/hct/data3/2-1705342462.3174348/tactile/220-0.021986007690429688.jpg,images/hct/data3/2-1705342462.3174348/vision/220-0.021986007690429688.jpg,"uneven, smooth, reflective",ceramic
hct/2-1705342462.3174348/223-0.022393226623535156.jpg,hct,images/hct/data3/2-1705342462.3174348/tactile/223-0.022393226623535156.jpg,images/hct/data3/2-1705342462.3174348/vision/223-0.022393226623535156.jpg,"uneven, textured, smooth",ceramic
hct/2-1705342462.3174348/224-0.02137923240661621.jpg,hct,images/hct/data3/2-1705342462.3174348/tactile/224-0.02137923240661621.jpg,images/hct/data3/2-1705342462.3174348/vision/224-0.02137923240661621.jpg,"solid, smooth, reflective",ceramic
hct/2-1705342462.3174348/226-0.021843910217285156.jpg,hct,images/hct/data3/2-1705342462.3174348/tactile/226-0.021843910217285156.jpg,images/hct/data3/2-1705342462.3174348/vision/226-0.021843910217285156.jpg,"solid, textured, reflective",ceramic
hct/2-1705342462.3174348/227-0.02105093002319336.jpg,hct,images/hct/data3/2-1705342462.3174348/tactile/227-0.02105093002319336.jpg,images/hct/data3/2-1705342462.3174348/vision/227-0.02105093002319336.jpg,"textured, cool, metallic, smooth, uneven",ceramic
hct/2-1705342462.3174348/228-0.023180007934570312.jpg,hct,images/hct/data3/2-1705342462.3174348/tactile/228-0.023180007934570312.jpg,images/hct/data3/2-1705342462.3174348/vision/228-0.023180007934570312.jpg,"solid, cool, uneven, metallic, rigid",ceramic
hct/2-1705342462.3174348/229-0.02096414566040039.jpg,hct,images/hct/data3/2-1705342462.3174348/tactile/229-0.02096414566040039.jpg,images/hct/data3/2-1705342462.3174348/vision/229-0.02096414566040039.jpg,"textured, cool, metallic, rigid, uneven",ceramic
hct/2-1705342462.3174348/230-0.021977901458740234.jpg,hct,images/hct/data3/2-1705342462.3174348/tactile/230-0.021977901458740234.jpg,images/hct/data3/2-1705342462.3174348/vision/230-0.021977901458740234.jpg,"uneven, cool, textured, rigid",ceramic
hct/2-1705342462.3174348/231-0.02296280860900879.jpg,hct,images/hct/data3/2-1705342462.3174348/tactile/231-0.02296280860900879.jpg,images/hct/data3/2-1705342462.3174348/vision/231-0.02296280860900879.jpg,"cool, rigid, curved, reflective, smooth",ceramic
hct/2-1705342462.3174348/232-0.021219730377197266.jpg,hct,images/hct/data3/2-1705342462.3174348/tactile/232-0.021219730377197266.jpg,images/hct/data3/2-1705342462.3174348/vision/232-0.021219730377197266.jpg,"reflective, smooth, textured",ceramic
hct/2-1705342462.3174348/233-0.02178502082824707.jpg,hct,images/hct/data3/2-1705342462.3174348/tactile/233-0.02178502082824707.jpg,images/hct/data3/2-1705342462.3174348/vision/233-0.02178502082824707.jpg,"reflective, rigid, solid, cool, uneven",ceramic
hct/2-1705342462.3174348/234-0.02161717414855957.jpg,hct,images/hct/data3/2-1705342462.3174348/tactile/234-0.02161717414855957.jpg,images/hct/data3/2-1705342462.3174348/vision/234-0.02161717414855957.jpg,"uneven, smooth, curved, metallic, textured",ceramic
hct/2-1705342462.3174348/235-0.022637128829956055.jpg,hct,images/hct/data3/2-1705342462.3174348/tactile/235-0.022637128829956055.jpg,images/hct/data3/2-1705342462.3174348/vision/235-0.022637128829956055.jpg,"metallic, rigid, uneven",ceramic
hct/2-1705342462.3174348/240-0.021294116973876953.jpg,hct,images/hct/data3/2-1705342462.3174348/tactile/240-0.021294116973876953.jpg,images/hct/data3/2-1705342462.3174348/vision/240-0.021294116973876953.jpg,"smooth, reflective, metallic, cool, textured",ceramic
hct/2-1705342462.3174348/241-0.021851062774658203.jpg,hct,images/hct/data3/2-1705342462.3174348/tactile/241-0.021851062774658203.jpg,images/hct/data3/2-1705342462.3174348/vision/241-0.021851062774658203.jpg,"smooth, rigid, metallic, uneven, curved",ceramic
hct/2-1705342462.3174348/242-0.022016048431396484.jpg,hct,images/hct/data3/2-1705342462.3174348/tactile/242-0.022016048431396484.jpg,images/hct/data3/2-1705342462.3174348/vision/242-0.022016048431396484.jpg,"textured, cool, metallic, rigid, uneven",ceramic
hct/2-1705342462.3174348/243-0.022878170013427734.jpg,hct,images/hct/data3/2-1705342462.3174348/tactile/243-0.022878170013427734.jpg,images/hct/data3/2-1705342462.3174348/vision/243-0.022878170013427734.jpg,"textured, cool, metallic, smooth, reflective",ceramic
hct/2-1705342462.3174348/244-0.02130413055419922.jpg,hct,images/hct/data3/2-1705342462.3174348/tactile/244-0.02130413055419922.jpg,images/hct/data3/2-1705342462.3174348/vision/244-0.02130413055419922.jpg,"textured, solid, curved, uneven",ceramic
hct/2-1705342462.3174348/245-0.022105693817138672.jpg,hct,images/hct/data3/2-1705342462.3174348/tactile/245-0.022105693817138672.jpg,images/hct/data3/2-1705342462.3174348/vision/245-0.022105693817138672.jpg,"uneven, textured, smooth",ceramic
hct/2-1705342462.3174348/246-0.022263050079345703.jpg,hct,images/hct/data3/2-1705342462.3174348/tactile/246-0.022263050079345703.jpg,images/hct/data3/2-1705342462.3174348/vision/246-0.022263050079345703.jpg,"uneven, solid, smooth, cool",ceramic
hct/2-1705342462.3174348/247-0.02240586280822754.jpg,hct,images/hct/data3/2-1705342462.3174348/tactile/247-0.02240586280822754.jpg,images/hct/data3/2-1705342462.3174348/vision/247-0.02240586280822754.jpg,"metallic, solid, rigid, cool",ceramic
hct/2-1705342462.3174348/248-0.021075963973999023.jpg,hct,images/hct/data3/2-1705342462.3174348/tactile/248-0.021075963973999023.jpg,images/hct/data3/2-1705342462.3174348/vision/248-0.021075963973999023.jpg,"solid, smooth, textured, curved, uneven",ceramic
hct/2-1705342462.3174348/249-0.020284175872802734.jpg,hct,images/hct/data3/2-1705342462.3174348/tactile/249-0.020284175872802734.jpg,images/hct/data3/2-1705342462.3174348/vision/249-0.020284175872802734.jpg,"rigid, reflective, cool",ceramic
hct/2-1705342462.3174348/250-0.021608829498291016.jpg,hct,images/hct/data3/2-1705342462.3174348/tactile/250-0.021608829498291016.jpg,images/hct/data3/2-1705342462.3174348/vision/250-0.021608829498291016.jpg,"curved, reflective, textured",ceramic
hct/2-1705342462.3174348/251-0.021173954010009766.jpg,hct,images/hct/data3/2-1705342462.3174348/tactile/251-0.021173954010009766.jpg,images/hct/data3/2-1705342462.3174348/vision/251-0.021173954010009766.jpg,"solid, reflective, textured",ceramic
hct/2-1705342462.3174348/252-0.022288799285888672.jpg,hct,images/hct/data3/2-1705342462.3174348/tactile/252-0.022288799285888672.jpg,images/hct/data3/2-1705342462.3174348/vision/252-0.022288799285888672.jpg,"rigid, cool, smooth",ceramic
hct/2-1705342462.3174348/253-0.021885156631469727.jpg,hct,images/hct/data3/2-1705342462.3174348/tactile/253-0.021885156631469727.jpg,images/hct/data3/2-1705342462.3174348/vision/253-0.021885156631469727.jpg,"metallic, textured, solid, reflective",ceramic
hct/2-1705342462.3174348/254-0.021298885345458984.jpg,hct,images/hct/data3/2-1705342462.3174348/tactile/254-0.021298885345458984.jpg,images/hct/data3/2-1705342462.3174348/vision/254-0.021298885345458984.jpg,"solid, cool, curved",ceramic
hct/2-1705342462.3174348/255-0.02147197723388672.jpg,hct,images/hct/data3/2-1705342462.3174348/tactile/255-0.02147197723388672.jpg,images/hct/data3/2-1705342462.3174348/vision/255-0.02147197723388672.jpg,"textured, cool, metallic, rigid, smooth",ceramic
hct/2-1705342462.3174348/256-0.02228713035583496.jpg,hct,images/hct/data3/2-1705342462.3174348/tactile/256-0.02228713035583496.jpg,images/hct/data3/2-1705342462.3174348/vision/256-0.02228713035583496.jpg,"metallic, textured, curved, rigid, cool",ceramic
hct/2-1705342462.3174348/257-0.021940946578979492.jpg,hct,images/hct/data3/2-1705342462.3174348/tactile/257-0.021940946578979492.jpg,images/hct/data3/2-1705342462.3174348/vision/257-0.021940946578979492.jpg,"smooth, reflective, curved, textured, metallic",ceramic
hct/2-1705342462.3174348/258-0.021877050399780273.jpg,hct,images/hct/data3/2-1705342462.3174348/tactile/258-0.021877050399780273.jpg,images/hct/data3/2-1705342462.3174348/vision/258-0.021877050399780273.jpg,"rigid, curved, smooth, cool",ceramic
hct/2-1705342462.3174348/259-0.020951032638549805.jpg,hct,images/hct/data3/2-1705342462.3174348/tactile/259-0.020951032638549805.jpg,images/hct/data3/2-1705342462.3174348/vision/259-0.020951032638549805.jpg,"rigid, textured, curved, uneven, smooth",ceramic
hct/2-1705342462.3174348/260-0.021553993225097656.jpg,hct,images/hct/data3/2-1705342462.3174348/tactile/260-0.021553993225097656.jpg,images/hct/data3/2-1705342462.3174348/vision/260-0.021553993225097656.jpg,"textured, cool, metallic, smooth, reflective",ceramic
hct/2-1705342462.3174348/262-0.022367000579833984.jpg,hct,images/hct/data3/2-1705342462.3174348/tactile/262-0.022367000579833984.jpg,images/hct/data3/2-1705342462.3174348/vision/262-0.022367000579833984.jpg,"curved, metallic, smooth",ceramic
hct/2-1705342462.3174348/263-0.0219268798828125.jpg,hct,images/hct/data3/2-1705342462.3174348/tactile/263-0.0219268798828125.jpg,images/hct/data3/2-1705342462.3174348/vision/263-0.0219268798828125.jpg,"smooth, reflective, metallic, cool, textured",ceramic
hct/2-1705342462.3174348/265-0.022090911865234375.jpg,hct,images/hct/data3/2-1705342462.3174348/tactile/265-0.022090911865234375.jpg,images/hct/data3/2-1705342462.3174348/vision/265-0.022090911865234375.jpg,"smooth, reflective, cool, textured, solid",ceramic
hct/2-1705342462.3174348/266-0.020774126052856445.jpg,hct,images/hct/data3/2-1705342462.3174348/tactile/266-0.020774126052856445.jpg,images/hct/data3/2-1705342462.3174348/vision/266-0.020774126052856445.jpg,"solid, curved, smooth, metallic",ceramic
hct/2-1705342462.3174348/267-0.02204298973083496.jpg,hct,images/hct/data3/2-1705342462.3174348/tactile/267-0.02204298973083496.jpg,images/hct/data3/2-1705342462.3174348/vision/267-0.02204298973083496.jpg,"smooth, reflective, metallic, cool, textured",ceramic
hct/2-1705342462.3174348/268-0.022011280059814453.jpg,hct,images/hct/data3/2-1705342462.3174348/tactile/268-0.022011280059814453.jpg,images/hct/data3/2-1705342462.3174348/vision/268-0.022011280059814453.jpg,"curved, textured, rigid",ceramic
hct/2-1705342462.3174348/269-0.02232193946838379.jpg,hct,images/hct/data3/2-1705342462.3174348/tactile/269-0.02232193946838379.jpg,images/hct/data3/2-1705342462.3174348/vision/269-0.02232193946838379.jpg,"textured, cool, metallic, solid, uneven",ceramic
hct/2-1705342462.3174348/270-0.02196216583251953.jpg,hct,images/hct/data3/2-1705342462.3174348/tactile/270-0.02196216583251953.jpg,images/hct/data3/2-1705342462.3174348/vision/270-0.02196216583251953.jpg,"smooth, textured, metallic",ceramic
hct/2-1705342462.3174348/271-0.022732019424438477.jpg,hct,images/hct/data3/2-1705342462.3174348/tactile/271-0.022732019424438477.jpg,images/hct/data3/2-1705342462.3174348/vision/271-0.022732019424438477.jpg,"metallic, solid, textured, curved, cool",ceramic
hct/2-1705342462.3174348/272-0.02201104164123535.jpg,hct,images/hct/data3/2-1705342462.3174348/tactile/272-0.02201104164123535.jpg,images/hct/data3/2-1705342462.3174348/vision/272-0.02201104164123535.jpg,"smooth, reflective, curved, textured, metallic",ceramic
hct/2-1705342462.3174348/273-0.021342754364013672.jpg,hct,images/hct/data3/2-1705342462.3174348/tactile/273-0.021342754364013672.jpg,images/hct/data3/2-1705342462.3174348/vision/273-0.021342754364013672.jpg,"curved, reflective, cool",ceramic
hct/2-1705342462.3174348/274-0.0221250057220459.jpg,hct,images/hct/data3/2-1705342462.3174348/tactile/274-0.0221250057220459.jpg,images/hct/data3/2-1705342462.3174348/vision/274-0.0221250057220459.jpg,"smooth, solid, curved, metallic",ceramic
hct/2-1705342462.3174348/275-0.02105116844177246.jpg,hct,images/hct/data3/2-1705342462.3174348/tactile/275-0.02105116844177246.jpg,images/hct/data3/2-1705342462.3174348/vision/275-0.02105116844177246.jpg,"cool, metallic, textured, uneven",ceramic
hct/2-1705342462.3174348/276-0.02045416831970215.jpg,hct,images/hct/data3/2-1705342462.3174348/tactile/276-0.02045416831970215.jpg,images/hct/data3/2-1705342462.3174348/vision/276-0.02045416831970215.jpg,"rigid, solid, curved, smooth",ceramic
hct/2-1705342462.3174348/277-0.02114701271057129.jpg,hct,images/hct/data3/2-1705342462.3174348/tactile/277-0.02114701271057129.jpg,images/hct/data3/2-1705342462.3174348/vision/277-0.02114701271057129.jpg,"metallic, rigid, reflective",ceramic
hct/2-1705342462.3174348/278-0.021126985549926758.jpg,hct,images/hct/data3/2-1705342462.3174348/tactile/278-0.021126985549926758.jpg,images/hct/data3/2-1705342462.3174348/vision/278-0.021126985549926758.jpg,"metallic, textured, curved, smooth",ceramic
hct/2-1705342462.3174348/279-0.022780895233154297.jpg,hct,images/hct/data3/2-1705342462.3174348/tactile/279-0.022780895233154297.jpg,images/hct/data3/2-1705342462.3174348/vision/279-0.022780895233154297.jpg,"uneven, solid, smooth, rigid, metallic",ceramic
hct/2-1705342462.3174348/280-0.02136397361755371.jpg,hct,images/hct/data3/2-1705342462.3174348/tactile/280-0.02136397361755371.jpg,images/hct/data3/2-1705342462.3174348/vision/280-0.02136397361755371.jpg,"smooth, reflective, metallic, cool, textured",ceramic
hct/2-1705342462.3174348/281-0.02318596839904785.jpg,hct,images/hct/data3/2-1705342462.3174348/tactile/281-0.02318596839904785.jpg,images/hct/data3/2-1705342462.3174348/vision/281-0.02318596839904785.jpg,"metallic, smooth, rigid",ceramic
hct/2-1705342462.3174348/294-0.02234506607055664.jpg,hct,images/hct/data3/2-1705342462.3174348/tactile/294-0.02234506607055664.jpg,images/hct/data3/2-1705342462.3174348/vision/294-0.02234506607055664.jpg,"textured, solid, smooth",ceramic
hct/20-1702597760.700026/34-0.021255970001220703.jpg,hct,images/hct/data2/20-1702597760.700026/tactile/34-0.021255970001220703.jpg,images/hct/data2/20-1702597760.700026/vision/34-0.021255970001220703.jpg,"smooth, flat, hard, cool",glass
hct/20-1702597760.700026/35-0.023810863494873047.jpg,hct,images/hct/data2/20-1702597760.700026/tactile/35-0.023810863494873047.jpg,images/hct/data2/20-1702597760.700026/vision/35-0.023810863494873047.jpg,"hard, sleek, reflective, smooth",glass
hct/20-1702597760.700026/36-0.02197098731994629.jpg,hct,images/hct/data2/20-1702597760.700026/tactile/36-0.02197098731994629.jpg,images/hct/data2/20-1702597760.700026/vision/36-0.02197098731994629.jpg,"flat, cool, smooth, reflective, hard",glass
hct/20-1702597760.700026/37-0.02239513397216797.jpg,hct,images/hct/data2/20-1702597760.700026/tactile/37-0.02239513397216797.jpg,images/hct/data2/20-1702597760.700026/vision/37-0.02239513397216797.jpg,"hard, flat, sleek, smooth, reflective",glass
hct/20-1702597760.700026/38-0.024164915084838867.jpg,hct,images/hct/data2/20-1702597760.700026/tactile/38-0.024164915084838867.jpg,images/hct/data2/20-1702597760.700026/vision/38-0.024164915084838867.jpg,"flat, sleek, hard, smooth",glass
hct/20-1702597760.700026/39-0.021957874298095703.jpg,hct,images/hct/data2/20-1702597760.700026/tactile/39-0.021957874298095703.jpg,images/hct/data2/20-1702597760.700026/vision/39-0.021957874298095703.jpg,"reflective, sleek, smooth",glass
hct/20-1702597760.700026/40-0.021951913833618164.jpg,hct,images/hct/data2/20-1702597760.700026/tactile/40-0.021951913833618164.jpg,images/hct/data2/20-1702597760.700026/vision/40-0.021951913833618164.jpg,"reflective, smooth, sleek, flat",glass
hct/20-1702597760.700026/41-0.021207809448242188.jpg,hct,images/hct/data2/20-1702597760.700026/tactile/41-0.021207809448242188.jpg,images/hct/data2/20-1702597760.700026/vision/41-0.021207809448242188.jpg,"smooth, hard, cool, reflective, sleek",glass
hct/20-1702597760.700026/42-0.0219881534576416.jpg,hct,images/hct/data2/20-1702597760.700026/tactile/42-0.0219881534576416.jpg,images/hct/data2/20-1702597760.700026/vision/42-0.0219881534576416.jpg,"smooth, hard, flat, cool, reflective",glass
hct/20-1702597760.700026/43-0.021522998809814453.jpg,hct,images/hct/data2/20-1702597760.700026/tactile/43-0.021522998809814453.jpg,images/hct/data2/20-1702597760.700026/vision/43-0.021522998809814453.jpg,"cool, flat, reflective, sleek, hard",glass
hct/20-1702597760.700026/44-0.023457765579223633.jpg,hct,images/hct/data2/20-1702597760.700026/tactile/44-0.023457765579223633.jpg,images/hct/data2/20-1702597760.700026/vision/44-0.023457765579223633.jpg,"cool, reflective, hard",glass
hct/20-1702597760.700026/45-0.022179126739501953.jpg,hct,images/hct/data2/20-1702597760.700026/tactile/45-0.022179126739501953.jpg,images/hct/data2/20-1702597760.700026/vision/45-0.022179126739501953.jpg,"cool, reflective, smooth, hard",glass
hct/20-1702597760.700026/46-0.02135014533996582.jpg,hct,images/hct/data2/20-1702597760.700026/tactile/46-0.02135014533996582.jpg,images/hct/data2/20-1702597760.700026/vision/46-0.02135014533996582.jpg,"sleek, smooth, flat, cool",glass
hct/20-1702597760.700026/47-0.02168107032775879.jpg,hct,images/hct/data2/20-1702597760.700026/tactile/47-0.02168107032775879.jpg,images/hct/data2/20-1702597760.700026/vision/47-0.02168107032775879.jpg,"reflective, flat, sleek, cool, hard",glass
hct/20-1702597760.700026/48-0.022203922271728516.jpg,hct,images/hct/data2/20-1702597760.700026/tactile/48-0.022203922271728516.jpg,images/hct/data2/20-1702597760.700026/vision/48-0.022203922271728516.jpg,"smooth, hard, flat",glass
hct/20-1702597760.700026/49-0.021898984909057617.jpg,hct,images/hct/data2/20-1702597760.700026/tactile/49-0.021898984909057617.jpg,images/hct/data2/20-1702597760.700026/vision/49-0.021898984909057617.jpg,"cool, smooth, hard",glass
hct/20-1702597760.700026/50-0.020392179489135742.jpg,hct,images/hct/data2/20-1702597760.700026/tactile/50-0.020392179489135742.jpg,images/hct/data2/20-1702597760.700026/vision/50-0.020392179489135742.jpg,"hard, sleek, cool, reflective",glass
hct/20-1702597760.700026/51-0.022111177444458008.jpg,hct,images/hct/data2/20-1702597760.700026/tactile/51-0.022111177444458008.jpg,images/hct/data2/20-1702597760.700026/vision/51-0.022111177444458008.jpg,"flat, sleek, hard",glass
hct/20-1702597760.700026/52-0.021829843521118164.jpg,hct,images/hct/data2/20-1702597760.700026/tactile/52-0.021829843521118164.jpg,images/hct/data2/20-1702597760.700026/vision/52-0.021829843521118164.jpg,"flat, hard, smooth",glass
hct/20-1702597760.700026/53-0.02071094512939453.jpg,hct,images/hct/data2/20-1702597760.700026/tactile/53-0.02071094512939453.jpg,images/hct/data2/20-1702597760.700026/vision/53-0.02071094512939453.jpg,"smooth, reflective, hard, cool, sleek",glass
hct/20-1702597760.700026/54-0.021390914916992188.jpg,hct,images/hct/data2/20-1702597760.700026/tactile/54-0.021390914916992188.jpg,images/hct/data2/20-1702597760.700026/vision/54-0.021390914916992188.jpg,"reflective, smooth, sleek, cool",glass
hct/20-1702597760.700026/55-0.0222780704498291.jpg,hct,images/hct/data2/20-1702597760.700026/tactile/55-0.0222780704498291.jpg,images/hct/data2/20-1702597760.700026/vision/55-0.0222780704498291.jpg,"sleek, smooth, cool, reflective",glass
hct/21-1702597768.544675/129-0.014430999755859375.jpg,hct,images/hct/data2/21-1702597768.544675/tactile/129-0.014430999755859375.jpg,images/hct/data2/21-1702597768.544675/vision/129-0.014430999755859375.jpg,"flat, curved, cool, solid",glass
hct/21-1702597768.544675/130-0.021106958389282227.jpg,hct,images/hct/data2/21-1702597768.544675/tactile/130-0.021106958389282227.jpg,images/hct/data2/21-1702597768.544675/vision/130-0.021106958389282227.jpg,"smooth, flat, sleek",glass
hct/21-1702597768.544675/131-0.022244930267333984.jpg,hct,images/hct/data2/21-1702597768.544675/tactile/131-0.022244930267333984.jpg,images/hct/data2/21-1702597768.544675/vision/131-0.022244930267333984.jpg,"curved, glossy, hard, reflective, rigid",glass
hct/21-1702597768.544675/132-0.021227121353149414.jpg,hct,images/hct/data2/21-1702597768.544675/tactile/132-0.021227121353149414.jpg,images/hct/data2/21-1702597768.544675/vision/132-0.021227121353149414.jpg,"rigid, solid, glossy, reflective, hard",glass
hct/21-1702597768.544675/133-0.021814823150634766.jpg,hct,images/hct/data2/21-1702597768.544675/tactile/133-0.021814823150634766.jpg,images/hct/data2/21-1702597768.544675/vision/133-0.021814823150634766.jpg,"sleek, cool, reflective",glass
hct/21-1702597768.544675/134-0.021381855010986328.jpg,hct,images/hct/data2/21-1702597768.544675/tactile/134-0.021381855010986328.jpg,images/hct/data2/21-1702597768.544675/vision/134-0.021381855010986328.jpg,"solid, cool, rigid",glass
hct/21-1702597768.544675/135-0.02074885368347168.jpg,hct,images/hct/data2/21-1702597768.544675/tactile/135-0.02074885368347168.jpg,images/hct/data2/21-1702597768.544675/vision/135-0.02074885368347168.jpg,"hard, cool, flat, smooth",glass
hct/21-1702597768.544675/136-0.020910978317260742.jpg,hct,images/hct/data2/21-1702597768.544675/tactile/136-0.020910978317260742.jpg,images/hct/data2/21-1702597768.544675/vision/136-0.020910978317260742.jpg,"flat, solid, sleek",glass
hct/21-1702597768.544675/137-0.021925687789916992.jpg,hct,images/hct/data2/21-1702597768.544675/tactile/137-0.021925687789916992.jpg,images/hct/data2/21-1702597768.544675/vision/137-0.021925687789916992.jpg,"cool, smooth, glossy, flat",glass
hct/21-1702597768.544675/138-0.022378921508789062.jpg,hct,images/hct/data2/21-1702597768.544675/tactile/138-0.022378921508789062.jpg,images/hct/data2/21-1702597768.544675/vision/138-0.022378921508789062.jpg,"reflective, flat, hard",glass
hct/21-1702597768.544675/139-0.02168893814086914.jpg,hct,images/hct/data2/21-1702597768.544675/tactile/139-0.02168893814086914.jpg,images/hct/data2/21-1702597768.544675/vision/139-0.02168893814086914.jpg,"flat, glossy, curved, smooth, sleek",glass
hct/21-1702597768.544675/140-0.021246910095214844.jpg,hct,images/hct/data2/21-1702597768.544675/tactile/140-0.021246910095214844.jpg,images/hct/data2/21-1702597768.544675/vision/140-0.021246910095214844.jpg,"smooth, reflective, hard, cool, sleek",glass
hct/21-1702597768.544675/141-0.020615816116333008.jpg,hct,images/hct/data2/21-1702597768.544675/tactile/141-0.020615816116333008.jpg,images/hct/data2/21-1702597768.544675/vision/141-0.020615816116333008.jpg,"hard, sleek, solid, reflective",glass
hct/21-1702597768.544675/142-0.021900653839111328.jpg,hct,images/hct/data2/21-1702597768.544675/tactile/142-0.021900653839111328.jpg,images/hct/data2/21-1702597768.544675/vision/142-0.021900653839111328.jpg,"smooth, reflective, hard, cool, sleek",glass
hct/21-1702597768.544675/143-0.021409034729003906.jpg,hct,images/hct/data2/21-1702597768.544675/tactile/143-0.021409034729003906.jpg,images/hct/data2/21-1702597768.544675/vision/143-0.021409034729003906.jpg,"matte, reflective, glossy, rigid",glass
hct/21-1702597768.544675/144-0.02183389663696289.jpg,hct,images/hct/data2/21-1702597768.544675/tactile/144-0.02183389663696289.jpg,images/hct/data2/21-1702597768.544675/vision/144-0.02183389663696289.jpg,"cool, smooth, hard, solid, rigid",glass
hct/21-1702597768.544675/145-0.02158379554748535.jpg,hct,images/hct/data2/21-1702597768.544675/tactile/145-0.02158379554748535.jpg,images/hct/data2/21-1702597768.544675/vision/145-0.02158379554748535.jpg,"reflective, matte, rigid, curved, sleek",glass
hct/21-1702597768.544675/146-0.020865201950073242.jpg,hct,images/hct/data2/21-1702597768.544675/tactile/146-0.020865201950073242.jpg,images/hct/data2/21-1702597768.544675/vision/146-0.020865201950073242.jpg,"smooth, reflective, hard, cool, glossy",glass
hct/21-1702597768.544675/147-0.020383834838867188.jpg,hct,images/hct/data2/21-1702597768.544675/tactile/147-0.020383834838867188.jpg,images/hct/data2/21-1702597768.544675/vision/147-0.020383834838867188.jpg,"smooth, reflective, hard, cool, glossy",glass
hct/21-1702597768.544675/148-0.023947954177856445.jpg,hct,images/hct/data2/21-1702597768.544675/tactile/148-0.023947954177856445.jpg,images/hct/data2/21-1702597768.544675/vision/148-0.023947954177856445.jpg,"glossy, cool, matte, solid",glass
hct/21-1702597768.544675/149-0.020874977111816406.jpg,hct,images/hct/data2/21-1702597768.544675/tactile/149-0.020874977111816406.jpg,images/hct/data2/21-1702597768.544675/vision/149-0.020874977111816406.jpg,"reflective, matte, glossy",glass
hct/21-1702597768.544675/150-0.019804954528808594.jpg,hct,images/hct/data2/21-1702597768.544675/tactile/150-0.019804954528808594.jpg,images/hct/data2/21-1702597768.544675/vision/150-0.019804954528808594.jpg,"rigid, curved, solid",glass
hct/21-1702597768.544675/151-0.022090673446655273.jpg,hct,images/hct/data2/21-1702597768.544675/tactile/151-0.022090673446655273.jpg,images/hct/data2/21-1702597768.544675/vision/151-0.022090673446655273.jpg,"solid, flat, smooth, glossy",glass
hct/21-1702597768.544675/152-0.022373199462890625.jpg,hct,images/hct/data2/21-1702597768.544675/tactile/152-0.022373199462890625.jpg,images/hct/data2/21-1702597768.544675/vision/152-0.022373199462890625.jpg,"flat, cool, rigid, curved",glass
hct/21-1702597768.544675/153-0.021013975143432617.jpg,hct,images/hct/data2/21-1702597768.544675/tactile/153-0.021013975143432617.jpg,images/hct/data2/21-1702597768.544675/vision/153-0.021013975143432617.jpg,"matte, glossy, cool",glass
hct/21-1702597768.544675/154-0.021535873413085938.jpg,hct,images/hct/data2/21-1702597768.544675/tactile/154-0.021535873413085938.jpg,images/hct/data2/21-1702597768.544675/vision/154-0.021535873413085938.jpg,"matte, hard, flat",glass
hct/21-1702597768.544675/155-0.02232193946838379.jpg,hct,images/hct/data2/21-1702597768.544675/tactile/155-0.02232193946838379.jpg,images/hct/data2/21-1702597768.544675/vision/155-0.02232193946838379.jpg,"smooth, reflective, hard, cool, glossy",glass
hct/21-1702597768.544675/156-0.022040843963623047.jpg,hct,images/hct/data2/21-1702597768.544675/tactile/156-0.022040843963623047.jpg,images/hct/data2/21-1702597768.544675/vision/156-0.022040843963623047.jpg,"flat, smooth, cool, solid",glass
hct/21-1702597768.544675/157-0.022984981536865234.jpg,hct,images/hct/data2/21-1702597768.544675/tactile/157-0.022984981536865234.jpg,images/hct/data2/21-1702597768.544675/vision/157-0.022984981536865234.jpg,"flat, rigid, reflective, smooth",glass
hct/21-1702597768.544675/158-0.0212709903717041.jpg,hct,images/hct/data2/21-1702597768.544675/tactile/158-0.0212709903717041.jpg,images/hct/data2/21-1702597768.544675/vision/158-0.0212709903717041.jpg,"curved, solid, hard, cool",glass
hct/21-1702597768.544675/159-0.021551847457885742.jpg,hct,images/hct/data2/21-1702597768.544675/tactile/159-0.021551847457885742.jpg,images/hct/data2/21-1702597768.544675/vision/159-0.021551847457885742.jpg,"smooth, glossy, flat",glass
hct/21-1702597768.544675/160-0.022590160369873047.jpg,hct,images/hct/data2/21-1702597768.544675/tactile/160-0.022590160369873047.jpg,images/hct/data2/21-1702597768.544675/vision/160-0.022590160369873047.jpg,"sleek, rigid, hard",glass
hct/21-1702597768.544675/161-0.02083730697631836.jpg,hct,images/hct/data2/21-1702597768.544675/tactile/161-0.02083730697631836.jpg,images/hct/data2/21-1702597768.544675/vision/161-0.02083730697631836.jpg,"flat, sleek, reflective, smooth, glossy",glass
hct/21-1702597768.544675/162-0.02343893051147461.jpg,hct,images/hct/data2/21-1702597768.544675/tactile/162-0.02343893051147461.jpg,images/hct/data2/21-1702597768.544675/vision/162-0.02343893051147461.jpg,"matte, smooth, rigid",glass
hct/21-1702597768.544675/163-0.021596193313598633.jpg,hct,images/hct/data2/21-1702597768.544675/tactile/163-0.021596193313598633.jpg,images/hct/data2/21-1702597768.544675/vision/163-0.021596193313598633.jpg,"flat, hard, rigid, glossy, sleek",glass
hct/21-1702597768.544675/164-0.021729230880737305.jpg,hct,images/hct/data2/21-1702597768.544675/tactile/164-0.021729230880737305.jpg,images/hct/data2/21-1702597768.544675/vision/164-0.021729230880737305.jpg,"rigid, solid, curved, sleek",glass
hct/21-1702597768.544675/165-0.021287918090820312.jpg,hct,images/hct/data2/21-1702597768.544675/tactile/165-0.021287918090820312.jpg,images/hct/data2/21-1702597768.544675/vision/165-0.021287918090820312.jpg,"sleek, reflective, hard, matte",glass
hct/21-1702597768.544675/166-0.02260303497314453.jpg,hct,images/hct/data2/21-1702597768.544675/tactile/166-0.02260303497314453.jpg,images/hct/data2/21-1702597768.544675/vision/166-0.02260303497314453.jpg,"flat, hard, curved, glossy, reflective",glass
hct/21-1702597768.544675/167-0.021329879760742188.jpg,hct,images/hct/data2/21-1702597768.544675/tactile/167-0.021329879760742188.jpg,images/hct/data2/21-1702597768.544675/vision/167-0.021329879760742188.jpg,"solid, flat, rigid, glossy, sleek",glass
hct/21-1702597768.544675/168-0.022708892822265625.jpg,hct,images/hct/data2/21-1702597768.544675/tactile/168-0.022708892822265625.jpg,images/hct/data2/21-1702597768.544675/vision/168-0.022708892822265625.jpg,"rigid, flat, glossy",glass
hct/21-1702597768.544675/169-0.02207207679748535.jpg,hct,images/hct/data2/21-1702597768.544675/tactile/169-0.02207207679748535.jpg,images/hct/data2/21-1702597768.544675/vision/169-0.02207207679748535.jpg,"smooth, reflective, hard, cool, glossy",glass
hct/21-1702597768.544675/170-0.021174192428588867.jpg,hct,images/hct/data2/21-1702597768.544675/tactile/170-0.021174192428588867.jpg,images/hct/data2/21-1702597768.544675/vision/170-0.021174192428588867.jpg,"glossy, matte, smooth, rigid, solid",glass
hct/21-1702597768.544675/171-0.021673202514648438.jpg,hct,images/hct/data2/21-1702597768.544675/tactile/171-0.021673202514648438.jpg,images/hct/data2/21-1702597768.544675/vision/171-0.021673202514648438.jpg,"matte, flat, curved, reflective",glass
hct/21-1702597768.544675/172-0.021340131759643555.jpg,hct,images/hct/data2/21-1702597768.544675/tactile/172-0.021340131759643555.jpg,images/hct/data2/21-1702597768.544675/vision/172-0.021340131759643555.jpg,"reflective, matte, smooth, cool, flat",glass
hct/21-1702597768.544675/173-0.021172046661376953.jpg,hct,images/hct/data2/21-1702597768.544675/tactile/173-0.021172046661376953.jpg,images/hct/data2/21-1702597768.544675/vision/173-0.021172046661376953.jpg,"curved, solid, cool, reflective, smooth",glass
hct/21-1702597768.544675/174-0.02157115936279297.jpg,hct,images/hct/data2/21-1702597768.544675/tactile/174-0.02157115936279297.jpg,images/hct/data2/21-1702597768.544675/vision/174-0.02157115936279297.jpg,"glossy, cool, matte, smooth, rigid",glass
hct/21-1702597768.544675/175-0.020520925521850586.jpg,hct,images/hct/data2/21-1702597768.544675/tactile/175-0.020520925521850586.jpg,images/hct/data2/21-1702597768.544675/vision/175-0.020520925521850586.jpg,"glossy, reflective, rigid",glass
hct/21-1702597768.544675/176-0.020971059799194336.jpg,hct,images/hct/data2/21-1702597768.544675/tactile/176-0.020971059799194336.jpg,images/hct/data2/21-1702597768.544675/vision/176-0.020971059799194336.jpg,"cool, sleek, flat",glass
hct/21-1702597768.544675/177-0.0211026668548584.jpg,hct,images/hct/data2/21-1702597768.544675/tactile/177-0.0211026668548584.jpg,images/hct/data2/21-1702597768.544675/vision/177-0.0211026668548584.jpg,"solid, smooth, curved, flat",glass
hct/21-1702597768.544675/178-0.019936084747314453.jpg,hct,images/hct/data2/21-1702597768.544675/tactile/178-0.019936084747314453.jpg,images/hct/data2/21-1702597768.544675/vision/178-0.019936084747314453.jpg,"solid, sleek, glossy, flat",glass
hct/21-1702597768.544675/179-0.02100682258605957.jpg,hct,images/hct/data2/21-1702597768.544675/tactile/179-0.02100682258605957.jpg,images/hct/data2/21-1702597768.544675/vision/179-0.02100682258605957.jpg,"glossy, hard, rigid, cool",glass
hct/21-1702597768.544675/180-0.022742748260498047.jpg,hct,images/hct/data2/21-1702597768.544675/tactile/180-0.022742748260498047.jpg,images/hct/data2/21-1702597768.544675/vision/180-0.022742748260498047.jpg,"curved, solid, cool, sleek",glass
hct/21-1702597768.544675/181-0.02008509635925293.jpg,hct,images/hct/data2/21-1702597768.544675/tactile/181-0.02008509635925293.jpg,images/hct/data2/21-1702597768.544675/vision/181-0.02008509635925293.jpg,"smooth, hard, reflective",glass
hct/21-1702597768.544675/182-0.02084207534790039.jpg,hct,images/hct/data2/21-1702597768.544675/tactile/182-0.02084207534790039.jpg,images/hct/data2/21-1702597768.544675/vision/182-0.02084207534790039.jpg,"hard, reflective, sleek",glass
hct/21-1702597768.544675/183-0.02160787582397461.jpg,hct,images/hct/data2/21-1702597768.544675/tactile/183-0.02160787582397461.jpg,images/hct/data2/21-1702597768.544675/vision/183-0.02160787582397461.jpg,"flat, cool, solid",glass
hct/21-1702597768.544675/184-0.02127695083618164.jpg,hct,images/hct/data2/21-1702597768.544675/tactile/184-0.02127695083618164.jpg,images/hct/data2/21-1702597768.544675/vision/184-0.02127695083618164.jpg,"glossy, cool, matte, hard, solid",glass
hct/21-1702597768.544675/185-0.021572113037109375.jpg,hct,images/hct/data2/21-1702597768.544675/tactile/185-0.021572113037109375.jpg,images/hct/data2/21-1702597768.544675/vision/185-0.021572113037109375.jpg,"sleek, solid, hard, matte",glass
hct/21-1702597768.544675/186-0.020843029022216797.jpg,hct,images/hct/data2/21-1702597768.544675/tactile/186-0.020843029022216797.jpg,images/hct/data2/21-1702597768.544675/vision/186-0.020843029022216797.jpg,"curved, flat, solid, cool",glass
hct/21-1702597768.544675/187-0.022172212600708008.jpg,hct,images/hct/data2/21-1702597768.544675/tactile/187-0.022172212600708008.jpg,images/hct/data2/21-1702597768.544675/vision/187-0.022172212600708008.jpg,"smooth, sleek, flat, glossy",glass
hct/21-1702597768.544675/188-0.021328210830688477.jpg,hct,images/hct/data2/21-1702597768.544675/tactile/188-0.021328210830688477.jpg,images/hct/data2/21-1702597768.544675/vision/188-0.021328210830688477.jpg,"smooth, sleek, matte, hard, cool",glass
hct/21-1702597768.544675/189-0.02168583869934082.jpg,hct,images/hct/data2/21-1702597768.544675/tactile/189-0.02168583869934082.jpg,images/hct/data2/21-1702597768.544675/vision/189-0.02168583869934082.jpg,"smooth, glossy, hard, cool, flat",glass
hct/21-1702597768.544675/190-0.021226882934570312.jpg,hct,images/hct/data2/21-1702597768.544675/tactile/190-0.021226882934570312.jpg,images/hct/data2/21-1702597768.544675/vision/190-0.021226882934570312.jpg,"matte, solid, flat, smooth",glass
hct/21-1702597768.544675/191-0.020884037017822266.jpg,hct,images/hct/data2/21-1702597768.544675/tactile/191-0.020884037017822266.jpg,images/hct/data2/21-1702597768.544675/vision/191-0.020884037017822266.jpg,"smooth, flat, hard, matte, cool",glass
hct/21-1702597768.544675/192-0.021545886993408203.jpg,hct,images/hct/data2/21-1702597768.544675/tactile/192-0.021545886993408203.jpg,images/hct/data2/21-1702597768.544675/vision/192-0.021545886993408203.jpg,"solid, reflective, matte, cool, sleek",glass
hct/21-1702597768.544675/193-0.02172708511352539.jpg,hct,images/hct/data2/21-1702597768.544675/tactile/193-0.02172708511352539.jpg,images/hct/data2/21-1702597768.544675/vision/193-0.02172708511352539.jpg,"smooth, reflective, cool, curved",glass
hct/21-1702597768.544675/194-0.021792173385620117.jpg,hct,images/hct/data2/21-1702597768.544675/tactile/194-0.021792173385620117.jpg,images/hct/data2/21-1702597768.544675/vision/194-0.021792173385620117.jpg,"flat, matte, sleek",glass
hct/21-1702597768.544675/195-0.023469924926757812.jpg,hct,images/hct/data2/21-1702597768.544675/tactile/195-0.023469924926757812.jpg,images/hct/data2/21-1702597768.544675/vision/195-0.023469924926757812.jpg,"curved, glossy, sleek, cool",glass
hct/21-1702597768.544675/196-0.019955158233642578.jpg,hct,images/hct/data2/21-1702597768.544675/tactile/196-0.019955158233642578.jpg,images/hct/data2/21-1702597768.544675/vision/196-0.019955158233642578.jpg,"cool, flat, rigid, sleek",glass
hct/21-1702597768.544675/197-0.021891117095947266.jpg,hct,images/hct/data2/21-1702597768.544675/tactile/197-0.021891117095947266.jpg,images/hct/data2/21-1702597768.544675/vision/197-0.021891117095947266.jpg,"reflective, glossy, sleek, cool",glass
hct/21-1702597768.544675/198-0.020571231842041016.jpg,hct,images/hct/data2/21-1702597768.544675/tactile/198-0.020571231842041016.jpg,images/hct/data2/21-1702597768.544675/vision/198-0.020571231842041016.jpg,"solid, flat, reflective",glass
hct/21-1702597768.544675/199-0.021625757217407227.jpg,hct,images/hct/data2/21-1702597768.544675/tactile/199-0.021625757217407227.jpg,images/hct/data2/21-1702597768.544675/vision/199-0.021625757217407227.jpg,"sleek, smooth, curved, glossy, matte",glass
hct/21-1702597768.544675/200-0.022875070571899414.jpg,hct,images/hct/data2/21-1702597768.544675/tactile/200-0.022875070571899414.jpg,images/hct/data2/21-1702597768.544675/vision/200-0.022875070571899414.jpg,"flat, sleek, cool, matte, hard",glass
hct/21-1702597768.544675/201-0.02155780792236328.jpg,hct,images/hct/data2/21-1702597768.544675/tactile/201-0.02155780792236328.jpg,images/hct/data2/21-1702597768.544675/vision/201-0.02155780792236328.jpg,"flat, curved, rigid",glass
hct/21-1702597768.544675/202-0.02142190933227539.jpg,hct,images/hct/data2/21-1702597768.544675/tactile/202-0.02142190933227539.jpg,images/hct/data2/21-1702597768.544675/vision/202-0.02142190933227539.jpg,"curved, solid, glossy",glass
hct/21-1702597768.544675/203-0.021277904510498047.jpg,hct,images/hct/data2/21-1702597768.544675/tactile/203-0.021277904510498047.jpg,images/hct/data2/21-1702597768.544675/vision/203-0.021277904510498047.jpg,"solid, rigid, smooth, flat",glass
hct/21-1702597768.544675/204-0.020605087280273438.jpg,hct,images/hct/data2/21-1702597768.544675/tactile/204-0.020605087280273438.jpg,images/hct/data2/21-1702597768.544675/vision/204-0.020605087280273438.jpg,"smooth, reflective, hard, cool, flat",glass
hct/21-1702597768.544675/205-0.02080392837524414.jpg,hct,images/hct/data2/21-1702597768.544675/tactile/205-0.02080392837524414.jpg,images/hct/data2/21-1702597768.544675/vision/205-0.02080392837524414.jpg,"glossy, smooth, matte, solid",glass
hct/21-1702597768.544675/206-0.020657777786254883.jpg,hct,images/hct/data2/21-1702597768.544675/tactile/206-0.020657777786254883.jpg,images/hct/data2/21-1702597768.544675/vision/206-0.020657777786254883.jpg,"smooth, solid, flat",glass
hct/21-1702597768.544675/207-0.02153491973876953.jpg,hct,images/hct/data2/21-1702597768.544675/tactile/207-0.02153491973876953.jpg,images/hct/data2/21-1702597768.544675/vision/207-0.02153491973876953.jpg,"smooth, hard, cool, solid",glass
hct/21-1702597768.544675/208-0.022762298583984375.jpg,hct,images/hct/data2/21-1702597768.544675/tactile/208-0.022762298583984375.jpg,images/hct/data2/21-1702597768.544675/vision/208-0.022762298583984375.jpg,"cool, curved, sleek, reflective",glass
hct/21-1702597768.544675/209-0.021183013916015625.jpg,hct,images/hct/data2/21-1702597768.544675/tactile/209-0.021183013916015625.jpg,images/hct/data2/21-1702597768.544675/vision/209-0.021183013916015625.jpg,"solid, reflective, glossy, curved",glass
hct/21-1702597768.544675/210-0.021381139755249023.jpg,hct,images/hct/data2/21-1702597768.544675/tactile/210-0.021381139755249023.jpg,images/hct/data2/21-1702597768.544675/vision/210-0.021381139755249023.jpg,"solid, rigid, curved",glass
hct/21-1702597768.544675/211-0.021072864532470703.jpg,hct,images/hct/data2/21-1702597768.544675/tactile/211-0.021072864532470703.jpg,images/hct/data2/21-1702597768.544675/vision/211-0.021072864532470703.jpg,"curved, matte, rigid, flat",glass
hct/21-1702597768.544675/212-0.02081584930419922.jpg,hct,images/hct/data2/21-1702597768.544675/tactile/212-0.02081584930419922.jpg,images/hct/data2/21-1702597768.544675/vision/212-0.02081584930419922.jpg,"matte, glossy, smooth",glass
hct/21-1702597768.544675/213-0.02159285545349121.jpg,hct,images/hct/data2/21-1702597768.544675/tactile/213-0.02159285545349121.jpg,images/hct/data2/21-1702597768.544675/vision/213-0.02159285545349121.jpg,"glossy, solid, cool, flat",glass
hct/21-1702597768.544675/214-0.021543025970458984.jpg,hct,images/hct/data2/21-1702597768.544675/tactile/214-0.021543025970458984.jpg,images/hct/data2/21-1702597768.544675/vision/214-0.021543025970458984.jpg,"smooth, cool, hard, matte, solid",glass
hct/21-1702597768.544675/215-0.021818161010742188.jpg,hct,images/hct/data2/21-1702597768.544675/tactile/215-0.021818161010742188.jpg,images/hct/data2/21-1702597768.544675/vision/215-0.021818161010742188.jpg,"glossy, solid, matte, flat, cool",glass
hct/21-1702597768.544675/216-0.021082162857055664.jpg,hct,images/hct/data2/21-1702597768.544675/tactile/216-0.021082162857055664.jpg,images/hct/data2/21-1702597768.544675/vision/216-0.021082162857055664.jpg,"solid, glossy, reflective",glass
hct/21-1702597768.544675/217-0.021306991577148438.jpg,hct,images/hct/data2/21-1702597768.544675/tactile/217-0.021306991577148438.jpg,images/hct/data2/21-1702597768.544675/vision/217-0.021306991577148438.jpg,"cool, solid, reflective, sleek",glass
hct/21-1702597768.544675/218-0.020434856414794922.jpg,hct,images/hct/data2/21-1702597768.544675/tactile/218-0.020434856414794922.jpg,images/hct/data2/21-1702597768.544675/vision/218-0.020434856414794922.jpg,"solid, sleek, flat, cool, rigid",glass
hct/21-1702597768.544675/219-0.020419836044311523.jpg,hct,images/hct/data2/21-1702597768.544675/tactile/219-0.020419836044311523.jpg,images/hct/data2/21-1702597768.544675/vision/219-0.020419836044311523.jpg,"flat, glossy, curved, reflective",glass
hct/21-1702597768.544675/220-0.02187800407409668.jpg,hct,images/hct/data2/21-1702597768.544675/tactile/220-0.02187800407409668.jpg,images/hct/data2/21-1702597768.544675/vision/220-0.02187800407409668.jpg,"rigid, matte, flat, cool, solid",glass
hct/21-1702597768.544675/221-0.020631074905395508.jpg,hct,images/hct/data2/21-1702597768.544675/tactile/221-0.020631074905395508.jpg,images/hct/data2/21-1702597768.544675/vision/221-0.020631074905395508.jpg,"flat, sleek, smooth, glossy",glass
hct/21-1702597768.544675/222-0.02354264259338379.jpg,hct,images/hct/data2/21-1702597768.544675/tactile/222-0.02354264259338379.jpg,images/hct/data2/21-1702597768.544675/vision/222-0.02354264259338379.jpg,"sleek, reflective, glossy, rigid, matte",glass
hct/21-1702597768.544675/223-0.021311044692993164.jpg,hct,images/hct/data2/21-1702597768.544675/tactile/223-0.021311044692993164.jpg,images/hct/data2/21-1702597768.544675/vision/223-0.021311044692993164.jpg,"sleek, matte, solid, glossy, hard",glass
hct/21-1702597768.544675/224-0.019817829132080078.jpg,hct,images/hct/data2/21-1702597768.544675/tactile/224-0.019817829132080078.jpg,images/hct/data2/21-1702597768.544675/vision/224-0.019817829132080078.jpg,"solid, hard, rigid",glass
hct/21-1702597768.544675/225-0.021912097930908203.jpg,hct,images/hct/data2/21-1702597768.544675/tactile/225-0.021912097930908203.jpg,images/hct/data2/21-1702597768.544675/vision/225-0.021912097930908203.jpg,"glossy, solid, reflective, sleek",glass
hct/21-1702597768.544675/226-0.02239990234375.jpg,hct,images/hct/data2/21-1702597768.544675/tactile/226-0.02239990234375.jpg,images/hct/data2/21-1702597768.544675/vision/226-0.02239990234375.jpg,"cool, matte, curved",glass
hct/21-1702597768.544675/227-0.020009756088256836.jpg,hct,images/hct/data2/21-1702597768.544675/tactile/227-0.020009756088256836.jpg,images/hct/data2/21-1702597768.544675/vision/227-0.020009756088256836.jpg,"smooth, rigid, sleek, hard, cool",glass
hct/21-1702597768.544675/228-0.021229982376098633.jpg,hct,images/hct/data2/21-1702597768.544675/tactile/228-0.021229982376098633.jpg,images/hct/data2/21-1702597768.544675/vision/228-0.021229982376098633.jpg,"cool, sleek, hard",glass
hct/21-1702597768.544675/229-0.020869970321655273.jpg,hct,images/hct/data2/21-1702597768.544675/tactile/229-0.020869970321655273.jpg,images/hct/data2/21-1702597768.544675/vision/229-0.020869970321655273.jpg,"sleek, rigid, smooth, solid",glass
hct/21-1702597768.544675/230-0.021047115325927734.jpg,hct,images/hct/data2/21-1702597768.544675/tactile/230-0.021047115325927734.jpg,images/hct/data2/21-1702597768.544675/vision/230-0.021047115325927734.jpg,"cool, hard, glossy, reflective, curved",glass
hct/21-1702597768.544675/231-0.020193815231323242.jpg,hct,images/hct/data2/21-1702597768.544675/tactile/231-0.020193815231323242.jpg,images/hct/data2/21-1702597768.544675/vision/231-0.020193815231323242.jpg,"rigid, matte, cool, flat",glass
hct/21-1702597768.544675/232-0.02038121223449707.jpg,hct,images/hct/data2/21-1702597768.544675/tactile/232-0.02038121223449707.jpg,images/hct/data2/21-1702597768.544675/vision/232-0.02038121223449707.jpg,"sleek, glossy, smooth",glass
hct/21-1702597768.544675/233-0.021298885345458984.jpg,hct,images/hct/data2/21-1702597768.544675/tactile/233-0.021298885345458984.jpg,images/hct/data2/21-1702597768.544675/vision/233-0.021298885345458984.jpg,"flat, sleek, glossy, solid",glass
hct/21-1702597768.544675/234-0.0203249454498291.jpg,hct,images/hct/data2/21-1702597768.544675/tactile/234-0.0203249454498291.jpg,images/hct/data2/21-1702597768.544675/vision/234-0.0203249454498291.jpg,"glossy, curved, sleek, rigid, hard",glass
hct/21-1702597768.544675/235-0.02133774757385254.jpg,hct,images/hct/data2/21-1702597768.544675/tactile/235-0.02133774757385254.jpg,images/hct/data2/21-1702597768.544675/vision/235-0.02133774757385254.jpg,"hard, cool, curved, flat, rigid",glass
hct/21-1702597768.544675/236-0.022020816802978516.jpg,hct,images/hct/data2/21-1702597768.544675/tactile/236-0.022020816802978516.jpg,images/hct/data2/21-1702597768.544675/vision/236-0.022020816802978516.jpg,"flat, glossy, matte, cool, sleek",glass
hct/21-1702597768.544675/237-0.021691083908081055.jpg,hct,images/hct/data2/21-1702597768.544675/tactile/237-0.021691083908081055.jpg,images/hct/data2/21-1702597768.544675/vision/237-0.021691083908081055.jpg,"matte, rigid, flat",glass
hct/21-1702597768.544675/238-0.021363019943237305.jpg,hct,images/hct/data2/21-1702597768.544675/tactile/238-0.021363019943237305.jpg,images/hct/data2/21-1702597768.544675/vision/238-0.021363019943237305.jpg,"glossy, sleek, matte",glass
hct/21-1702597768.544675/239-0.021274089813232422.jpg,hct,images/hct/data2/21-1702597768.544675/tactile/239-0.021274089813232422.jpg,images/hct/data2/21-1702597768.544675/vision/239-0.021274089813232422.jpg,"smooth, reflective, glossy, curved, flat",glass
hct/21-1702597768.544675/240-0.020753860473632812.jpg,hct,images/hct/data2/21-1702597768.544675/tactile/240-0.020753860473632812.jpg,images/hct/data2/21-1702597768.544675/vision/240-0.020753860473632812.jpg,"curved, solid, cool, reflective",glass
hct/21-1702597768.544675/241-0.021572113037109375.jpg,hct,images/hct/data2/21-1702597768.544675/tactile/241-0.021572113037109375.jpg,images/hct/data2/21-1702597768.544675/vision/241-0.021572113037109375.jpg,"matte, smooth, sleek, flat, solid",glass
hct/21-1702597768.544675/242-0.02268505096435547.jpg,hct,images/hct/data2/21-1702597768.544675/tactile/242-0.02268505096435547.jpg,images/hct/data2/21-1702597768.544675/vision/242-0.02268505096435547.jpg,"matte, rigid, curved, cool, glossy",glass
hct/21-1702597768.544675/243-0.0216219425201416.jpg,hct,images/hct/data2/21-1702597768.544675/tactile/243-0.0216219425201416.jpg,images/hct/data2/21-1702597768.544675/vision/243-0.0216219425201416.jpg,"sleek, solid, flat",glass
hct/21-1702597768.544675/244-0.02132415771484375.jpg,hct,images/hct/data2/21-1702597768.544675/tactile/244-0.02132415771484375.jpg,images/hct/data2/21-1702597768.544675/vision/244-0.02132415771484375.jpg,"smooth, matte, solid, glossy",glass
hct/21-1702597768.544675/245-0.021119117736816406.jpg,hct,images/hct/data2/21-1702597768.544675/tactile/245-0.021119117736816406.jpg,images/hct/data2/21-1702597768.544675/vision/245-0.021119117736816406.jpg,"rigid, flat, matte, solid, smooth",glass
hct/21-1702597768.544675/246-0.020840883255004883.jpg,hct,images/hct/data2/21-1702597768.544675/tactile/246-0.020840883255004883.jpg,images/hct/data2/21-1702597768.544675/vision/246-0.020840883255004883.jpg,"hard, curved, reflective, cool, solid",glass
hct/21-1702597768.544675/247-0.02318286895751953.jpg,hct,images/hct/data2/21-1702597768.544675/tactile/247-0.02318286895751953.jpg,images/hct/data2/21-1702597768.544675/vision/247-0.02318286895751953.jpg,"smooth, reflective, hard, cool, sleek",glass
hct/21-1702597768.544675/248-0.021688222885131836.jpg,hct,images/hct/data2/21-1702597768.544675/tactile/248-0.021688222885131836.jpg,images/hct/data2/21-1702597768.544675/vision/248-0.021688222885131836.jpg,"sleek, rigid, glossy, solid",glass
hct/21-1702597768.544675/249-0.02092432975769043.jpg,hct,images/hct/data2/21-1702597768.544675/tactile/249-0.02092432975769043.jpg,images/hct/data2/21-1702597768.544675/vision/249-0.02092432975769043.jpg,"curved, matte, solid, smooth, hard",glass
hct/21-1702597768.544675/250-0.02135491371154785.jpg,hct,images/hct/data2/21-1702597768.544675/tactile/250-0.02135491371154785.jpg,images/hct/data2/21-1702597768.544675/vision/250-0.02135491371154785.jpg,"hard, sleek, smooth",glass
hct/21-1702597768.544675/251-0.020694971084594727.jpg,hct,images/hct/data2/21-1702597768.544675/tactile/251-0.020694971084594727.jpg,images/hct/data2/21-1702597768.544675/vision/251-0.020694971084594727.jpg,"smooth, cool, hard, sleek, flat",glass
hct/21-1702597768.544675/252-0.02099919319152832.jpg,hct,images/hct/data2/21-1702597768.544675/tactile/252-0.02099919319152832.jpg,images/hct/data2/21-1702597768.544675/vision/252-0.02099919319152832.jpg,"curved, matte, cool",glass
hct/21-1702597768.544675/253-0.021357059478759766.jpg,hct,images/hct/data2/21-1702597768.544675/tactile/253-0.021357059478759766.jpg,images/hct/data2/21-1702597768.544675/vision/253-0.021357059478759766.jpg,"hard, solid, rigid, sleek",glass
hct/21-1702597768.544675/254-0.02087235450744629.jpg,hct,images/hct/data2/21-1702597768.544675/tactile/254-0.02087235450744629.jpg,images/hct/data2/21-1702597768.544675/vision/254-0.02087235450744629.jpg,"solid, flat, reflective, sleek",glass
hct/21-1702597768.544675/255-0.02048325538635254.jpg,hct,images/hct/data2/21-1702597768.544675/tactile/255-0.02048325538635254.jpg,images/hct/data2/21-1702597768.544675/vision/255-0.02048325538635254.jpg,"reflective, solid, smooth, curved, hard",glass
hct/21-1702597768.544675/256-0.020756244659423828.jpg,hct,images/hct/data2/21-1702597768.544675/tactile/256-0.020756244659423828.jpg,images/hct/data2/21-1702597768.544675/vision/256-0.020756244659423828.jpg,"curved, cool, rigid",glass
hct/21-1702597768.544675/257-0.02048516273498535.jpg,hct,images/hct/data2/21-1702597768.544675/tactile/257-0.02048516273498535.jpg,images/hct/data2/21-1702597768.544675/vision/257-0.02048516273498535.jpg,"curved, reflective, solid, rigid",glass
hct/21-1702597768.544675/258-0.02112722396850586.jpg,hct,images/hct/data2/21-1702597768.544675/tactile/258-0.02112722396850586.jpg,images/hct/data2/21-1702597768.544675/vision/258-0.02112722396850586.jpg,"solid, matte, flat, hard, curved",glass
hct/21-1702597768.544675/259-0.022033214569091797.jpg,hct,images/hct/data2/21-1702597768.544675/tactile/259-0.022033214569091797.jpg,images/hct/data2/21-1702597768.544675/vision/259-0.022033214569091797.jpg,"flat, hard, rigid",glass
hct/21-1702597768.544675/260-0.02153491973876953.jpg,hct,images/hct/data2/21-1702597768.544675/tactile/260-0.02153491973876953.jpg,images/hct/data2/21-1702597768.544675/vision/260-0.02153491973876953.jpg,"sleek, cool, hard, flat",glass
hct/21-1702597768.544675/261-0.021173954010009766.jpg,hct,images/hct/data2/21-1702597768.544675/tactile/261-0.021173954010009766.jpg,images/hct/data2/21-1702597768.544675/vision/261-0.021173954010009766.jpg,"rigid, flat, cool, curved, matte",glass
hct/21-1702597768.544675/262-0.020864009857177734.jpg,hct,images/hct/data2/21-1702597768.544675/tactile/262-0.020864009857177734.jpg,images/hct/data2/21-1702597768.544675/vision/262-0.020864009857177734.jpg,"smooth, hard, cool, sleek, flat",glass
hct/21-1702597768.544675/263-0.020773887634277344.jpg,hct,images/hct/data2/21-1702597768.544675/tactile/263-0.020773887634277344.jpg,images/hct/data2/21-1702597768.544675/vision/263-0.020773887634277344.jpg,"sleek, hard, matte",glass
hct/21-1702597768.544675/264-0.0198972225189209.jpg,hct,images/hct/data2/21-1702597768.544675/tactile/264-0.0198972225189209.jpg,images/hct/data2/21-1702597768.544675/vision/264-0.0198972225189209.jpg,"matte, reflective, cool, sleek",glass
hct/21-1702597768.544675/265-0.021228790283203125.jpg,hct,images/hct/data2/21-1702597768.544675/tactile/265-0.021228790283203125.jpg,images/hct/data2/21-1702597768.544675/vision/265-0.021228790283203125.jpg,"cool, sleek, solid",glass
hct/21-1702597768.544675/266-0.01968097686767578.jpg,hct,images/hct/data2/21-1702597768.544675/tactile/266-0.01968097686767578.jpg,images/hct/data2/21-1702597768.544675/vision/266-0.01968097686767578.jpg,"hard, rigid, glossy, curved, cool",glass
hct/21-1702597768.544675/267-0.021881103515625.jpg,hct,images/hct/data2/21-1702597768.544675/tactile/267-0.021881103515625.jpg,images/hct/data2/21-1702597768.544675/vision/267-0.021881103515625.jpg,"smooth, matte, sleek, hard",glass
hct/21-1702597768.544675/268-0.021432876586914062.jpg,hct,images/hct/data2/21-1702597768.544675/tactile/268-0.021432876586914062.jpg,images/hct/data2/21-1702597768.544675/vision/268-0.021432876586914062.jpg,"curved, smooth, solid",glass
hct/21-1702597768.544675/269-0.021747112274169922.jpg,hct,images/hct/data2/21-1702597768.544675/tactile/269-0.021747112274169922.jpg,images/hct/data2/21-1702597768.544675/vision/269-0.021747112274169922.jpg,"curved, rigid, solid, cool",glass
hct/21-1702597768.544675/270-0.021741151809692383.jpg,hct,images/hct/data2/21-1702597768.544675/tactile/270-0.021741151809692383.jpg,images/hct/data2/21-1702597768.544675/vision/270-0.021741151809692383.jpg,"flat, curved, solid",glass
hct/21-1702597768.544675/271-0.021030902862548828.jpg,hct,images/hct/data2/21-1702597768.544675/tactile/271-0.021030902862548828.jpg,images/hct/data2/21-1702597768.544675/vision/271-0.021030902862548828.jpg,"smooth, cool, hard, matte, flat",glass
hct/21-1702597768.544675/272-0.02206587791442871.jpg,hct,images/hct/data2/21-1702597768.544675/tactile/272-0.02206587791442871.jpg,images/hct/data2/21-1702597768.544675/vision/272-0.02206587791442871.jpg,"cool, solid, glossy",glass
hct/21-1702597768.544675/273-0.022732973098754883.jpg,hct,images/hct/data2/21-1702597768.544675/tactile/273-0.022732973098754883.jpg,images/hct/data2/21-1702597768.544675/vision/273-0.022732973098754883.jpg,"solid, sleek, cool",glass
hct/21-1702597768.544675/274-0.021645069122314453.jpg,hct,images/hct/data2/21-1702597768.544675/tactile/274-0.021645069122314453.jpg,images/hct/data2/21-1702597768.544675/vision/274-0.021645069122314453.jpg,"curved, smooth, solid, matte, hard",glass
hct/21-1702597768.544675/275-0.020061969757080078.jpg,hct,images/hct/data2/21-1702597768.544675/tactile/275-0.020061969757080078.jpg,images/hct/data2/21-1702597768.544675/vision/275-0.020061969757080078.jpg,"hard, sleek, flat",glass
hct/21-1702597768.544675/276-0.021020174026489258.jpg,hct,images/hct/data2/21-1702597768.544675/tactile/276-0.021020174026489258.jpg,images/hct/data2/21-1702597768.544675/vision/276-0.021020174026489258.jpg,"curved, cool, glossy, hard, matte",glass
hct/21-1702597768.544675/277-0.02117776870727539.jpg,hct,images/hct/data2/21-1702597768.544675/tactile/277-0.02117776870727539.jpg,images/hct/data2/21-1702597768.544675/vision/277-0.02117776870727539.jpg,"smooth, reflective, hard, cool, sleek",glass
hct/21-1702597768.544675/278-0.020425796508789062.jpg,hct,images/hct/data2/21-1702597768.544675/tactile/278-0.020425796508789062.jpg,images/hct/data2/21-1702597768.544675/vision/278-0.020425796508789062.jpg,"smooth, matte, cool, flat",glass
hct/21-1702597768.544675/279-0.021100997924804688.jpg,hct,images/hct/data2/21-1702597768.544675/tactile/279-0.021100997924804688.jpg,images/hct/data2/21-1702597768.544675/vision/279-0.021100997924804688.jpg,"smooth, flat, hard, cool, matte",glass
hct/21-1702597768.544675/280-0.021235942840576172.jpg,hct,images/hct/data2/21-1702597768.544675/tactile/280-0.021235942840576172.jpg,images/hct/data2/21-1702597768.544675/vision/280-0.021235942840576172.jpg,"rigid, solid, sleek, smooth",glass
hct/21-1702597768.544675/281-0.021069049835205078.jpg,hct,images/hct/data2/21-1702597768.544675/tactile/281-0.021069049835205078.jpg,images/hct/data2/21-1702597768.544675/vision/281-0.021069049835205078.jpg,"sleek, curved, matte, rigid",glass
hct/21-1702597768.544675/282-0.020752906799316406.jpg,hct,images/hct/data2/21-1702597768.544675/tactile/282-0.020752906799316406.jpg,images/hct/data2/21-1702597768.544675/vision/282-0.020752906799316406.jpg,"rigid, curved, glossy, solid, sleek",glass
hct/21-1702597768.544675/283-0.02099299430847168.jpg,hct,images/hct/data2/21-1702597768.544675/tactile/283-0.02099299430847168.jpg,images/hct/data2/21-1702597768.544675/vision/283-0.02099299430847168.jpg,"flat, cool, glossy",glass
hct/21-1702597768.544675/284-0.02132129669189453.jpg,hct,images/hct/data2/21-1702597768.544675/tactile/284-0.02132129669189453.jpg,images/hct/data2/21-1702597768.544675/vision/284-0.02132129669189453.jpg,"reflective, hard, curved, rigid, smooth",glass
hct/21-1702597768.544675/285-0.0207669734954834.jpg,hct,images/hct/data2/21-1702597768.544675/tactile/285-0.0207669734954834.jpg,images/hct/data2/21-1702597768.544675/vision/285-0.0207669734954834.jpg,"rigid, sleek, matte, hard, cool",glass
hct/21-1702597768.544675/286-0.02096700668334961.jpg,hct,images/hct/data2/21-1702597768.544675/tactile/286-0.02096700668334961.jpg,images/hct/data2/21-1702597768.544675/vision/286-0.02096700668334961.jpg,"matte, solid, flat",glass
hct/21-1702597768.544675/287-0.02251291275024414.jpg,hct,images/hct/data2/21-1702597768.544675/tactile/287-0.02251291275024414.jpg,images/hct/data2/21-1702597768.544675/vision/287-0.02251291275024414.jpg,"glossy, smooth, hard, matte",glass
hct/21-1702597768.544675/288-0.021659135818481445.jpg,hct,images/hct/data2/21-1702597768.544675/tactile/288-0.021659135818481445.jpg,images/hct/data2/21-1702597768.544675/vision/288-0.021659135818481445.jpg,"curved, cool, rigid, glossy, reflective",glass
hct/21-1702597768.544675/289-0.021301984786987305.jpg,hct,images/hct/data2/21-1702597768.544675/tactile/289-0.021301984786987305.jpg,images/hct/data2/21-1702597768.544675/vision/289-0.021301984786987305.jpg,"matte, hard, smooth, flat",glass
hct/21-1702597768.544675/290-0.02089071273803711.jpg,hct,images/hct/data2/21-1702597768.544675/tactile/290-0.02089071273803711.jpg,images/hct/data2/21-1702597768.544675/vision/290-0.02089071273803711.jpg,"sleek, smooth, matte, curved, reflective",glass
hct/21-1702597768.544675/291-0.020641088485717773.jpg,hct,images/hct/data2/21-1702597768.544675/tactile/291-0.020641088485717773.jpg,images/hct/data2/21-1702597768.544675/vision/291-0.020641088485717773.jpg,"smooth, reflective, hard, cool, flat",glass
hct/21-1702597768.544675/292-0.020484209060668945.jpg,hct,images/hct/data2/21-1702597768.544675/tactile/292-0.020484209060668945.jpg,images/hct/data2/21-1702597768.544675/vision/292-0.020484209060668945.jpg,"solid, reflective, sleek",glass
hct/21-1702597768.544675/293-0.021556377410888672.jpg,hct,images/hct/data2/21-1702597768.544675/tactile/293-0.021556377410888672.jpg,images/hct/data2/21-1702597768.544675/vision/293-0.021556377410888672.jpg,"curved, cool, sleek, hard",glass
hct/21-1702597768.544675/294-0.02047586441040039.jpg,hct,images/hct/data2/21-1702597768.544675/tactile/294-0.02047586441040039.jpg,images/hct/data2/21-1702597768.544675/vision/294-0.02047586441040039.jpg,"cool, rigid, solid, sleek",glass
hct/21-1702597768.544675/295-0.022003173828125.jpg,hct,images/hct/data2/21-1702597768.544675/tactile/295-0.022003173828125.jpg,images/hct/data2/21-1702597768.544675/vision/295-0.022003173828125.jpg,"reflective, smooth, cool, flat",glass
hct/21-1702597768.544675/296-0.022020816802978516.jpg,hct,images/hct/data2/21-1702597768.544675/tactile/296-0.022020816802978516.jpg,images/hct/data2/21-1702597768.544675/vision/296-0.022020816802978516.jpg,"rigid, hard, smooth, glossy, curved",glass
hct/21-1702597768.544675/297-0.02101302146911621.jpg,hct,images/hct/data2/21-1702597768.544675/tactile/297-0.02101302146911621.jpg,images/hct/data2/21-1702597768.544675/vision/297-0.02101302146911621.jpg,"rigid, glossy, smooth, cool",glass
hct/21-1702597768.544675/298-0.021316051483154297.jpg,hct,images/hct/data2/21-1702597768.544675/tactile/298-0.021316051483154297.jpg,images/hct/data2/21-1702597768.544675/vision/298-0.021316051483154297.jpg,"sleek, cool, smooth, hard, matte",glass
hct/21-1702597768.544675/299-0.02103877067565918.jpg,hct,images/hct/data2/21-1702597768.544675/tactile/299-0.02103877067565918.jpg,images/hct/data2/21-1702597768.544675/vision/299-0.02103877067565918.jpg,"solid, cool, curved, matte",glass
hct/21-1702597768.544675/300-0.02000713348388672.jpg,hct,images/hct/data2/21-1702597768.544675/tactile/300-0.02000713348388672.jpg,images/hct/data2/21-1702597768.544675/vision/300-0.02000713348388672.jpg,"curved, cool, matte",glass
hct/21-1702597768.544675/301-0.021524906158447266.jpg,hct,images/hct/data2/21-1702597768.544675/tactile/301-0.021524906158447266.jpg,images/hct/data2/21-1702597768.544675/vision/301-0.021524906158447266.jpg,"solid, cool, hard",glass
hct/21-1702597768.544675/302-0.020555973052978516.jpg,hct,images/hct/data2/21-1702597768.544675/tactile/302-0.020555973052978516.jpg,images/hct/data2/21-1702597768.544675/vision/302-0.020555973052978516.jpg,"matte, curved, sleek",glass
hct/21-1702597768.544675/303-0.020874977111816406.jpg,hct,images/hct/data2/21-1702597768.544675/tactile/303-0.020874977111816406.jpg,images/hct/data2/21-1702597768.544675/vision/303-0.020874977111816406.jpg,"solid, matte, glossy, sleek, flat",glass
hct/21-1702597768.544675/304-0.020936250686645508.jpg,hct,images/hct/data2/21-1702597768.544675/tactile/304-0.020936250686645508.jpg,images/hct/data2/21-1702597768.544675/vision/304-0.020936250686645508.jpg,"smooth, cool, hard, sleek, flat",glass
hct/21-1702597768.544675/305-0.020732879638671875.jpg,hct,images/hct/data2/21-1702597768.544675/tactile/305-0.020732879638671875.jpg,images/hct/data2/21-1702597768.544675/vision/305-0.020732879638671875.jpg,"rigid, curved, glossy, hard, cool",glass
hct/21-1702597768.544675/306-0.020328044891357422.jpg,hct,images/hct/data2/21-1702597768.544675/tactile/306-0.020328044891357422.jpg,images/hct/data2/21-1702597768.544675/vision/306-0.020328044891357422.jpg,"curved, sleek, glossy",glass
hct/21-1702597768.544675/307-0.021044254302978516.jpg,hct,images/hct/data2/21-1702597768.544675/tactile/307-0.021044254302978516.jpg,images/hct/data2/21-1702597768.544675/vision/307-0.021044254302978516.jpg,"cool, curved, reflective, flat, glossy",glass
hct/21-1702597768.544675/308-0.021572113037109375.jpg,hct,images/hct/data2/21-1702597768.544675/tactile/308-0.021572113037109375.jpg,images/hct/data2/21-1702597768.544675/vision/308-0.021572113037109375.jpg,"solid, sleek, smooth, matte",glass
hct/21-1702597768.544675/309-0.02087998390197754.jpg,hct,images/hct/data2/21-1702597768.544675/tactile/309-0.02087998390197754.jpg,images/hct/data2/21-1702597768.544675/vision/309-0.02087998390197754.jpg,"sleek, solid, smooth, reflective",glass
hct/21-1702597768.544675/310-0.021330833435058594.jpg,hct,images/hct/data2/21-1702597768.544675/tactile/310-0.021330833435058594.jpg,images/hct/data2/21-1702597768.544675/vision/310-0.021330833435058594.jpg,"sleek, glossy, smooth, flat",glass
hct/21-1702597768.544675/311-0.02106499671936035.jpg,hct,images/hct/data2/21-1702597768.544675/tactile/311-0.02106499671936035.jpg,images/hct/data2/21-1702597768.544675/vision/311-0.02106499671936035.jpg,"sleek, flat, solid",glass
hct/21-1702597768.544675/312-0.021332979202270508.jpg,hct,images/hct/data2/21-1702597768.544675/tactile/312-0.021332979202270508.jpg,images/hct/data2/21-1702597768.544675/vision/312-0.021332979202270508.jpg,"hard, glossy, matte, sleek",glass
hct/21-1702597768.544675/313-0.020843029022216797.jpg,hct,images/hct/data2/21-1702597768.544675/tactile/313-0.020843029022216797.jpg,images/hct/data2/21-1702597768.544675/vision/313-0.020843029022216797.jpg,"sleek, flat, hard",glass
hct/21-1702597768.544675/314-0.020619869232177734.jpg,hct,images/hct/data2/21-1702597768.544675/tactile/314-0.020619869232177734.jpg,images/hct/data2/21-1702597768.544675/vision/314-0.020619869232177734.jpg,"cool, sleek, solid",glass
hct/21-1702597768.544675/315-0.020702123641967773.jpg,hct,images/hct/data2/21-1702597768.544675/tactile/315-0.020702123641967773.jpg,images/hct/data2/21-1702597768.544675/vision/315-0.020702123641967773.jpg,"solid, sleek, curved, matte, hard",glass
hct/21-1702597768.544675/316-0.02198004722595215.jpg,hct,images/hct/data2/21-1702597768.544675/tactile/316-0.02198004722595215.jpg,images/hct/data2/21-1702597768.544675/vision/316-0.02198004722595215.jpg,"sleek, rigid, reflective, curved, smooth",glass
hct/21-1702597768.544675/317-0.021220922470092773.jpg,hct,images/hct/data2/21-1702597768.544675/tactile/317-0.021220922470092773.jpg,images/hct/data2/21-1702597768.544675/vision/317-0.021220922470092773.jpg,"smooth, hard, cool, flat, reflective",glass
hct/21-1702597768.544675/318-0.020820140838623047.jpg,hct,images/hct/data2/21-1702597768.544675/tactile/318-0.020820140838623047.jpg,images/hct/data2/21-1702597768.544675/vision/318-0.020820140838623047.jpg,"sleek, glossy, reflective, hard, solid",glass
hct/21-1702597768.544675/319-0.02142810821533203.jpg,hct,images/hct/data2/21-1702597768.544675/tactile/319-0.02142810821533203.jpg,images/hct/data2/21-1702597768.544675/vision/319-0.02142810821533203.jpg,"reflective, glossy, smooth",glass
hct/21-1702597768.544675/320-0.02204108238220215.jpg,hct,images/hct/data2/21-1702597768.544675/tactile/320-0.02204108238220215.jpg,images/hct/data2/21-1702597768.544675/vision/320-0.02204108238220215.jpg,"solid, reflective, smooth",glass
hct/21-1702597768.544675/321-0.020648956298828125.jpg,hct,images/hct/data2/21-1702597768.544675/tactile/321-0.020648956298828125.jpg,images/hct/data2/21-1702597768.544675/vision/321-0.020648956298828125.jpg,"matte, hard, smooth, glossy, reflective",glass
hct/21-1702597768.544675/322-0.021558046340942383.jpg,hct,images/hct/data2/21-1702597768.544675/tactile/322-0.021558046340942383.jpg,images/hct/data2/21-1702597768.544675/vision/322-0.021558046340942383.jpg,"hard, flat, glossy",glass
hct/21-1702597768.544675/323-0.021432161331176758.jpg,hct,images/hct/data2/21-1702597768.544675/tactile/323-0.021432161331176758.jpg,images/hct/data2/21-1702597768.544675/vision/323-0.021432161331176758.jpg,"smooth, curved, matte",glass
hct/21-1702597768.544675/324-0.01977705955505371.jpg,hct,images/hct/data2/21-1702597768.544675/tactile/324-0.01977705955505371.jpg,images/hct/data2/21-1702597768.544675/vision/324-0.01977705955505371.jpg,"cool, flat, smooth, hard",glass
hct/21-1702597768.544675/325-0.021463632583618164.jpg,hct,images/hct/data2/21-1702597768.544675/tactile/325-0.021463632583618164.jpg,images/hct/data2/21-1702597768.544675/vision/325-0.021463632583618164.jpg,"rigid, smooth, glossy, sleek",glass
hct/21-1702597768.544675/326-0.021318912506103516.jpg,hct,images/hct/data2/21-1702597768.544675/tactile/326-0.021318912506103516.jpg,images/hct/data2/21-1702597768.544675/vision/326-0.021318912506103516.jpg,"smooth, reflective, hard, cool, sleek",glass
hct/21-1702597768.544675/327-0.021067142486572266.jpg,hct,images/hct/data2/21-1702597768.544675/tactile/327-0.021067142486572266.jpg,images/hct/data2/21-1702597768.544675/vision/327-0.021067142486572266.jpg,"curved, cool, smooth, solid, sleek",glass
hct/21-1702597768.544675/328-0.021190881729125977.jpg,hct,images/hct/data2/21-1702597768.544675/tactile/328-0.021190881729125977.jpg,images/hct/data2/21-1702597768.544675/vision/328-0.021190881729125977.jpg,"matte, rigid, sleek",glass
hct/21-1702597768.544675/329-0.02182602882385254.jpg,hct,images/hct/data2/21-1702597768.544675/tactile/329-0.02182602882385254.jpg,images/hct/data2/21-1702597768.544675/vision/329-0.02182602882385254.jpg,"cool, solid, glossy, flat, hard",glass
hct/21-1702597768.544675/330-0.020465850830078125.jpg,hct,images/hct/data2/21-1702597768.544675/tactile/330-0.020465850830078125.jpg,images/hct/data2/21-1702597768.544675/vision/330-0.020465850830078125.jpg,"hard, glossy, cool, matte, smooth",glass
hct/21-1702597768.544675/331-0.02075982093811035.jpg,hct,images/hct/data2/21-1702597768.544675/tactile/331-0.02075982093811035.jpg,images/hct/data2/21-1702597768.544675/vision/331-0.02075982093811035.jpg,"hard, rigid, solid",glass
hct/21-1702597768.544675/332-0.02155780792236328.jpg,hct,images/hct/data2/21-1702597768.544675/tactile/332-0.02155780792236328.jpg,images/hct/data2/21-1702597768.544675/vision/332-0.02155780792236328.jpg,"hard, reflective, glossy",glass
hct/21-1702597768.544675/333-0.02143406867980957.jpg,hct,images/hct/data2/21-1702597768.544675/tactile/333-0.02143406867980957.jpg,images/hct/data2/21-1702597768.544675/vision/333-0.02143406867980957.jpg,"smooth, reflective, hard, curved, glossy",glass
hct/21-1702597768.544675/334-0.020580053329467773.jpg,hct,images/hct/data2/21-1702597768.544675/tactile/334-0.020580053329467773.jpg,images/hct/data2/21-1702597768.544675/vision/334-0.020580053329467773.jpg,"smooth, reflective, hard, cool, sleek",glass
hct/21-1702597768.544675/335-0.02127218246459961.jpg,hct,images/hct/data2/21-1702597768.544675/tactile/335-0.02127218246459961.jpg,images/hct/data2/21-1702597768.544675/vision/335-0.02127218246459961.jpg,"curved, sleek, reflective",glass
hct/21-1702597768.544675/336-0.020843982696533203.jpg,hct,images/hct/data2/21-1702597768.544675/tactile/336-0.020843982696533203.jpg,images/hct/data2/21-1702597768.544675/vision/336-0.020843982696533203.jpg,"smooth, sleek, solid",glass
hct/21-1702597768.544675/337-0.020925045013427734.jpg,hct,images/hct/data2/21-1702597768.544675/tactile/337-0.020925045013427734.jpg,images/hct/data2/21-1702597768.544675/vision/337-0.020925045013427734.jpg,"hard, matte, glossy",glass
hct/21-1702597768.544675/338-0.0215301513671875.jpg,hct,images/hct/data2/21-1702597768.544675/tactile/338-0.0215301513671875.jpg,images/hct/data2/21-1702597768.544675/vision/338-0.0215301513671875.jpg,"reflective, flat, curved, solid, glossy",glass
hct/21-1702597768.544675/339-0.020739078521728516.jpg,hct,images/hct/data2/21-1702597768.544675/tactile/339-0.020739078521728516.jpg,images/hct/data2/21-1702597768.544675/vision/339-0.020739078521728516.jpg,"hard, sleek, matte",glass
hct/21-1702597768.544675/340-0.02040886878967285.jpg,hct,images/hct/data2/21-1702597768.544675/tactile/340-0.02040886878967285.jpg,images/hct/data2/21-1702597768.544675/vision/340-0.02040886878967285.jpg,"sleek, matte, solid, glossy, smooth",glass
hct/21-1702597768.544675/341-0.021255970001220703.jpg,hct,images/hct/data2/21-1702597768.544675/tactile/341-0.021255970001220703.jpg,images/hct/data2/21-1702597768.544675/vision/341-0.021255970001220703.jpg,"sleek, matte, hard, curved, solid",glass
hct/21-1702597768.544675/342-0.02126479148864746.jpg,hct,images/hct/data2/21-1702597768.544675/tactile/342-0.02126479148864746.jpg,images/hct/data2/21-1702597768.544675/vision/342-0.02126479148864746.jpg,"solid, sleek, matte, hard",glass
hct/21-1702597768.544675/343-0.02189183235168457.jpg,hct,images/hct/data2/21-1702597768.544675/tactile/343-0.02189183235168457.jpg,images/hct/data2/21-1702597768.544675/vision/343-0.02189183235168457.jpg,"hard, sleek, matte, solid",glass
hct/21-1702597768.544675/344-0.02166604995727539.jpg,hct,images/hct/data2/21-1702597768.544675/tactile/344-0.02166604995727539.jpg,images/hct/data2/21-1702597768.544675/vision/344-0.02166604995727539.jpg,"smooth, hard, rigid, glossy",glass
hct/21-1702597768.544675/345-0.020489931106567383.jpg,hct,images/hct/data2/21-1702597768.544675/tactile/345-0.020489931106567383.jpg,images/hct/data2/21-1702597768.544675/vision/345-0.020489931106567383.jpg,"sleek, hard, cool, flat, smooth",glass
hct/21-1702597768.544675/346-0.022077083587646484.jpg,hct,images/hct/data2/21-1702597768.544675/tactile/346-0.022077083587646484.jpg,images/hct/data2/21-1702597768.544675/vision/346-0.022077083587646484.jpg,"smooth, reflective, hard, cool, sleek",glass
hct/21-1702597768.544675/347-0.021692276000976562.jpg,hct,images/hct/data2/21-1702597768.544675/tactile/347-0.021692276000976562.jpg,images/hct/data2/21-1702597768.544675/vision/347-0.021692276000976562.jpg,"reflective, glossy, solid, smooth, rigid",glass
hct/21-1702597768.544675/348-0.02121901512145996.jpg,hct,images/hct/data2/21-1702597768.544675/tactile/348-0.02121901512145996.jpg,images/hct/data2/21-1702597768.544675/vision/348-0.02121901512145996.jpg,"sleek, rigid, flat, hard, glossy",glass
hct/21-1702597768.544675/349-0.02118515968322754.jpg,hct,images/hct/data2/21-1702597768.544675/tactile/349-0.02118515968322754.jpg,images/hct/data2/21-1702597768.544675/vision/349-0.02118515968322754.jpg,"solid, reflective, cool, flat",glass
hct/21-1702597768.544675/350-0.02168107032775879.jpg,hct,images/hct/data2/21-1702597768.544675/tactile/350-0.02168107032775879.jpg,images/hct/data2/21-1702597768.544675/vision/350-0.02168107032775879.jpg,"solid, rigid, glossy",glass
hct/21-1702597768.544675/351-0.021769285202026367.jpg,hct,images/hct/data2/21-1702597768.544675/tactile/351-0.021769285202026367.jpg,images/hct/data2/21-1702597768.544675/vision/351-0.021769285202026367.jpg,"sleek, rigid, solid, cool, matte",glass
hct/21-1702597768.544675/352-0.022241830825805664.jpg,hct,images/hct/data2/21-1702597768.544675/tactile/352-0.022241830825805664.jpg,images/hct/data2/21-1702597768.544675/vision/352-0.022241830825805664.jpg,"smooth, glossy, reflective, matte",glass
hct/21-1702597768.544675/353-0.020902156829833984.jpg,hct,images/hct/data2/21-1702597768.544675/tactile/353-0.020902156829833984.jpg,images/hct/data2/21-1702597768.544675/vision/353-0.020902156829833984.jpg,"hard, cool, glossy",glass
hct/21-1702597768.544675/354-0.02181100845336914.jpg,hct,images/hct/data2/21-1702597768.544675/tactile/354-0.02181100845336914.jpg,images/hct/data2/21-1702597768.544675/vision/354-0.02181100845336914.jpg,"smooth, solid, reflective, matte",glass
hct/21-1702597768.544675/355-0.0202176570892334.jpg,hct,images/hct/data2/21-1702597768.544675/tactile/355-0.0202176570892334.jpg,images/hct/data2/21-1702597768.544675/vision/355-0.0202176570892334.jpg,"smooth, hard, cool, sleek, matte",glass
hct/21-1702597768.544675/356-0.021036863327026367.jpg,hct,images/hct/data2/21-1702597768.544675/tactile/356-0.021036863327026367.jpg,images/hct/data2/21-1702597768.544675/vision/356-0.021036863327026367.jpg,"cool, hard, flat, matte",glass
hct/21-1702597768.544675/357-0.022042036056518555.jpg,hct,images/hct/data2/21-1702597768.544675/tactile/357-0.022042036056518555.jpg,images/hct/data2/21-1702597768.544675/vision/357-0.022042036056518555.jpg,"flat, matte, hard, curved",glass
hct/21-1702597768.544675/358-0.021169185638427734.jpg,hct,images/hct/data2/21-1702597768.544675/tactile/358-0.021169185638427734.jpg,images/hct/data2/21-1702597768.544675/vision/358-0.021169185638427734.jpg,"smooth, reflective, curved, glossy, rigid",glass
hct/21-1702597768.544675/359-0.02118992805480957.jpg,hct,images/hct/data2/21-1702597768.544675/tactile/359-0.02118992805480957.jpg,images/hct/data2/21-1702597768.544675/vision/359-0.02118992805480957.jpg,"smooth, flat, cool",glass
hct/21-1702597768.544675/360-0.021475791931152344.jpg,hct,images/hct/data2/21-1702597768.544675/tactile/360-0.021475791931152344.jpg,images/hct/data2/21-1702597768.544675/vision/360-0.021475791931152344.jpg,"solid, reflective, sleek",glass
hct/21-1702597768.544675/361-0.02094101905822754.jpg,hct,images/hct/data2/21-1702597768.544675/tactile/361-0.02094101905822754.jpg,images/hct/data2/21-1702597768.544675/vision/361-0.02094101905822754.jpg,"matte, reflective, hard, curved, sleek",glass
hct/21-1702597768.544675/362-0.0200350284576416.jpg,hct,images/hct/data2/21-1702597768.544675/tactile/362-0.0200350284576416.jpg,images/hct/data2/21-1702597768.544675/vision/362-0.0200350284576416.jpg,"curved, reflective, cool, flat",glass
hct/21-1702597768.544675/363-0.020013093948364258.jpg,hct,images/hct/data2/21-1702597768.544675/tactile/363-0.020013093948364258.jpg,images/hct/data2/21-1702597768.544675/vision/363-0.020013093948364258.jpg,"hard, rigid, smooth",glass
hct/21-1702597768.544675/364-0.021471023559570312.jpg,hct,images/hct/data2/21-1702597768.544675/tactile/364-0.021471023559570312.jpg,images/hct/data2/21-1702597768.544675/vision/364-0.021471023559570312.jpg,"smooth, sleek, glossy, flat, solid",glass
hct/21-1702597768.544675/365-0.020480871200561523.jpg,hct,images/hct/data2/21-1702597768.544675/tactile/365-0.020480871200561523.jpg,images/hct/data2/21-1702597768.544675/vision/365-0.020480871200561523.jpg,"smooth, reflective, hard, cool, sleek",glass
hct/21-1702597768.544675/366-0.022558927536010742.jpg,hct,images/hct/data2/21-1702597768.544675/tactile/366-0.022558927536010742.jpg,images/hct/data2/21-1702597768.544675/vision/366-0.022558927536010742.jpg,"rigid, cool, curved",glass
hct/21-1702597768.544675/367-0.021731853485107422.jpg,hct,images/hct/data2/21-1702597768.544675/tactile/367-0.021731853485107422.jpg,images/hct/data2/21-1702597768.544675/vision/367-0.021731853485107422.jpg,"curved, flat, sleek, rigid",glass
hct/21-1702597768.544675/368-0.020980119705200195.jpg,hct,images/hct/data2/21-1702597768.544675/tactile/368-0.020980119705200195.jpg,images/hct/data2/21-1702597768.544675/vision/368-0.020980119705200195.jpg,"smooth, flat, hard, cool, matte",glass
hct/21-1702597768.544675/369-0.020860910415649414.jpg,hct,images/hct/data2/21-1702597768.544675/tactile/369-0.020860910415649414.jpg,images/hct/data2/21-1702597768.544675/vision/369-0.020860910415649414.jpg,"curved, smooth, cool, flat",glass
hct/21-1702597768.544675/370-0.02069401741027832.jpg,hct,images/hct/data2/21-1702597768.544675/tactile/370-0.02069401741027832.jpg,images/hct/data2/21-1702597768.544675/vision/370-0.02069401741027832.jpg,"hard, reflective, cool",glass
hct/21-1702597768.544675/371-0.02049422264099121.jpg,hct,images/hct/data2/21-1702597768.544675/tactile/371-0.02049422264099121.jpg,images/hct/data2/21-1702597768.544675/vision/371-0.02049422264099121.jpg,"solid, hard, rigid, sleek, curved",glass
hct/21-1702597768.544675/372-0.021603107452392578.jpg,hct,images/hct/data2/21-1702597768.544675/tactile/372-0.021603107452392578.jpg,images/hct/data2/21-1702597768.544675/vision/372-0.021603107452392578.jpg,"flat, glossy, rigid, smooth",glass
hct/21-1702597768.544675/373-0.020961761474609375.jpg,hct,images/hct/data2/21-1702597768.544675/tactile/373-0.020961761474609375.jpg,images/hct/data2/21-1702597768.544675/vision/373-0.020961761474609375.jpg,"smooth, reflective, hard, cool, sleek",glass
hct/21-1702597768.544675/374-0.02108597755432129.jpg,hct,images/hct/data2/21-1702597768.544675/tactile/374-0.02108597755432129.jpg,images/hct/data2/21-1702597768.544675/vision/374-0.02108597755432129.jpg,"matte, rigid, flat, cool",glass
hct/21-1702597768.544675/375-0.02107381820678711.jpg,hct,images/hct/data2/21-1702597768.544675/tactile/375-0.02107381820678711.jpg,images/hct/data2/21-1702597768.544675/vision/375-0.02107381820678711.jpg,"hard, cool, glossy, smooth",glass
hct/21-1702597768.544675/376-0.021311283111572266.jpg,hct,images/hct/data2/21-1702597768.544675/tactile/376-0.021311283111572266.jpg,images/hct/data2/21-1702597768.544675/vision/376-0.021311283111572266.jpg,"sleek, reflective, curved",glass
hct/21-1702597768.544675/377-0.02117013931274414.jpg,hct,images/hct/data2/21-1702597768.544675/tactile/377-0.02117013931274414.jpg,images/hct/data2/21-1702597768.544675/vision/377-0.02117013931274414.jpg,"curved, flat, rigid, glossy, sleek",glass
hct/21-1702597768.544675/378-0.02115917205810547.jpg,hct,images/hct/data2/21-1702597768.544675/tactile/378-0.02115917205810547.jpg,images/hct/data2/21-1702597768.544675/vision/378-0.02115917205810547.jpg,"smooth, flat, hard, cool, matte",glass
hct/21-1702597768.544675/379-0.02045893669128418.jpg,hct,images/hct/data2/21-1702597768.544675/tactile/379-0.02045893669128418.jpg,images/hct/data2/21-1702597768.544675/vision/379-0.02045893669128418.jpg,"sleek, matte, cool, rigid",glass
hct/21-1702597768.544675/380-0.02060985565185547.jpg,hct,images/hct/data2/21-1702597768.544675/tactile/380-0.02060985565185547.jpg,images/hct/data2/21-1702597768.544675/vision/380-0.02060985565185547.jpg,"solid, cool, rigid, hard",glass
hct/21-1702597768.544675/381-0.021624088287353516.jpg,hct,images/hct/data2/21-1702597768.544675/tactile/381-0.021624088287353516.jpg,images/hct/data2/21-1702597768.544675/vision/381-0.021624088287353516.jpg,"matte, smooth, curved, reflective, rigid",glass
hct/21-1702597768.544675/382-0.020853042602539062.jpg,hct,images/hct/data2/21-1702597768.544675/tactile/382-0.020853042602539062.jpg,images/hct/data2/21-1702597768.544675/vision/382-0.020853042602539062.jpg,"smooth, sleek, hard",glass
hct/21-1702597768.544675/383-0.021447181701660156.jpg,hct,images/hct/data2/21-1702597768.544675/tactile/383-0.021447181701660156.jpg,images/hct/data2/21-1702597768.544675/vision/383-0.021447181701660156.jpg,"reflective, rigid, curved, cool, hard",glass
hct/21-1702597768.544675/384-0.0208280086517334.jpg,hct,images/hct/data2/21-1702597768.544675/tactile/384-0.0208280086517334.jpg,images/hct/data2/21-1702597768.544675/vision/384-0.0208280086517334.jpg,"sleek, curved, glossy",glass
hct/21-1702597768.544675/385-0.021075010299682617.jpg,hct,images/hct/data2/21-1702597768.544675/tactile/385-0.021075010299682617.jpg,images/hct/data2/21-1702597768.544675/vision/385-0.021075010299682617.jpg,"rigid, curved, sleek, glossy",glass
hct/21-1702597768.544675/386-0.02074718475341797.jpg,hct,images/hct/data2/21-1702597768.544675/tactile/386-0.02074718475341797.jpg,images/hct/data2/21-1702597768.544675/vision/386-0.02074718475341797.jpg,"solid, smooth, matte",glass
hct/21-1702597768.544675/387-0.021142005920410156.jpg,hct,images/hct/data2/21-1702597768.544675/tactile/387-0.021142005920410156.jpg,images/hct/data2/21-1702597768.544675/vision/387-0.021142005920410156.jpg,"smooth, hard, cool, flat, reflective",glass
hct/21-1702597768.544675/388-0.02100515365600586.jpg,hct,images/hct/data2/21-1702597768.544675/tactile/388-0.02100515365600586.jpg,images/hct/data2/21-1702597768.544675/vision/388-0.02100515365600586.jpg,"smooth, reflective, solid, flat",glass
hct/21-1702597768.544675/390-0.021079063415527344.jpg,hct,images/hct/data2/21-1702597768.544675/tactile/390-0.021079063415527344.jpg,images/hct/data2/21-1702597768.544675/vision/390-0.021079063415527344.jpg,"cool, curved, matte",glass
hct/21-1702597768.544675/391-0.0205841064453125.jpg,hct,images/hct/data2/21-1702597768.544675/tactile/391-0.0205841064453125.jpg,images/hct/data2/21-1702597768.544675/vision/391-0.0205841064453125.jpg,"solid, smooth, glossy, cool, rigid",glass
hct/21-1702597768.544675/392-0.02065420150756836.jpg,hct,images/hct/data2/21-1702597768.544675/tactile/392-0.02065420150756836.jpg,images/hct/data2/21-1702597768.544675/vision/392-0.02065420150756836.jpg,"glossy, matte, sleek, reflective",glass
hct/21-1702597768.544675/393-0.02083897590637207.jpg,hct,images/hct/data2/21-1702597768.544675/tactile/393-0.02083897590637207.jpg,images/hct/data2/21-1702597768.544675/vision/393-0.02083897590637207.jpg,"smooth, flat, hard, cool, matte",glass
hct/21-1702597768.544675/394-0.020824909210205078.jpg,hct,images/hct/data2/21-1702597768.544675/tactile/394-0.020824909210205078.jpg,images/hct/data2/21-1702597768.544675/vision/394-0.020824909210205078.jpg,"matte, flat, curved, glossy, hard",glass
hct/21-1702597768.544675/395-0.02141118049621582.jpg,hct,images/hct/data2/21-1702597768.544675/tactile/395-0.02141118049621582.jpg,images/hct/data2/21-1702597768.544675/vision/395-0.02141118049621582.jpg,"matte, rigid, curved",glass
hct/21-1702597768.544675/396-0.020418643951416016.jpg,hct,images/hct/data2/21-1702597768.544675/tactile/396-0.020418643951416016.jpg,images/hct/data2/21-1702597768.544675/vision/396-0.020418643951416016.jpg,"matte, glossy, hard, sleek, reflective",glass
hct/21-1702597768.544675/397-0.020586729049682617.jpg,hct,images/hct/data2/21-1702597768.544675/tactile/397-0.020586729049682617.jpg,images/hct/data2/21-1702597768.544675/vision/397-0.020586729049682617.jpg,"sleek, hard, cool, flat",glass
hct/21-1702597768.544675/398-0.021745920181274414.jpg,hct,images/hct/data2/21-1702597768.544675/tactile/398-0.021745920181274414.jpg,images/hct/data2/21-1702597768.544675/vision/398-0.021745920181274414.jpg,"matte, rigid, glossy, curved, sleek",glass
hct/21-1702597768.544675/399-0.021055936813354492.jpg,hct,images/hct/data2/21-1702597768.544675/tactile/399-0.021055936813354492.jpg,images/hct/data2/21-1702597768.544675/vision/399-0.021055936813354492.jpg,"flat, solid, glossy, cool",glass
hct/21-1702597768.544675/400-0.020300865173339844.jpg,hct,images/hct/data2/21-1702597768.544675/tactile/400-0.020300865173339844.jpg,images/hct/data2/21-1702597768.544675/vision/400-0.020300865173339844.jpg,"cool, hard, solid, rigid",glass
hct/21-1702597768.544675/401-0.020493745803833008.jpg,hct,images/hct/data2/21-1702597768.544675/tactile/401-0.020493745803833008.jpg,images/hct/data2/21-1702597768.544675/vision/401-0.020493745803833008.jpg,"smooth, reflective, glossy",glass
hct/21-1702597768.544675/402-0.0219879150390625.jpg,hct,images/hct/data2/21-1702597768.544675/tactile/402-0.0219879150390625.jpg,images/hct/data2/21-1702597768.544675/vision/402-0.0219879150390625.jpg,"solid, reflective, matte, glossy, smooth",glass
hct/21-1702597768.544675/403-0.021347761154174805.jpg,hct,images/hct/data2/21-1702597768.544675/tactile/403-0.021347761154174805.jpg,images/hct/data2/21-1702597768.544675/vision/403-0.021347761154174805.jpg,"smooth, reflective, cool, hard",glass
hct/21-1702597768.544675/404-0.020228862762451172.jpg,hct,images/hct/data2/21-1702597768.544675/tactile/404-0.020228862762451172.jpg,images/hct/data2/21-1702597768.544675/vision/404-0.020228862762451172.jpg,"smooth, flat, hard, cool, matte",glass
hct/21-1702597768.544675/405-0.022655248641967773.jpg,hct,images/hct/data2/21-1702597768.544675/tactile/405-0.022655248641967773.jpg,images/hct/data2/21-1702597768.544675/vision/405-0.022655248641967773.jpg,"glossy, smooth, reflective, flat, cool",glass
hct/21-1702597768.544675/406-0.020158052444458008.jpg,hct,images/hct/data2/21-1702597768.544675/tactile/406-0.020158052444458008.jpg,images/hct/data2/21-1702597768.544675/vision/406-0.020158052444458008.jpg,"flat, matte, reflective, solid",glass
hct/21-1702597768.544675/407-0.0210568904876709.jpg,hct,images/hct/data2/21-1702597768.544675/tactile/407-0.0210568904876709.jpg,images/hct/data2/21-1702597768.544675/vision/407-0.0210568904876709.jpg,"reflective, glossy, solid",glass
hct/21-1702597768.544675/408-0.021625041961669922.jpg,hct,images/hct/data2/21-1702597768.544675/tactile/408-0.021625041961669922.jpg,images/hct/data2/21-1702597768.544675/vision/408-0.021625041961669922.jpg,"reflective, sleek, glossy",glass
hct/21-1702597768.544675/409-0.020731210708618164.jpg,hct,images/hct/data2/21-1702597768.544675/tactile/409-0.020731210708618164.jpg,images/hct/data2/21-1702597768.544675/vision/409-0.020731210708618164.jpg,"smooth, rigid, glossy, cool",glass
hct/21-1702597768.544675/410-0.020682096481323242.jpg,hct,images/hct/data2/21-1702597768.544675/tactile/410-0.020682096481323242.jpg,images/hct/data2/21-1702597768.544675/vision/410-0.020682096481323242.jpg,"rigid, smooth, solid, flat, matte",glass
hct/21-1702597768.544675/411-0.021178007125854492.jpg,hct,images/hct/data2/21-1702597768.544675/tactile/411-0.021178007125854492.jpg,images/hct/data2/21-1702597768.544675/vision/411-0.021178007125854492.jpg,"reflective, curved, sleek",glass
hct/21-1702597768.544675/412-0.020967960357666016.jpg,hct,images/hct/data2/21-1702597768.544675/tactile/412-0.020967960357666016.jpg,images/hct/data2/21-1702597768.544675/vision/412-0.020967960357666016.jpg,"matte, hard, rigid, cool",glass
hct/21-1702597768.544675/413-0.02083587646484375.jpg,hct,images/hct/data2/21-1702597768.544675/tactile/413-0.02083587646484375.jpg,images/hct/data2/21-1702597768.544675/vision/413-0.02083587646484375.jpg,"rigid, sleek, flat, cool",glass
hct/21-1702597768.544675/414-0.02062201499938965.jpg,hct,images/hct/data2/21-1702597768.544675/tactile/414-0.02062201499938965.jpg,images/hct/data2/21-1702597768.544675/vision/414-0.02062201499938965.jpg,"smooth, flat, hard, cool, matte",glass
hct/21-1702597768.544675/416-0.022173166275024414.jpg,hct,images/hct/data2/21-1702597768.544675/tactile/416-0.022173166275024414.jpg,images/hct/data2/21-1702597768.544675/vision/416-0.022173166275024414.jpg,"smooth, reflective, hard, cool, flat",glass
hct/21-1702597768.544675/417-0.021879911422729492.jpg,hct,images/hct/data2/21-1702597768.544675/tactile/417-0.021879911422729492.jpg,images/hct/data2/21-1702597768.544675/vision/417-0.021879911422729492.jpg,"cool, hard, sleek",glass
hct/21-1702597768.544675/418-0.020349979400634766.jpg,hct,images/hct/data2/21-1702597768.544675/tactile/418-0.020349979400634766.jpg,images/hct/data2/21-1702597768.544675/vision/418-0.020349979400634766.jpg,"matte, reflective, smooth, curved, rigid",glass
hct/21-1702597768.544675/419-0.021130084991455078.jpg,hct,images/hct/data2/21-1702597768.544675/tactile/419-0.021130084991455078.jpg,images/hct/data2/21-1702597768.544675/vision/419-0.021130084991455078.jpg,"solid, sleek, hard",glass
hct/21-1702597768.544675/420-0.020961999893188477.jpg,hct,images/hct/data2/21-1702597768.544675/tactile/420-0.020961999893188477.jpg,images/hct/data2/21-1702597768.544675/vision/420-0.020961999893188477.jpg,"hard, sleek, rigid, solid, flat",glass
hct/21-1702597768.544675/421-0.02093505859375.jpg,hct,images/hct/data2/21-1702597768.544675/tactile/421-0.02093505859375.jpg,images/hct/data2/21-1702597768.544675/vision/421-0.02093505859375.jpg,"smooth, reflective, hard, cool, flat",glass
hct/21-1702597768.544675/422-0.01980900764465332.jpg,hct,images/hct/data2/21-1702597768.544675/tactile/422-0.01980900764465332.jpg,images/hct/data2/21-1702597768.544675/vision/422-0.01980900764465332.jpg,"matte, cool, rigid",glass
hct/21-1702597768.544675/423-0.021290063858032227.jpg,hct,images/hct/data2/21-1702597768.544675/tactile/423-0.021290063858032227.jpg,images/hct/data2/21-1702597768.544675/vision/423-0.021290063858032227.jpg,"sleek, solid, rigid",glass
hct/21-1702597768.544675/424-0.022335052490234375.jpg,hct,images/hct/data2/21-1702597768.544675/tactile/424-0.022335052490234375.jpg,images/hct/data2/21-1702597768.544675/vision/424-0.022335052490234375.jpg,"reflective, glossy, curved, hard",glass
hct/21-1702597768.544675/425-0.02095317840576172.jpg,hct,images/hct/data2/21-1702597768.544675/tactile/425-0.02095317840576172.jpg,images/hct/data2/21-1702597768.544675/vision/425-0.02095317840576172.jpg,"smooth, flat, solid, matte, cool",glass
hct/21-1702597768.544675/426-0.021404027938842773.jpg,hct,images/hct/data2/21-1702597768.544675/tactile/426-0.021404027938842773.jpg,images/hct/data2/21-1702597768.544675/vision/426-0.021404027938842773.jpg,"flat, rigid, glossy, curved, smooth",glass
hct/21-1702597768.544675/427-0.020604848861694336.jpg,hct,images/hct/data2/21-1702597768.544675/tactile/427-0.020604848861694336.jpg,images/hct/data2/21-1702597768.544675/vision/427-0.020604848861694336.jpg,"glossy, smooth, reflective",glass
hct/21-1702597768.544675/428-0.021589040756225586.jpg,hct,images/hct/data2/21-1702597768.544675/tactile/428-0.021589040756225586.jpg,images/hct/data2/21-1702597768.544675/vision/428-0.021589040756225586.jpg,"smooth, flat, hard, cool, matte",glass
hct/21-1702597768.544675/429-0.021157026290893555.jpg,hct,images/hct/data2/21-1702597768.544675/tactile/429-0.021157026290893555.jpg,images/hct/data2/21-1702597768.544675/vision/429-0.021157026290893555.jpg,"smooth, reflective, sleek, rigid",glass
hct/21-1702597768.544675/430-0.020494937896728516.jpg,hct,images/hct/data2/21-1702597768.544675/tactile/430-0.020494937896728516.jpg,images/hct/data2/21-1702597768.544675/vision/430-0.020494937896728516.jpg,"matte, hard, smooth",glass
hct/21-1702597768.544675/431-0.021060943603515625.jpg,hct,images/hct/data2/21-1702597768.544675/tactile/431-0.021060943603515625.jpg,images/hct/data2/21-1702597768.544675/vision/431-0.021060943603515625.jpg,"hard, glossy, cool, matte, smooth",glass
hct/21-1702597768.544675/432-0.02005290985107422.jpg,hct,images/hct/data2/21-1702597768.544675/tactile/432-0.02005290985107422.jpg,images/hct/data2/21-1702597768.544675/vision/432-0.02005290985107422.jpg,"reflective, smooth, curved, rigid, flat",glass
hct/21-1702597768.544675/433-0.02008509635925293.jpg,hct,images/hct/data2/21-1702597768.544675/tactile/433-0.02008509635925293.jpg,images/hct/data2/21-1702597768.544675/vision/433-0.02008509635925293.jpg,"matte, curved, hard, solid",glass
hct/21-1702597768.544675/434-0.022274017333984375.jpg,hct,images/hct/data2/21-1702597768.544675/tactile/434-0.022274017333984375.jpg,images/hct/data2/21-1702597768.544675/vision/434-0.022274017333984375.jpg,"curved, sleek, hard",glass
hct/21-1702597768.544675/435-0.02235579490661621.jpg,hct,images/hct/data2/21-1702597768.544675/tactile/435-0.02235579490661621.jpg,images/hct/data2/21-1702597768.544675/vision/435-0.02235579490661621.jpg,"curved, glossy, hard, smooth, cool",glass
hct/21-1702597768.544675/436-0.020293712615966797.jpg,hct,images/hct/data2/21-1702597768.544675/tactile/436-0.020293712615966797.jpg,images/hct/data2/21-1702597768.544675/vision/436-0.020293712615966797.jpg,"curved, hard, rigid, reflective, flat",glass
hct/21-1702597768.544675/437-0.02091383934020996.jpg,hct,images/hct/data2/21-1702597768.544675/tactile/437-0.02091383934020996.jpg,images/hct/data2/21-1702597768.544675/vision/437-0.02091383934020996.jpg,"glossy, matte, cool, rigid",glass
hct/21-1702597768.544675/440-0.021071910858154297.jpg,hct,images/hct/data2/21-1702597768.544675/tactile/440-0.021071910858154297.jpg,images/hct/data2/21-1702597768.544675/vision/440-0.021071910858154297.jpg,"rigid, reflective, hard",glass
hct/21-1702597768.544675/441-0.0209200382232666.jpg,hct,images/hct/data2/21-1702597768.544675/tactile/441-0.0209200382232666.jpg,images/hct/data2/21-1702597768.544675/vision/441-0.0209200382232666.jpg,"cool, rigid, flat, curved",glass
hct/21-1702597768.544675/442-0.020613908767700195.jpg,hct,images/hct/data2/21-1702597768.544675/tactile/442-0.020613908767700195.jpg,images/hct/data2/21-1702597768.544675/vision/442-0.020613908767700195.jpg,"sleek, matte, cool, hard",glass
hct/21-1702597768.544675/443-0.021008729934692383.jpg,hct,images/hct/data2/21-1702597768.544675/tactile/443-0.021008729934692383.jpg,images/hct/data2/21-1702597768.544675/vision/443-0.021008729934692383.jpg,"reflective, sleek, glossy, smooth, cool",glass
hct/21-1702597768.544675/444-0.02066802978515625.jpg,hct,images/hct/data2/21-1702597768.544675/tactile/444-0.02066802978515625.jpg,images/hct/data2/21-1702597768.544675/vision/444-0.02066802978515625.jpg,"reflective, curved, glossy, hard",glass
hct/21-1702597768.544675/445-0.020306110382080078.jpg,hct,images/hct/data2/21-1702597768.544675/tactile/445-0.020306110382080078.jpg,images/hct/data2/21-1702597768.544675/vision/445-0.020306110382080078.jpg,"rigid, glossy, reflective, curved",glass
hct/21-1702597768.544675/446-0.020470142364501953.jpg,hct,images/hct/data2/21-1702597768.544675/tactile/446-0.020470142364501953.jpg,images/hct/data2/21-1702597768.544675/vision/446-0.020470142364501953.jpg,"smooth, flat, solid, cool, matte",glass
hct/21-1702597768.544675/447-0.02051687240600586.jpg,hct,images/hct/data2/21-1702597768.544675/tactile/447-0.02051687240600586.jpg,images/hct/data2/21-1702597768.544675/vision/447-0.02051687240600586.jpg,"cool, reflective, solid, curved, sleek",glass
hct/21-1702598340.52235/1010-0.022099971771240234.jpg,hct,images/hct/data2/21-1702598340.52235/tactile/1010-0.022099971771240234.jpg,images/hct/data2/21-1702598340.52235/vision/1010-0.022099971771240234.jpg,"textured, uneven., firm, speckled, gritty",marble
hct/21-1702598340.52235/1011-0.021491050720214844.jpg,hct,images/hct/data2/21-1702598340.52235/tactile/1011-0.021491050720214844.jpg,images/hct/data2/21-1702598340.52235/vision/1011-0.021491050720214844.jpg,"gritty, textured, speckled",marble
hct/21-1702598340.52235/1012-0.021420001983642578.jpg,hct,images/hct/data2/21-1702598340.52235/tactile/1012-0.021420001983642578.jpg,images/hct/data2/21-1702598340.52235/vision/1012-0.021420001983642578.jpg,"speckled, firm, uneven., textured",marble
hct/21-1702598340.52235/1013-0.021836042404174805.jpg,hct,images/hct/data2/21-1702598340.52235/tactile/1013-0.021836042404174805.jpg,images/hct/data2/21-1702598340.52235/vision/1013-0.021836042404174805.jpg,"gritty, firm, speckled, textured",marble
hct/21-1702598340.52235/1014-0.021731138229370117.jpg,hct,images/hct/data2/21-1702598340.52235/tactile/1014-0.021731138229370117.jpg,images/hct/data2/21-1702598340.52235/vision/1014-0.021731138229370117.jpg,"speckled, firm, gritty",marble
hct/21-1702598340.52235/1015-0.021846771240234375.jpg,hct,images/hct/data2/21-1702598340.52235/tactile/1015-0.021846771240234375.jpg,images/hct/data2/21-1702598340.52235/vision/1015-0.021846771240234375.jpg,"firm, uneven., speckled, gritty, textured",marble
hct/21-1702598340.52235/1016-0.02091693878173828.jpg,hct,images/hct/data2/21-1702598340.52235/tactile/1016-0.02091693878173828.jpg,images/hct/data2/21-1702598340.52235/vision/1016-0.02091693878173828.jpg,"speckled, gritty, textured, uneven.",marble
hct/21-1702598340.52235/1017-0.02126598358154297.jpg,hct,images/hct/data2/21-1702598340.52235/tactile/1017-0.02126598358154297.jpg,images/hct/data2/21-1702598340.52235/vision/1017-0.02126598358154297.jpg,"uneven., firm, gritty, textured",marble
hct/21-1702598340.52235/1018-0.021341323852539062.jpg,hct,images/hct/data2/21-1702598340.52235/tactile/1018-0.021341323852539062.jpg,images/hct/data2/21-1702598340.52235/vision/1018-0.021341323852539062.jpg,"uneven., speckled, firm, gritty, textured",marble
hct/21-1702598340.52235/1019-0.02301478385925293.jpg,hct,images/hct/data2/21-1702598340.52235/tactile/1019-0.02301478385925293.jpg,images/hct/data2/21-1702598340.52235/vision/1019-0.02301478385925293.jpg,"textured, gritty, firm, speckled, uneven.",marble
hct/21-1702598340.52235/1020-0.02269601821899414.jpg,hct,images/hct/data2/21-1702598340.52235/tactile/1020-0.02269601821899414.jpg,images/hct/data2/21-1702598340.52235/vision/1020-0.02269601821899414.jpg,"textured, firm, gritty, speckled, uneven.",marble
hct/21-1702598340.52235/1021-0.021588802337646484.jpg,hct,images/hct/data2/21-1702598340.52235/tactile/1021-0.021588802337646484.jpg,images/hct/data2/21-1702598340.52235/vision/1021-0.021588802337646484.jpg,"gritty, firm, speckled, textured, uneven.",marble
hct/21-1702598340.52235/1022-0.02159738540649414.jpg,hct,images/hct/data2/21-1702598340.52235/tactile/1022-0.02159738540649414.jpg,images/hct/data2/21-1702598340.52235/vision/1022-0.02159738540649414.jpg,"firm, speckled, textured, gritty, uneven.",marble
hct/21-1702598340.52235/1023-0.021585941314697266.jpg,hct,images/hct/data2/21-1702598340.52235/tactile/1023-0.021585941314697266.jpg,images/hct/data2/21-1702598340.52235/vision/1023-0.021585941314697266.jpg,"uneven., textured, gritty",marble
hct/28-1702597081.044408/100-0.022013187408447266.jpg,hct,images/hct/data2/28-1702597081.044408/tactile/100-0.022013187408447266.jpg,images/hct/data2/28-1702597081.044408/vision/100-0.022013187408447266.jpg,"sleek, glossy, plastic, slippery",coin
hct/28-1702597081.044408/102-0.024025917053222656.jpg,hct,images/hct/data2/28-1702597081.044408/tactile/102-0.024025917053222656.jpg,images/hct/data2/28-1702597081.044408/vision/102-0.024025917053222656.jpg,"reflective, flat, smooth, plastic, glossy",coin
hct/28-1702597081.044408/103-0.021226882934570312.jpg,hct,images/hct/data2/28-1702597081.044408/tactile/103-0.021226882934570312.jpg,images/hct/data2/28-1702597081.044408/vision/103-0.021226882934570312.jpg,"smooth, slippery, sleek",coin
hct/28-1702597081.044408/104-0.02145695686340332.jpg,hct,images/hct/data2/28-1702597081.044408/tactile/104-0.02145695686340332.jpg,images/hct/data2/28-1702597081.044408/vision/104-0.02145695686340332.jpg,"plastic, hard, slick, slippery",coin
hct/28-1702597081.044408/105-0.021905899047851562.jpg,hct,images/hct/data2/28-1702597081.044408/tactile/105-0.021905899047851562.jpg,images/hct/data2/28-1702597081.044408/vision/105-0.021905899047851562.jpg,"smooth, hard, slippery, cool, reflective",coin
hct/28-1702597081.044408/106-0.021567821502685547.jpg,hct,images/hct/data2/28-1702597081.044408/tactile/106-0.021567821502685547.jpg,images/hct/data2/28-1702597081.044408/vision/106-0.021567821502685547.jpg,"smooth, hard, slick, cool, plastic",coin
hct/28-1702597081.044408/107-0.02248072624206543.jpg,hct,images/hct/data2/28-1702597081.044408/tactile/107-0.02248072624206543.jpg,images/hct/data2/28-1702597081.044408/vision/107-0.02248072624206543.jpg,"smooth, hard, slippery, cool, reflective",coin
hct/28-1702597081.044408/108-0.02080702781677246.jpg,hct,images/hct/data2/28-1702597081.044408/tactile/108-0.02080702781677246.jpg,images/hct/data2/28-1702597081.044408/vision/108-0.02080702781677246.jpg,"cool, hard, smooth, plastic",coin
hct/28-1702597081.044408/109-0.02112269401550293.jpg,hct,images/hct/data2/28-1702597081.044408/tactile/109-0.02112269401550293.jpg,images/hct/data2/28-1702597081.044408/vision/109-0.02112269401550293.jpg,"glossy, sleek, reflective",coin
hct/28-1702597081.044408/110-0.021190166473388672.jpg,hct,images/hct/data2/28-1702597081.044408/tactile/110-0.021190166473388672.jpg,images/hct/data2/28-1702597081.044408/vision/110-0.021190166473388672.jpg,"smooth, plastic, flat, slick, glossy",coin
hct/28-1702597081.044408/111-0.02260875701904297.jpg,hct,images/hct/data2/28-1702597081.044408/tactile/111-0.02260875701904297.jpg,images/hct/data2/28-1702597081.044408/vision/111-0.02260875701904297.jpg,"glossy, flat, smooth, hard, cool",coin
hct/28-1702597081.044408/112-0.020789146423339844.jpg,hct,images/hct/data2/28-1702597081.044408/tactile/112-0.020789146423339844.jpg,images/hct/data2/28-1702597081.044408/vision/112-0.020789146423339844.jpg,"plastic, glossy, smooth, sleek",coin
hct/28-1702597081.044408/113-0.02265477180480957.jpg,hct,images/hct/data2/28-1702597081.044408/tactile/113-0.02265477180480957.jpg,images/hct/data2/28-1702597081.044408/vision/113-0.02265477180480957.jpg,"plastic, cool, hard, flat, glossy",coin
hct/28-1702597081.044408/114-0.021939992904663086.jpg,hct,images/hct/data2/28-1702597081.044408/tactile/114-0.021939992904663086.jpg,images/hct/data2/28-1702597081.044408/vision/114-0.021939992904663086.jpg,"smooth, flat, plastic",coin
hct/28-1702597081.044408/115-0.021752119064331055.jpg,hct,images/hct/data2/28-1702597081.044408/tactile/115-0.021752119064331055.jpg,images/hct/data2/28-1702597081.044408/vision/115-0.021752119064331055.jpg,"smooth, hard, slippery, cool, reflective",coin
hct/28-1702597081.044408/116-0.02159881591796875.jpg,hct,images/hct/data2/28-1702597081.044408/tactile/116-0.02159881591796875.jpg,images/hct/data2/28-1702597081.044408/vision/116-0.02159881591796875.jpg,"smooth, reflective, hard, slick, plastic",coin
hct/28-1702597081.044408/117-0.02160501480102539.jpg,hct,images/hct/data2/28-1702597081.044408/tactile/117-0.02160501480102539.jpg,images/hct/data2/28-1702597081.044408/vision/117-0.02160501480102539.jpg,"slick, cool, hard, smooth",coin
hct/28-1702597081.044408/118-0.020932912826538086.jpg,hct,images/hct/data2/28-1702597081.044408/tactile/118-0.020932912826538086.jpg,images/hct/data2/28-1702597081.044408/vision/118-0.020932912826538086.jpg,"cool, smooth, plastic, flat, slippery",coin
hct/28-1702597081.044408/119-0.02066802978515625.jpg,hct,images/hct/data2/28-1702597081.044408/tactile/119-0.02066802978515625.jpg,images/hct/data2/28-1702597081.044408/vision/119-0.02066802978515625.jpg,"smooth, reflective, hard, slick, plastic",coin
hct/28-1702597081.044408/120-0.02142786979675293.jpg,hct,images/hct/data2/28-1702597081.044408/tactile/120-0.02142786979675293.jpg,images/hct/data2/28-1702597081.044408/vision/120-0.02142786979675293.jpg,"hard, plastic, reflective, smooth, slippery",coin
hct/28-1702597081.044408/121-0.02116227149963379.jpg,hct,images/hct/data2/28-1702597081.044408/tactile/121-0.02116227149963379.jpg,images/hct/data2/28-1702597081.044408/vision/121-0.02116227149963379.jpg,"slippery, slick, flat",coin
hct/28-1702597081.044408/122-0.021953105926513672.jpg,hct,images/hct/data2/28-1702597081.044408/tactile/122-0.021953105926513672.jpg,images/hct/data2/28-1702597081.044408/vision/122-0.021953105926513672.jpg,"reflective, slick, hard",coin
hct/28-1702597081.044408/123-0.021126747131347656.jpg,hct,images/hct/data2/28-1702597081.044408/tactile/123-0.021126747131347656.jpg,images/hct/data2/28-1702597081.044408/vision/123-0.021126747131347656.jpg,"smooth, hard, slippery, cool, reflective",coin
hct/28-1702597081.044408/124-0.021082162857055664.jpg,hct,images/hct/data2/28-1702597081.044408/tactile/124-0.021082162857055664.jpg,images/hct/data2/28-1702597081.044408/vision/124-0.021082162857055664.jpg,"smooth, hard, slippery, cool, reflective",coin
hct/28-1702597081.044408/125-0.0218198299407959.jpg,hct,images/hct/data2/28-1702597081.044408/tactile/125-0.0218198299407959.jpg,images/hct/data2/28-1702597081.044408/vision/125-0.0218198299407959.jpg,"slippery, plastic, sleek",coin
hct/28-1702597081.044408/126-0.022375822067260742.jpg,hct,images/hct/data2/28-1702597081.044408/tactile/126-0.022375822067260742.jpg,images/hct/data2/28-1702597081.044408/vision/126-0.022375822067260742.jpg,"glossy, sleek, plastic",coin
hct/28-1702597081.044408/127-0.021571874618530273.jpg,hct,images/hct/data2/28-1702597081.044408/tactile/127-0.021571874618530273.jpg,images/hct/data2/28-1702597081.044408/vision/127-0.021571874618530273.jpg,"slippery, smooth, reflective",coin
hct/28-1702597081.044408/128-0.020277976989746094.jpg,hct,images/hct/data2/28-1702597081.044408/tactile/128-0.020277976989746094.jpg,images/hct/data2/28-1702597081.044408/vision/128-0.020277976989746094.jpg,"plastic, sleek, glossy, smooth",coin
hct/28-1702597081.044408/129-0.0222930908203125.jpg,hct,images/hct/data2/28-1702597081.044408/tactile/129-0.0222930908203125.jpg,images/hct/data2/28-1702597081.044408/vision/129-0.0222930908203125.jpg,"slick, cool, flat",coin
hct/28-1702597081.044408/130-0.021455049514770508.jpg,hct,images/hct/data2/28-1702597081.044408/tactile/130-0.021455049514770508.jpg,images/hct/data2/28-1702597081.044408/vision/130-0.021455049514770508.jpg,"slippery, slick, cool, smooth, plastic",coin
hct/28-1702597081.044408/131-0.020606040954589844.jpg,hct,images/hct/data2/28-1702597081.044408/tactile/131-0.020606040954589844.jpg,images/hct/data2/28-1702597081.044408/vision/131-0.020606040954589844.jpg,"cool, flat, slick, hard, sleek",coin
hct/28-1702597081.044408/132-0.020727157592773438.jpg,hct,images/hct/data2/28-1702597081.044408/tactile/132-0.020727157592773438.jpg,images/hct/data2/28-1702597081.044408/vision/132-0.020727157592773438.jpg,"hard, sleek, smooth",coin
hct/28-1702597081.044408/133-0.0214841365814209.jpg,hct,images/hct/data2/28-1702597081.044408/tactile/133-0.0214841365814209.jpg,images/hct/data2/28-1702597081.044408/vision/133-0.0214841365814209.jpg,"sleek, slick, plastic",coin
hct/28-1702597081.044408/134-0.02188706398010254.jpg,hct,images/hct/data2/28-1702597081.044408/tactile/134-0.02188706398010254.jpg,images/hct/data2/28-1702597081.044408/vision/134-0.02188706398010254.jpg,"hard, glossy, slippery",coin
hct/28-1702597081.044408/135-0.021023035049438477.jpg,hct,images/hct/data2/28-1702597081.044408/tactile/135-0.021023035049438477.jpg,images/hct/data2/28-1702597081.044408/vision/135-0.021023035049438477.jpg,"glossy, sleek, flat, slick, smooth",coin
hct/28-1702597081.044408/136-0.02293992042541504.jpg,hct,images/hct/data2/28-1702597081.044408/tactile/136-0.02293992042541504.jpg,images/hct/data2/28-1702597081.044408/vision/136-0.02293992042541504.jpg,"cool, smooth, hard",coin
hct/28-1702597081.044408/137-0.020849943161010742.jpg,hct,images/hct/data2/28-1702597081.044408/tactile/137-0.020849943161010742.jpg,images/hct/data2/28-1702597081.044408/vision/137-0.020849943161010742.jpg,"flat, slick, glossy, cool",coin
hct/28-1702597081.044408/138-0.02078390121459961.jpg,hct,images/hct/data2/28-1702597081.044408/tactile/138-0.02078390121459961.jpg,images/hct/data2/28-1702597081.044408/vision/138-0.02078390121459961.jpg,"slick, flat, glossy, sleek, smooth",coin
hct/28-1702597081.044408/139-0.020351886749267578.jpg,hct,images/hct/data2/28-1702597081.044408/tactile/139-0.020351886749267578.jpg,images/hct/data2/28-1702597081.044408/vision/139-0.020351886749267578.jpg,"flat, sleek, reflective, slippery, hard",coin
hct/28-1702597081.044408/141-0.022353172302246094.jpg,hct,images/hct/data2/28-1702597081.044408/tactile/141-0.022353172302246094.jpg,images/hct/data2/28-1702597081.044408/vision/141-0.022353172302246094.jpg,"flat, glossy, cool",coin
hct/28-1702597081.044408/142-0.021226882934570312.jpg,hct,images/hct/data2/28-1702597081.044408/tactile/142-0.021226882934570312.jpg,images/hct/data2/28-1702597081.044408/vision/142-0.021226882934570312.jpg,"reflective, plastic, slick, hard",coin
hct/28-1702597081.044408/143-0.0218350887298584.jpg,hct,images/hct/data2/28-1702597081.044408/tactile/143-0.0218350887298584.jpg,images/hct/data2/28-1702597081.044408/vision/143-0.0218350887298584.jpg,"plastic, flat, slick, slippery, hard",coin
hct/28-1702597081.044408/144-0.02151203155517578.jpg,hct,images/hct/data2/28-1702597081.044408/tactile/144-0.02151203155517578.jpg,images/hct/data2/28-1702597081.044408/vision/144-0.02151203155517578.jpg,"cool, smooth, glossy",coin
hct/28-1702597081.044408/145-0.021562814712524414.jpg,hct,images/hct/data2/28-1702597081.044408/tactile/145-0.021562814712524414.jpg,images/hct/data2/28-1702597081.044408/vision/145-0.021562814712524414.jpg,"smooth, reflective, hard, cool, glossy",coin
hct/28-1702597081.044408/146-0.020933151245117188.jpg,hct,images/hct/data2/28-1702597081.044408/tactile/146-0.020933151245117188.jpg,images/hct/data2/28-1702597081.044408/vision/146-0.020933151245117188.jpg,"plastic, slick, flat, sleek, hard",coin
hct/28-1702597081.044408/147-0.02137589454650879.jpg,hct,images/hct/data2/28-1702597081.044408/tactile/147-0.02137589454650879.jpg,images/hct/data2/28-1702597081.044408/vision/147-0.02137589454650879.jpg,"slick, slippery, glossy, smooth",coin
hct/28-1702597081.044408/148-0.02164292335510254.jpg,hct,images/hct/data2/28-1702597081.044408/tactile/148-0.02164292335510254.jpg,images/hct/data2/28-1702597081.044408/vision/148-0.02164292335510254.jpg,"sleek, flat, hard, plastic",coin
hct/28-1702597081.044408/149-0.0211331844329834.jpg,hct,images/hct/data2/28-1702597081.044408/tactile/149-0.0211331844329834.jpg,images/hct/data2/28-1702597081.044408/vision/149-0.0211331844329834.jpg,"glossy, smooth, flat, slippery",coin
hct/28-1702597081.044408/150-0.021485090255737305.jpg,hct,images/hct/data2/28-1702597081.044408/tactile/150-0.021485090255737305.jpg,images/hct/data2/28-1702597081.044408/vision/150-0.021485090255737305.jpg,"hard, plastic, slippery, smooth, reflective",coin
hct/28-1702597081.044408/22-0.013360977172851562.jpg,hct,images/hct/data2/28-1702597081.044408/tactile/22-0.013360977172851562.jpg,images/hct/data2/28-1702597081.044408/vision/22-0.013360977172851562.jpg,"hard, flat, slick, sleek",coin
hct/28-1702597081.044408/23-0.020127058029174805.jpg,hct,images/hct/data2/28-1702597081.044408/tactile/23-0.020127058029174805.jpg,images/hct/data2/28-1702597081.044408/vision/23-0.020127058029174805.jpg,"slippery, smooth, hard",coin
hct/28-1702597081.044408/24-0.024188756942749023.jpg,hct,images/hct/data2/28-1702597081.044408/tactile/24-0.024188756942749023.jpg,images/hct/data2/28-1702597081.044408/vision/24-0.024188756942749023.jpg,"plastic, reflective, smooth, slippery, flat",coin
hct/28-1702597081.044408/25-0.023546695709228516.jpg,hct,images/hct/data2/28-1702597081.044408/tactile/25-0.023546695709228516.jpg,images/hct/data2/28-1702597081.044408/vision/25-0.023546695709228516.jpg,"slippery, reflective, hard, smooth, plastic",coin
hct/28-1702597081.044408/26-0.020975112915039062.jpg,hct,images/hct/data2/28-1702597081.044408/tactile/26-0.020975112915039062.jpg,images/hct/data2/28-1702597081.044408/vision/26-0.020975112915039062.jpg,"cool, reflective, hard, plastic, sleek",coin
hct/28-1702597081.044408/27-0.021444082260131836.jpg,hct,images/hct/data2/28-1702597081.044408/tactile/27-0.021444082260131836.jpg,images/hct/data2/28-1702597081.044408/vision/27-0.021444082260131836.jpg,"slick, smooth, glossy, plastic",coin
hct/28-1702597081.044408/28-0.021348237991333008.jpg,hct,images/hct/data2/28-1702597081.044408/tactile/28-0.021348237991333008.jpg,images/hct/data2/28-1702597081.044408/vision/28-0.021348237991333008.jpg,"smooth, plastic, hard, flat, slick",coin
hct/28-1702597081.044408/29-0.024592161178588867.jpg,hct,images/hct/data2/28-1702597081.044408/tactile/29-0.024592161178588867.jpg,images/hct/data2/28-1702597081.044408/vision/29-0.024592161178588867.jpg,"flat, hard, plastic",coin
hct/28-1702597081.044408/30-0.02200603485107422.jpg,hct,images/hct/data2/28-1702597081.044408/tactile/30-0.02200603485107422.jpg,images/hct/data2/28-1702597081.044408/vision/30-0.02200603485107422.jpg,"plastic, slippery, sleek, hard, glossy",coin
hct/28-1702597081.044408/31-0.02254509925842285.jpg,hct,images/hct/data2/28-1702597081.044408/tactile/31-0.02254509925842285.jpg,images/hct/data2/28-1702597081.044408/vision/31-0.02254509925842285.jpg,"slippery, plastic, smooth, sleek",coin
hct/28-1702597081.044408/32-0.021800994873046875.jpg,hct,images/hct/data2/28-1702597081.044408/tactile/32-0.021800994873046875.jpg,images/hct/data2/28-1702597081.044408/vision/32-0.021800994873046875.jpg,"glossy, sleek, hard, slippery, slick",coin
hct/28-1702597081.044408/33-0.021600961685180664.jpg,hct,images/hct/data2/28-1702597081.044408/tactile/33-0.021600961685180664.jpg,images/hct/data2/28-1702597081.044408/vision/33-0.021600961685180664.jpg,"cool, reflective, plastic, hard",coin
hct/28-1702597081.044408/34-0.021270036697387695.jpg,hct,images/hct/data2/28-1702597081.044408/tactile/34-0.021270036697387695.jpg,images/hct/data2/28-1702597081.044408/vision/34-0.021270036697387695.jpg,"plastic, slick, flat, hard, glossy",coin
hct/28-1702597081.044408/35-0.021823406219482422.jpg,hct,images/hct/data2/28-1702597081.044408/tactile/35-0.021823406219482422.jpg,images/hct/data2/28-1702597081.044408/vision/35-0.021823406219482422.jpg,"flat, smooth, reflective, slippery",coin
hct/28-1702597081.044408/36-0.023277997970581055.jpg,hct,images/hct/data2/28-1702597081.044408/tactile/36-0.023277997970581055.jpg,images/hct/data2/28-1702597081.044408/vision/36-0.023277997970581055.jpg,"hard, plastic, cool, flat",coin
hct/28-1702597081.044408/37-0.022840023040771484.jpg,hct,images/hct/data2/28-1702597081.044408/tactile/37-0.022840023040771484.jpg,images/hct/data2/28-1702597081.044408/vision/37-0.022840023040771484.jpg,"plastic, glossy, flat",coin
hct/28-1702597081.044408/38-0.022367000579833984.jpg,hct,images/hct/data2/28-1702597081.044408/tactile/38-0.022367000579833984.jpg,images/hct/data2/28-1702597081.044408/vision/38-0.022367000579833984.jpg,"slippery, cool, sleek",coin
hct/28-1702597081.044408/39-0.021332263946533203.jpg,hct,images/hct/data2/28-1702597081.044408/tactile/39-0.021332263946533203.jpg,images/hct/data2/28-1702597081.044408/vision/39-0.021332263946533203.jpg,"smooth, reflective, hard, cool, flat",coin
hct/28-1702597081.044408/40-0.022850990295410156.jpg,hct,images/hct/data2/28-1702597081.044408/tactile/40-0.022850990295410156.jpg,images/hct/data2/28-1702597081.044408/vision/40-0.022850990295410156.jpg,"smooth, reflective, hard, cool, glossy",coin
hct/28-1702597081.044408/41-0.0214080810546875.jpg,hct,images/hct/data2/28-1702597081.044408/tactile/41-0.0214080810546875.jpg,images/hct/data2/28-1702597081.044408/vision/41-0.0214080810546875.jpg,"smooth, slick, hard, glossy, slippery",coin
hct/28-1702597081.044408/42-0.02142190933227539.jpg,hct,images/hct/data2/28-1702597081.044408/tactile/42-0.02142190933227539.jpg,images/hct/data2/28-1702597081.044408/vision/42-0.02142190933227539.jpg,"smooth, slippery, cool",coin
hct/28-1702597081.044408/43-0.021844863891601562.jpg,hct,images/hct/data2/28-1702597081.044408/tactile/43-0.021844863891601562.jpg,images/hct/data2/28-1702597081.044408/vision/43-0.021844863891601562.jpg,"glossy, hard, cool",coin
hct/28-1702597081.044408/44-0.020607948303222656.jpg,hct,images/hct/data2/28-1702597081.044408/tactile/44-0.020607948303222656.jpg,images/hct/data2/28-1702597081.044408/vision/44-0.020607948303222656.jpg,"slippery, smooth, flat, glossy",coin
hct/28-1702597081.044408/45-0.022082805633544922.jpg,hct,images/hct/data2/28-1702597081.044408/tactile/45-0.022082805633544922.jpg,images/hct/data2/28-1702597081.044408/vision/45-0.022082805633544922.jpg,"sleek, reflective, glossy, slick, cool",coin
hct/28-1702597081.044408/46-0.021686077117919922.jpg,hct,images/hct/data2/28-1702597081.044408/tactile/46-0.021686077117919922.jpg,images/hct/data2/28-1702597081.044408/vision/46-0.021686077117919922.jpg,"plastic, glossy, slippery, hard, smooth",coin
hct/28-1702597081.044408/47-0.022418975830078125.jpg,hct,images/hct/data2/28-1702597081.044408/tactile/47-0.022418975830078125.jpg,images/hct/data2/28-1702597081.044408/vision/47-0.022418975830078125.jpg,"sleek, hard, slick",coin
hct/28-1702597081.044408/48-0.021833181381225586.jpg,hct,images/hct/data2/28-1702597081.044408/tactile/48-0.021833181381225586.jpg,images/hct/data2/28-1702597081.044408/vision/48-0.021833181381225586.jpg,"glossy, reflective, plastic, slick",coin
hct/28-1702597081.044408/49-0.021885156631469727.jpg,hct,images/hct/data2/28-1702597081.044408/tactile/49-0.021885156631469727.jpg,images/hct/data2/28-1702597081.044408/vision/49-0.021885156631469727.jpg,"plastic, reflective, slippery, sleek, cool",coin
hct/28-1702597081.044408/50-0.021094799041748047.jpg,hct,images/hct/data2/28-1702597081.044408/tactile/50-0.021094799041748047.jpg,images/hct/data2/28-1702597081.044408/vision/50-0.021094799041748047.jpg,"smooth, sleek, slick",coin
hct/28-1702597081.044408/51-0.020770788192749023.jpg,hct,images/hct/data2/28-1702597081.044408/tactile/51-0.020770788192749023.jpg,images/hct/data2/28-1702597081.044408/vision/51-0.020770788192749023.jpg,"smooth, plastic, hard",coin
hct/28-1702597081.044408/52-0.023096084594726562.jpg,hct,images/hct/data2/28-1702597081.044408/tactile/52-0.023096084594726562.jpg,images/hct/data2/28-1702597081.044408/vision/52-0.023096084594726562.jpg,"cool, flat, hard, glossy",coin
hct/28-1702597081.044408/53-0.022587060928344727.jpg,hct,images/hct/data2/28-1702597081.044408/tactile/53-0.022587060928344727.jpg,images/hct/data2/28-1702597081.044408/vision/53-0.022587060928344727.jpg,"smooth, slippery, hard",coin
hct/28-1702597081.044408/54-0.022485971450805664.jpg,hct,images/hct/data2/28-1702597081.044408/tactile/54-0.022485971450805664.jpg,images/hct/data2/28-1702597081.044408/vision/54-0.022485971450805664.jpg,"reflective, slippery, smooth, cool, sleek",coin
hct/28-1702597081.044408/55-0.022858142852783203.jpg,hct,images/hct/data2/28-1702597081.044408/tactile/55-0.022858142852783203.jpg,images/hct/data2/28-1702597081.044408/vision/55-0.022858142852783203.jpg,"hard, sleek, flat",coin
hct/28-1702597081.044408/56-0.019745826721191406.jpg,hct,images/hct/data2/28-1702597081.044408/tactile/56-0.019745826721191406.jpg,images/hct/data2/28-1702597081.044408/vision/56-0.019745826721191406.jpg,"sleek, reflective, plastic, slick",coin
hct/28-1702597081.044408/57-0.022734880447387695.jpg,hct,images/hct/data2/28-1702597081.044408/tactile/57-0.022734880447387695.jpg,images/hct/data2/28-1702597081.044408/vision/57-0.022734880447387695.jpg,"glossy, plastic, cool, sleek, slippery",coin
hct/28-1702597081.044408/58-0.022954940795898438.jpg,hct,images/hct/data2/28-1702597081.044408/tactile/58-0.022954940795898438.jpg,images/hct/data2/28-1702597081.044408/vision/58-0.022954940795898438.jpg,"smooth, reflective, hard, cool, sleek",coin
hct/28-1702597081.044408/59-0.021435022354125977.jpg,hct,images/hct/data2/28-1702597081.044408/tactile/59-0.021435022354125977.jpg,images/hct/data2/28-1702597081.044408/vision/59-0.021435022354125977.jpg,"reflective, hard, cool",coin
hct/28-1702597081.044408/60-0.022162914276123047.jpg,hct,images/hct/data2/28-1702597081.044408/tactile/60-0.022162914276123047.jpg,images/hct/data2/28-1702597081.044408/vision/60-0.022162914276123047.jpg,"slick, reflective, hard",coin
hct/28-1702597081.044408/61-0.02281808853149414.jpg,hct,images/hct/data2/28-1702597081.044408/tactile/61-0.02281808853149414.jpg,images/hct/data2/28-1702597081.044408/vision/61-0.02281808853149414.jpg,"hard, cool, flat, slick",coin
hct/28-1702597081.044408/62-0.021860837936401367.jpg,hct,images/hct/data2/28-1702597081.044408/tactile/62-0.021860837936401367.jpg,images/hct/data2/28-1702597081.044408/vision/62-0.021860837936401367.jpg,"hard, plastic, reflective, slick, sleek",coin
hct/28-1702597081.044408/63-0.021466970443725586.jpg,hct,images/hct/data2/28-1702597081.044408/tactile/63-0.021466970443725586.jpg,images/hct/data2/28-1702597081.044408/vision/63-0.021466970443725586.jpg,"smooth, glossy, flat, plastic",coin
hct/28-1702597081.044408/64-0.0218350887298584.jpg,hct,images/hct/data2/28-1702597081.044408/tactile/64-0.0218350887298584.jpg,images/hct/data2/28-1702597081.044408/vision/64-0.0218350887298584.jpg,"cool, plastic, sleek, flat",coin
hct/28-1702597081.044408/65-0.021989822387695312.jpg,hct,images/hct/data2/28-1702597081.044408/tactile/65-0.021989822387695312.jpg,images/hct/data2/28-1702597081.044408/vision/65-0.021989822387695312.jpg,"reflective, smooth, sleek, slick, flat",coin
hct/28-1702597081.044408/68-0.020393848419189453.jpg,hct,images/hct/data2/28-1702597081.044408/tactile/68-0.020393848419189453.jpg,images/hct/data2/28-1702597081.044408/vision/68-0.020393848419189453.jpg,"cool, reflective, glossy, smooth, slick",coin
hct/28-1702597081.044408/69-0.02211308479309082.jpg,hct,images/hct/data2/28-1702597081.044408/tactile/69-0.02211308479309082.jpg,images/hct/data2/28-1702597081.044408/vision/69-0.02211308479309082.jpg,"hard, glossy, slick",coin
hct/28-1702597081.044408/70-0.021417856216430664.jpg,hct,images/hct/data2/28-1702597081.044408/tactile/70-0.021417856216430664.jpg,images/hct/data2/28-1702597081.044408/vision/70-0.021417856216430664.jpg,"smooth, cool, plastic, reflective",coin
hct/28-1702597081.044408/71-0.020719051361083984.jpg,hct,images/hct/data2/28-1702597081.044408/tactile/71-0.020719051361083984.jpg,images/hct/data2/28-1702597081.044408/vision/71-0.020719051361083984.jpg,"reflective, slippery, cool, smooth, glossy",coin
hct/28-1702597081.044408/72-0.022634029388427734.jpg,hct,images/hct/data2/28-1702597081.044408/tactile/72-0.022634029388427734.jpg,images/hct/data2/28-1702597081.044408/vision/72-0.022634029388427734.jpg,"plastic, smooth, flat",coin
hct/28-1702597081.044408/73-0.022767305374145508.jpg,hct,images/hct/data2/28-1702597081.044408/tactile/73-0.022767305374145508.jpg,images/hct/data2/28-1702597081.044408/vision/73-0.022767305374145508.jpg,"reflective, hard, glossy",coin
hct/28-1702597081.044408/74-0.021631956100463867.jpg,hct,images/hct/data2/28-1702597081.044408/tactile/74-0.021631956100463867.jpg,images/hct/data2/28-1702597081.044408/vision/74-0.021631956100463867.jpg,"reflective, cool, plastic",coin
hct/28-1702597081.044408/75-0.02238011360168457.jpg,hct,images/hct/data2/28-1702597081.044408/tactile/75-0.02238011360168457.jpg,images/hct/data2/28-1702597081.044408/vision/75-0.02238011360168457.jpg,"glossy, slippery, hard",coin
hct/28-1702597081.044408/76-0.021364927291870117.jpg,hct,images/hct/data2/28-1702597081.044408/tactile/76-0.021364927291870117.jpg,images/hct/data2/28-1702597081.044408/vision/76-0.021364927291870117.jpg,"smooth, plastic, glossy",coin
hct/28-1702597081.044408/77-0.021075963973999023.jpg,hct,images/hct/data2/28-1702597081.044408/tactile/77-0.021075963973999023.jpg,images/hct/data2/28-1702597081.044408/vision/77-0.021075963973999023.jpg,"sleek, smooth, flat, reflective, cool",coin
hct/28-1702597081.044408/78-0.023478984832763672.jpg,hct,images/hct/data2/28-1702597081.044408/tactile/78-0.023478984832763672.jpg,images/hct/data2/28-1702597081.044408/vision/78-0.023478984832763672.jpg,"flat, sleek, reflective",coin
hct/28-1702597081.044408/79-0.0225980281829834.jpg,hct,images/hct/data2/28-1702597081.044408/tactile/79-0.0225980281829834.jpg,images/hct/data2/28-1702597081.044408/vision/79-0.0225980281829834.jpg,"reflective, slippery, glossy, cool, smooth",coin
hct/28-1702597081.044408/80-0.021437883377075195.jpg,hct,images/hct/data2/28-1702597081.044408/tactile/80-0.021437883377075195.jpg,images/hct/data2/28-1702597081.044408/vision/80-0.021437883377075195.jpg,"sleek, smooth, reflective, slippery",coin
hct/28-1702597081.044408/81-0.021230697631835938.jpg,hct,images/hct/data2/28-1702597081.044408/tactile/81-0.021230697631835938.jpg,images/hct/data2/28-1702597081.044408/vision/81-0.021230697631835938.jpg,"glossy, cool, reflective, slippery",coin
hct/28-1702597081.044408/85-0.021313905715942383.jpg,hct,images/hct/data2/28-1702597081.044408/tactile/85-0.021313905715942383.jpg,images/hct/data2/28-1702597081.044408/vision/85-0.021313905715942383.jpg,"plastic, smooth, slick",coin
hct/28-1702597081.044408/90-0.021240234375.jpg,hct,images/hct/data2/28-1702597081.044408/tactile/90-0.021240234375.jpg,images/hct/data2/28-1702597081.044408/vision/90-0.021240234375.jpg,"plastic, glossy, sleek",coin
hct/28-1702597081.044408/91-0.02073502540588379.jpg,hct,images/hct/data2/28-1702597081.044408/tactile/91-0.02073502540588379.jpg,images/hct/data2/28-1702597081.044408/vision/91-0.02073502540588379.jpg,"glossy, flat, slick, smooth, sleek",coin
hct/28-1702597081.044408/92-0.02237415313720703.jpg,hct,images/hct/data2/28-1702597081.044408/tactile/92-0.02237415313720703.jpg,images/hct/data2/28-1702597081.044408/vision/92-0.02237415313720703.jpg,"smooth, plastic, flat, slippery, sleek",coin
hct/28-1702597081.044408/93-0.02113199234008789.jpg,hct,images/hct/data2/28-1702597081.044408/tactile/93-0.02113199234008789.jpg,images/hct/data2/28-1702597081.044408/vision/93-0.02113199234008789.jpg,"slick, flat, plastic, smooth",coin
hct/28-1702597081.044408/94-0.01997089385986328.jpg,hct,images/hct/data2/28-1702597081.044408/tactile/94-0.01997089385986328.jpg,images/hct/data2/28-1702597081.044408/vision/94-0.01997089385986328.jpg,"smooth, hard, slippery, cool, reflective",coin
hct/28-1702597081.044408/95-0.02192521095275879.jpg,hct,images/hct/data2/28-1702597081.044408/tactile/95-0.02192521095275879.jpg,images/hct/data2/28-1702597081.044408/vision/95-0.02192521095275879.jpg,"slick, flat, sleek, hard",coin
hct/28-1702597081.044408/96-0.022331953048706055.jpg,hct,images/hct/data2/28-1702597081.044408/tactile/96-0.022331953048706055.jpg,images/hct/data2/28-1702597081.044408/vision/96-0.022331953048706055.jpg,"smooth, cool, hard, slick, plastic",coin
hct/28-1702597081.044408/97-0.021086931228637695.jpg,hct,images/hct/data2/28-1702597081.044408/tactile/97-0.021086931228637695.jpg,images/hct/data2/28-1702597081.044408/vision/97-0.021086931228637695.jpg,"smooth, hard, slippery, cool, reflective",coin
hct/28-1702597081.044408/98-0.02128005027770996.jpg,hct,images/hct/data2/28-1702597081.044408/tactile/98-0.02128005027770996.jpg,images/hct/data2/28-1702597081.044408/vision/98-0.02128005027770996.jpg,"glossy, reflective, plastic, flat, slick",coin
hct/28-1702597081.044408/99-0.021358966827392578.jpg,hct,images/hct/data2/28-1702597081.044408/tactile/99-0.021358966827392578.jpg,images/hct/data2/28-1702597081.044408/vision/99-0.021358966827392578.jpg,"flat, slippery, reflective",coin
hct/3-1702597579.7214022/177-0.0214841365814209.jpg,hct,images/hct/data2/3-1702597579.7214022/tactile/177-0.0214841365814209.jpg,images/hct/data2/3-1702597579.7214022/vision/177-0.0214841365814209.jpg,"rough, grainy, paper-like, firm, fibrous",cardboard
hct/3-1702597579.7214022/178-0.022845983505249023.jpg,hct,images/hct/data2/3-1702597579.7214022/tactile/178-0.022845983505249023.jpg,images/hct/data2/3-1702597579.7214022/vision/178-0.022845983505249023.jpg,"grainy, paper-like, matte, stiff",cardboard
hct/3-1702597579.7214022/179-0.024214982986450195.jpg,hct,images/hct/data2/3-1702597579.7214022/tactile/179-0.024214982986450195.jpg,images/hct/data2/3-1702597579.7214022/vision/179-0.024214982986450195.jpg,"grainy, matte, stiff, rough",cardboard
hct/3-1702597579.7214022/180-0.020598173141479492.jpg,hct,images/hct/data2/3-1702597579.7214022/tactile/180-0.020598173141479492.jpg,images/hct/data2/3-1702597579.7214022/vision/180-0.020598173141479492.jpg,"matte, stiff, rough, rigid",cardboard
hct/3-1702597579.7214022/182-0.021849870681762695.jpg,hct,images/hct/data2/3-1702597579.7214022/tactile/182-0.021849870681762695.jpg,images/hct/data2/3-1702597579.7214022/vision/182-0.021849870681762695.jpg,"fibrous, dry, firm, grainy.",cardboard
hct/3-1702597579.7214022/183-0.02137589454650879.jpg,hct,images/hct/data2/3-1702597579.7214022/tactile/183-0.02137589454650879.jpg,images/hct/data2/3-1702597579.7214022/vision/183-0.02137589454650879.jpg,"stiff, matte, firm, textured",cardboard
hct/3-1702597579.7214022/184-0.02126002311706543.jpg,hct,images/hct/data2/3-1702597579.7214022/tactile/184-0.02126002311706543.jpg,images/hct/data2/3-1702597579.7214022/vision/184-0.02126002311706543.jpg,"firm, fibrous, matte, dry, grainy",cardboard
hct/3-1702597579.7214022/185-0.021712064743041992.jpg,hct,images/hct/data2/3-1702597579.7214022/tactile/185-0.021712064743041992.jpg,images/hct/data2/3-1702597579.7214022/vision/185-0.021712064743041992.jpg,"textured, fibrous, grainy, firm, matte",cardboard
hct/3-1702597579.7214022/186-0.021412134170532227.jpg,hct,images/hct/data2/3-1702597579.7214022/tactile/186-0.021412134170532227.jpg,images/hct/data2/3-1702597579.7214022/vision/186-0.021412134170532227.jpg,"rigid, paper-like, firm, textured, stiff",cardboard
hct/3-1702597579.7214022/187-0.0213472843170166.jpg,hct,images/hct/data2/3-1702597579.7214022/tactile/187-0.0213472843170166.jpg,images/hct/data2/3-1702597579.7214022/vision/187-0.0213472843170166.jpg,"rigid, grainy., matte, grainy, stiff",cardboard
hct/3-1702597579.7214022/188-0.02163410186767578.jpg,hct,images/hct/data2/3-1702597579.7214022/tactile/188-0.02163410186767578.jpg,images/hct/data2/3-1702597579.7214022/vision/188-0.02163410186767578.jpg,"paper-like, rigid, fibrous, stiff, textured",cardboard
hct/3-1702597579.7214022/189-0.021162986755371094.jpg,hct,images/hct/data2/3-1702597579.7214022/tactile/189-0.021162986755371094.jpg,images/hct/data2/3-1702597579.7214022/vision/189-0.021162986755371094.jpg,"grainy., rough, dry",cardboard
hct/3-1702597579.7214022/190-0.022155046463012695.jpg,hct,images/hct/data2/3-1702597579.7214022/tactile/190-0.022155046463012695.jpg,images/hct/data2/3-1702597579.7214022/vision/190-0.022155046463012695.jpg,"matte, textured, grainy.",cardboard
hct/3-1702597579.7214022/191-0.02109694480895996.jpg,hct,images/hct/data2/3-1702597579.7214022/tactile/191-0.02109694480895996.jpg,images/hct/data2/3-1702597579.7214022/vision/191-0.02109694480895996.jpg,"matte, rigid, paper-like, textured, grainy",cardboard
hct/3-1702597579.7214022/192-0.021732091903686523.jpg,hct,images/hct/data2/3-1702597579.7214022/tactile/192-0.021732091903686523.jpg,images/hct/data2/3-1702597579.7214022/vision/192-0.021732091903686523.jpg,"textured, rough, stiff, grainy., dry",cardboard
hct/3-1702597579.7214022/193-0.021029233932495117.jpg,hct,images/hct/data2/3-1702597579.7214022/tactile/193-0.021029233932495117.jpg,images/hct/data2/3-1702597579.7214022/vision/193-0.021029233932495117.jpg,"textured, fibrous, stiff",cardboard
hct/3-1702597579.7214022/194-0.02141284942626953.jpg,hct,images/hct/data2/3-1702597579.7214022/tactile/194-0.02141284942626953.jpg,images/hct/data2/3-1702597579.7214022/vision/194-0.02141284942626953.jpg,"matte, grainy, rough, dry, textured",cardboard
hct/3-1702597579.7214022/195-0.021245241165161133.jpg,hct,images/hct/data2/3-1702597579.7214022/tactile/195-0.021245241165161133.jpg,images/hct/data2/3-1702597579.7214022/vision/195-0.021245241165161133.jpg,"dry, grainy, grainy., firm, paper-like",cardboard
hct/3-1702597579.7214022/199-0.020600080490112305.jpg,hct,images/hct/data2/3-1702597579.7214022/tactile/199-0.020600080490112305.jpg,images/hct/data2/3-1702597579.7214022/vision/199-0.020600080490112305.jpg,"rough, paper-like, matte, fibrous, textured",cardboard
hct/3-1702597579.7214022/200-0.02213311195373535.jpg,hct,images/hct/data2/3-1702597579.7214022/tactile/200-0.02213311195373535.jpg,images/hct/data2/3-1702597579.7214022/vision/200-0.02213311195373535.jpg,"textured, matte, fibrous, rigid, paper-like",cardboard
hct/3-1702597579.7214022/201-0.021759986877441406.jpg,hct,images/hct/data2/3-1702597579.7214022/tactile/201-0.021759986877441406.jpg,images/hct/data2/3-1702597579.7214022/vision/201-0.021759986877441406.jpg,"textured, dry, paper-like, matte, grainy",cardboard
hct/3-1702597579.7214022/202-0.022044897079467773.jpg,hct,images/hct/data2/3-1702597579.7214022/tactile/202-0.022044897079467773.jpg,images/hct/data2/3-1702597579.7214022/vision/202-0.022044897079467773.jpg,"fibrous, textured, rough",cardboard
hct/3-1702597579.7214022/203-0.021951913833618164.jpg,hct,images/hct/data2/3-1702597579.7214022/tactile/203-0.021951913833618164.jpg,images/hct/data2/3-1702597579.7214022/vision/203-0.021951913833618164.jpg,"dry, grainy., firm",cardboard
hct/3-1702597579.7214022/204-0.021311044692993164.jpg,hct,images/hct/data2/3-1702597579.7214022/tactile/204-0.021311044692993164.jpg,images/hct/data2/3-1702597579.7214022/vision/204-0.021311044692993164.jpg,"matte, paper-like, rigid, textured, firm",cardboard
hct/3-1702597579.7214022/205-0.021106958389282227.jpg,hct,images/hct/data2/3-1702597579.7214022/tactile/205-0.021106958389282227.jpg,images/hct/data2/3-1702597579.7214022/vision/205-0.021106958389282227.jpg,"rough, grainy, dry, fibrous, rigid",cardboard
hct/3-1702597579.7214022/206-0.02118992805480957.jpg,hct,images/hct/data2/3-1702597579.7214022/tactile/206-0.02118992805480957.jpg,images/hct/data2/3-1702597579.7214022/vision/206-0.02118992805480957.jpg,"rigid, textured, matte, fibrous",cardboard
hct/3-1702597579.7214022/207-0.021198034286499023.jpg,hct,images/hct/data2/3-1702597579.7214022/tactile/207-0.021198034286499023.jpg,images/hct/data2/3-1702597579.7214022/vision/207-0.021198034286499023.jpg,"textured, matte, firm, dry, stiff",cardboard
hct/3-1702597579.7214022/208-0.021617889404296875.jpg,hct,images/hct/data2/3-1702597579.7214022/tactile/208-0.021617889404296875.jpg,images/hct/data2/3-1702597579.7214022/vision/208-0.021617889404296875.jpg,"grainy, dry, grainy., rigid",cardboard
hct/3-1702597579.7214022/209-0.021113872528076172.jpg,hct,images/hct/data2/3-1702597579.7214022/tactile/209-0.021113872528076172.jpg,images/hct/data2/3-1702597579.7214022/vision/209-0.021113872528076172.jpg,"rough, grainy, rigid, fibrous, matte",cardboard
hct/3-1702597579.7214022/210-0.020839929580688477.jpg,hct,images/hct/data2/3-1702597579.7214022/tactile/210-0.020839929580688477.jpg,images/hct/data2/3-1702597579.7214022/vision/210-0.020839929580688477.jpg,"stiff, rigid, textured",cardboard
hct/3-1702597579.7214022/211-0.022159099578857422.jpg,hct,images/hct/data2/3-1702597579.7214022/tactile/211-0.022159099578857422.jpg,images/hct/data2/3-1702597579.7214022/vision/211-0.022159099578857422.jpg,"grainy, grainy., fibrous, dry",cardboard
hct/3-1702597579.7214022/212-0.020414113998413086.jpg,hct,images/hct/data2/3-1702597579.7214022/tactile/212-0.020414113998413086.jpg,images/hct/data2/3-1702597579.7214022/vision/212-0.020414113998413086.jpg,"firm, grainy, dry, grainy., textured",cardboard
hct/3-1702597579.7214022/243-0.022188901901245117.jpg,hct,images/hct/data2/3-1702597579.7214022/tactile/243-0.022188901901245117.jpg,images/hct/data2/3-1702597579.7214022/vision/243-0.022188901901245117.jpg,"rough, paper-like, fibrous, grainy, rigid",cardboard
hct/3-1702597579.7214022/244-0.0212249755859375.jpg,hct,images/hct/data2/3-1702597579.7214022/tactile/244-0.0212249755859375.jpg,images/hct/data2/3-1702597579.7214022/vision/244-0.0212249755859375.jpg,"rough, firm, matte",cardboard
hct/3-1702597579.7214022/245-0.022319793701171875.jpg,hct,images/hct/data2/3-1702597579.7214022/tactile/245-0.022319793701171875.jpg,images/hct/data2/3-1702597579.7214022/vision/245-0.022319793701171875.jpg,"textured, matte, rigid, fibrous, grainy.",cardboard
hct/3-1702597579.7214022/246-0.020557880401611328.jpg,hct,images/hct/data2/3-1702597579.7214022/tactile/246-0.020557880401611328.jpg,images/hct/data2/3-1702597579.7214022/vision/246-0.020557880401611328.jpg,"grainy., rigid, matte",cardboard
hct/3-1702597579.7214022/247-0.020643949508666992.jpg,hct,images/hct/data2/3-1702597579.7214022/tactile/247-0.020643949508666992.jpg,images/hct/data2/3-1702597579.7214022/vision/247-0.020643949508666992.jpg,"grainy, fibrous, grainy.",cardboard
hct/3-1702597579.7214022/248-0.021598100662231445.jpg,hct,images/hct/data2/3-1702597579.7214022/tactile/248-0.021598100662231445.jpg,images/hct/data2/3-1702597579.7214022/vision/248-0.021598100662231445.jpg,"grainy, matte, rough",cardboard
hct/3-1702597579.7214022/249-0.021080732345581055.jpg,hct,images/hct/data2/3-1702597579.7214022/tactile/249-0.021080732345581055.jpg,images/hct/data2/3-1702597579.7214022/vision/249-0.021080732345581055.jpg,"dry, grainy, matte, textured",cardboard
hct/3-1702597579.7214022/250-0.0215301513671875.jpg,hct,images/hct/data2/3-1702597579.7214022/tactile/250-0.0215301513671875.jpg,images/hct/data2/3-1702597579.7214022/vision/250-0.0215301513671875.jpg,"firm, textured, grainy., dry, rough",cardboard
hct/3-1702597579.7214022/251-0.01985621452331543.jpg,hct,images/hct/data2/3-1702597579.7214022/tactile/251-0.01985621452331543.jpg,images/hct/data2/3-1702597579.7214022/vision/251-0.01985621452331543.jpg,"fibrous, grainy, matte, dry",cardboard
hct/3-1702597579.7214022/252-0.020132780075073242.jpg,hct,images/hct/data2/3-1702597579.7214022/tactile/252-0.020132780075073242.jpg,images/hct/data2/3-1702597579.7214022/vision/252-0.020132780075073242.jpg,"rough, grainy, fibrous, grainy., textured",cardboard
hct/3-1702597579.7214022/253-0.021195173263549805.jpg,hct,images/hct/data2/3-1702597579.7214022/tactile/253-0.021195173263549805.jpg,images/hct/data2/3-1702597579.7214022/vision/253-0.021195173263549805.jpg,"rigid, stiff, firm, matte, grainy",cardboard
hct/3-1702597579.7214022/254-0.020999908447265625.jpg,hct,images/hct/data2/3-1702597579.7214022/tactile/254-0.020999908447265625.jpg,images/hct/data2/3-1702597579.7214022/vision/254-0.020999908447265625.jpg,"firm, rigid, matte",cardboard
hct/3-1702597579.7214022/255-0.02050304412841797.jpg,hct,images/hct/data2/3-1702597579.7214022/tactile/255-0.02050304412841797.jpg,images/hct/data2/3-1702597579.7214022/vision/255-0.02050304412841797.jpg,"textured, rough, firm, matte, grainy.",cardboard
hct/3-1702597579.7214022/256-0.020631074905395508.jpg,hct,images/hct/data2/3-1702597579.7214022/tactile/256-0.020631074905395508.jpg,images/hct/data2/3-1702597579.7214022/vision/256-0.020631074905395508.jpg,"fibrous, rigid, firm, matte",cardboard
hct/3-1702597579.7214022/257-0.02084183692932129.jpg,hct,images/hct/data2/3-1702597579.7214022/tactile/257-0.02084183692932129.jpg,images/hct/data2/3-1702597579.7214022/vision/257-0.02084183692932129.jpg,"fibrous, dry, rough, firm",cardboard
hct/3-1702597579.7214022/258-0.021250009536743164.jpg,hct,images/hct/data2/3-1702597579.7214022/tactile/258-0.021250009536743164.jpg,images/hct/data2/3-1702597579.7214022/vision/258-0.021250009536743164.jpg,"dry, firm, grainy., paper-like, rigid",cardboard
hct/3-1702597579.7214022/259-0.02308821678161621.jpg,hct,images/hct/data2/3-1702597579.7214022/tactile/259-0.02308821678161621.jpg,images/hct/data2/3-1702597579.7214022/vision/259-0.02308821678161621.jpg,"rough, stiff, rigid, fibrous",cardboard
hct/3-1702597579.7214022/260-0.020712852478027344.jpg,hct,images/hct/data2/3-1702597579.7214022/tactile/260-0.020712852478027344.jpg,images/hct/data2/3-1702597579.7214022/vision/260-0.020712852478027344.jpg,"firm, rough, dry, grainy.",cardboard
hct/3-1702597579.7214022/263-0.022075891494750977.jpg,hct,images/hct/data2/3-1702597579.7214022/tactile/263-0.022075891494750977.jpg,images/hct/data2/3-1702597579.7214022/vision/263-0.022075891494750977.jpg,"rigid, fibrous, stiff, paper-like",cardboard
hct/3-1702597579.7214022/267-0.021118879318237305.jpg,hct,images/hct/data2/3-1702597579.7214022/tactile/267-0.021118879318237305.jpg,images/hct/data2/3-1702597579.7214022/vision/267-0.021118879318237305.jpg,"fibrous, firm, paper-like",cardboard
hct/3-1702597579.7214022/268-0.020036935806274414.jpg,hct,images/hct/data2/3-1702597579.7214022/tactile/268-0.020036935806274414.jpg,images/hct/data2/3-1702597579.7214022/vision/268-0.020036935806274414.jpg,"rigid, dry, paper-like, fibrous",cardboard
hct/3-1702597579.7214022/269-0.021442890167236328.jpg,hct,images/hct/data2/3-1702597579.7214022/tactile/269-0.021442890167236328.jpg,images/hct/data2/3-1702597579.7214022/vision/269-0.021442890167236328.jpg,"dry, rigid, fibrous, textured",cardboard
hct/3-1702597579.7214022/270-0.019917726516723633.jpg,hct,images/hct/data2/3-1702597579.7214022/tactile/270-0.019917726516723633.jpg,images/hct/data2/3-1702597579.7214022/vision/270-0.019917726516723633.jpg,"rigid, grainy., rough, dry",cardboard
hct/3-1702597579.7214022/271-0.021373987197875977.jpg,hct,images/hct/data2/3-1702597579.7214022/tactile/271-0.021373987197875977.jpg,images/hct/data2/3-1702597579.7214022/vision/271-0.021373987197875977.jpg,"dry, firm, matte, grainy",cardboard
hct/3-1702597579.7214022/272-0.021005868911743164.jpg,hct,images/hct/data2/3-1702597579.7214022/tactile/272-0.021005868911743164.jpg,images/hct/data2/3-1702597579.7214022/vision/272-0.021005868911743164.jpg,"rough, dry, fibrous, grainy, textured",cardboard
hct/3-1702597579.7214022/273-0.021069049835205078.jpg,hct,images/hct/data2/3-1702597579.7214022/tactile/273-0.021069049835205078.jpg,images/hct/data2/3-1702597579.7214022/vision/273-0.021069049835205078.jpg,"textured, paper-like, grainy, matte",cardboard
hct/3-1702597579.7214022/274-0.021404027938842773.jpg,hct,images/hct/data2/3-1702597579.7214022/tactile/274-0.021404027938842773.jpg,images/hct/data2/3-1702597579.7214022/vision/274-0.021404027938842773.jpg,"grainy., matte, stiff, textured, paper-like",cardboard
hct/3-1702597579.7214022/275-0.019836902618408203.jpg,hct,images/hct/data2/3-1702597579.7214022/tactile/275-0.019836902618408203.jpg,images/hct/data2/3-1702597579.7214022/vision/275-0.019836902618408203.jpg,"grainy., grainy, rough, paper-like, dry",cardboard
hct/3-1702597579.7214022/276-0.02043294906616211.jpg,hct,images/hct/data2/3-1702597579.7214022/tactile/276-0.02043294906616211.jpg,images/hct/data2/3-1702597579.7214022/vision/276-0.02043294906616211.jpg,"stiff, matte, fibrous, rough, firm",cardboard
hct/3-1702597579.7214022/277-0.020836830139160156.jpg,hct,images/hct/data2/3-1702597579.7214022/tactile/277-0.020836830139160156.jpg,images/hct/data2/3-1702597579.7214022/vision/277-0.020836830139160156.jpg,"rough, matte, rigid",cardboard
hct/3-1702597579.7214022/278-0.02068305015563965.jpg,hct,images/hct/data2/3-1702597579.7214022/tactile/278-0.02068305015563965.jpg,images/hct/data2/3-1702597579.7214022/vision/278-0.02068305015563965.jpg,"firm, fibrous, grainy., rigid, rough",cardboard
hct/3-1702597579.7214022/279-0.02164483070373535.jpg,hct,images/hct/data2/3-1702597579.7214022/tactile/279-0.02164483070373535.jpg,images/hct/data2/3-1702597579.7214022/vision/279-0.02164483070373535.jpg,"textured, firm, dry, matte, rigid",cardboard
hct/3-1702597579.7214022/280-0.020244121551513672.jpg,hct,images/hct/data2/3-1702597579.7214022/tactile/280-0.020244121551513672.jpg,images/hct/data2/3-1702597579.7214022/vision/280-0.020244121551513672.jpg,"rigid, matte, stiff, dry",cardboard
hct/3-1702597579.7214022/281-0.022035837173461914.jpg,hct,images/hct/data2/3-1702597579.7214022/tactile/281-0.022035837173461914.jpg,images/hct/data2/3-1702597579.7214022/vision/281-0.022035837173461914.jpg,"dry, stiff, grainy",cardboard
hct/3-1702597579.7214022/282-0.020604848861694336.jpg,hct,images/hct/data2/3-1702597579.7214022/tactile/282-0.020604848861694336.jpg,images/hct/data2/3-1702597579.7214022/vision/282-0.020604848861694336.jpg,"rough, fibrous, textured, grainy.",cardboard
hct/3-1702597579.7214022/283-0.020368099212646484.jpg,hct,images/hct/data2/3-1702597579.7214022/tactile/283-0.020368099212646484.jpg,images/hct/data2/3-1702597579.7214022/vision/283-0.020368099212646484.jpg,"dry, grainy, textured",cardboard
hct/3-1702597579.7214022/284-0.021109819412231445.jpg,hct,images/hct/data2/3-1702597579.7214022/tactile/284-0.021109819412231445.jpg,images/hct/data2/3-1702597579.7214022/vision/284-0.021109819412231445.jpg,"fibrous, stiff, grainy., paper-like, firm",cardboard
hct/3-1702597579.7214022/285-0.0210418701171875.jpg,hct,images/hct/data2/3-1702597579.7214022/tactile/285-0.0210418701171875.jpg,images/hct/data2/3-1702597579.7214022/vision/285-0.0210418701171875.jpg,"firm, matte, dry",cardboard
hct/3-1702597579.7214022/286-0.021808862686157227.jpg,hct,images/hct/data2/3-1702597579.7214022/tactile/286-0.021808862686157227.jpg,images/hct/data2/3-1702597579.7214022/vision/286-0.021808862686157227.jpg,"stiff, textured, grainy., grainy",cardboard
hct/3-1702597579.7214022/287-0.021370887756347656.jpg,hct,images/hct/data2/3-1702597579.7214022/tactile/287-0.021370887756347656.jpg,images/hct/data2/3-1702597579.7214022/vision/287-0.021370887756347656.jpg,"rigid, matte, paper-like",cardboard
hct/3-1702597579.7214022/288-0.020659208297729492.jpg,hct,images/hct/data2/3-1702597579.7214022/tactile/288-0.020659208297729492.jpg,images/hct/data2/3-1702597579.7214022/vision/288-0.020659208297729492.jpg,"rough, paper-like, matte, stiff",cardboard
hct/3-1702597579.7214022/289-0.020693063735961914.jpg,hct,images/hct/data2/3-1702597579.7214022/tactile/289-0.020693063735961914.jpg,images/hct/data2/3-1702597579.7214022/vision/289-0.020693063735961914.jpg,"rough, rigid, matte, firm, dry",cardboard
hct/3-1702597579.7214022/290-0.021458148956298828.jpg,hct,images/hct/data2/3-1702597579.7214022/tactile/290-0.021458148956298828.jpg,images/hct/data2/3-1702597579.7214022/vision/290-0.021458148956298828.jpg,"grainy, fibrous, dry",cardboard
hct/3-1702597579.7214022/291-0.02081012725830078.jpg,hct,images/hct/data2/3-1702597579.7214022/tactile/291-0.02081012725830078.jpg,images/hct/data2/3-1702597579.7214022/vision/291-0.02081012725830078.jpg,"rough, dry, paper-like, grainy.",cardboard
hct/3-1702597579.7214022/292-0.02054572105407715.jpg,hct,images/hct/data2/3-1702597579.7214022/tactile/292-0.02054572105407715.jpg,images/hct/data2/3-1702597579.7214022/vision/292-0.02054572105407715.jpg,"fibrous, dry, matte, rigid",cardboard
hct/3-1702597579.7214022/293-0.020958900451660156.jpg,hct,images/hct/data2/3-1702597579.7214022/tactile/293-0.020958900451660156.jpg,images/hct/data2/3-1702597579.7214022/vision/293-0.020958900451660156.jpg,"grainy., paper-like, matte, dry",cardboard
hct/3-1702597579.7214022/294-0.02092909812927246.jpg,hct,images/hct/data2/3-1702597579.7214022/tactile/294-0.02092909812927246.jpg,images/hct/data2/3-1702597579.7214022/vision/294-0.02092909812927246.jpg,"rigid, paper-like, grainy, textured, fibrous",cardboard
hct/3-1702597579.7214022/295-0.021193981170654297.jpg,hct,images/hct/data2/3-1702597579.7214022/tactile/295-0.021193981170654297.jpg,images/hct/data2/3-1702597579.7214022/vision/295-0.021193981170654297.jpg,"grainy., rough, paper-like, dry, grainy",cardboard
hct/3-1702597579.7214022/296-0.02116084098815918.jpg,hct,images/hct/data2/3-1702597579.7214022/tactile/296-0.02116084098815918.jpg,images/hct/data2/3-1702597579.7214022/vision/296-0.02116084098815918.jpg,"textured, fibrous, paper-like, grainy, matte",cardboard
hct/3-1702597579.7214022/297-0.02113199234008789.jpg,hct,images/hct/data2/3-1702597579.7214022/tactile/297-0.02113199234008789.jpg,images/hct/data2/3-1702597579.7214022/vision/297-0.02113199234008789.jpg,"textured, paper-like, fibrous, matte, firm",cardboard
hct/3-1702597579.7214022/298-0.021881103515625.jpg,hct,images/hct/data2/3-1702597579.7214022/tactile/298-0.021881103515625.jpg,images/hct/data2/3-1702597579.7214022/vision/298-0.021881103515625.jpg,"paper-like, firm, matte, rough, grainy",cardboard
hct/3-1702597579.7214022/299-0.023641109466552734.jpg,hct,images/hct/data2/3-1702597579.7214022/tactile/299-0.023641109466552734.jpg,images/hct/data2/3-1702597579.7214022/vision/299-0.023641109466552734.jpg,"rigid, dry, stiff, textured, firm",cardboard
hct/3-1702597579.7214022/300-0.020264148712158203.jpg,hct,images/hct/data2/3-1702597579.7214022/tactile/300-0.020264148712158203.jpg,images/hct/data2/3-1702597579.7214022/vision/300-0.020264148712158203.jpg,"matte, firm, grainy., grainy",cardboard
hct/3-1702597579.7214022/301-0.020106077194213867.jpg,hct,images/hct/data2/3-1702597579.7214022/tactile/301-0.020106077194213867.jpg,images/hct/data2/3-1702597579.7214022/vision/301-0.020106077194213867.jpg,"textured, dry, firm",cardboard
hct/3-1702597579.7214022/302-0.021691322326660156.jpg,hct,images/hct/data2/3-1702597579.7214022/tactile/302-0.021691322326660156.jpg,images/hct/data2/3-1702597579.7214022/vision/302-0.021691322326660156.jpg,"matte, rigid, textured, stiff",cardboard
hct/3-1702597579.7214022/303-0.021465301513671875.jpg,hct,images/hct/data2/3-1702597579.7214022/tactile/303-0.021465301513671875.jpg,images/hct/data2/3-1702597579.7214022/vision/303-0.021465301513671875.jpg,"dry, stiff, grainy, paper-like, fibrous",cardboard
hct/3-1702597579.7214022/304-0.02100205421447754.jpg,hct,images/hct/data2/3-1702597579.7214022/tactile/304-0.02100205421447754.jpg,images/hct/data2/3-1702597579.7214022/vision/304-0.02100205421447754.jpg,"grainy, stiff, matte",cardboard
hct/3-1702597579.7214022/305-0.021286964416503906.jpg,hct,images/hct/data2/3-1702597579.7214022/tactile/305-0.021286964416503906.jpg,images/hct/data2/3-1702597579.7214022/vision/305-0.021286964416503906.jpg,"dry, grainy., matte, grainy",cardboard
hct/3-1702597579.7214022/306-0.022012948989868164.jpg,hct,images/hct/data2/3-1702597579.7214022/tactile/306-0.022012948989868164.jpg,images/hct/data2/3-1702597579.7214022/vision/306-0.022012948989868164.jpg,"paper-like, fibrous, rough",cardboard
hct/3-1702597579.7214022/307-0.021343231201171875.jpg,hct,images/hct/data2/3-1702597579.7214022/tactile/307-0.021343231201171875.jpg,images/hct/data2/3-1702597579.7214022/vision/307-0.021343231201171875.jpg,"paper-like, grainy., stiff",cardboard
hct/3-1702597579.7214022/308-0.022327899932861328.jpg,hct,images/hct/data2/3-1702597579.7214022/tactile/308-0.022327899932861328.jpg,images/hct/data2/3-1702597579.7214022/vision/308-0.022327899932861328.jpg,"rigid, fibrous, matte",cardboard
hct/3-1702597579.7214022/309-0.020472049713134766.jpg,hct,images/hct/data2/3-1702597579.7214022/tactile/309-0.020472049713134766.jpg,images/hct/data2/3-1702597579.7214022/vision/309-0.020472049713134766.jpg,"fibrous, grainy., rough, rigid",cardboard
hct/3-1702597579.7214022/310-0.02161097526550293.jpg,hct,images/hct/data2/3-1702597579.7214022/tactile/310-0.02161097526550293.jpg,images/hct/data2/3-1702597579.7214022/vision/310-0.02161097526550293.jpg,"stiff, matte, rough, grainy, rigid",cardboard
hct/3-1702597579.7214022/311-0.020526885986328125.jpg,hct,images/hct/data2/3-1702597579.7214022/tactile/311-0.020526885986328125.jpg,images/hct/data2/3-1702597579.7214022/vision/311-0.020526885986328125.jpg,"rough, matte, grainy, fibrous, rigid",cardboard
hct/3-1702597579.7214022/312-0.021277904510498047.jpg,hct,images/hct/data2/3-1702597579.7214022/tactile/312-0.021277904510498047.jpg,images/hct/data2/3-1702597579.7214022/vision/312-0.021277904510498047.jpg,"firm, textured, dry",cardboard
hct/3-1702597579.7214022/314-0.02069711685180664.jpg,hct,images/hct/data2/3-1702597579.7214022/tactile/314-0.02069711685180664.jpg,images/hct/data2/3-1702597579.7214022/vision/314-0.02069711685180664.jpg,"rough, grainy., fibrous, paper-like, grainy",cardboard
hct/3-1702597579.7214022/315-0.021420001983642578.jpg,hct,images/hct/data2/3-1702597579.7214022/tactile/315-0.021420001983642578.jpg,images/hct/data2/3-1702597579.7214022/vision/315-0.021420001983642578.jpg,"rough, grainy., firm",cardboard
hct/3-1702597579.7214022/317-0.020936012268066406.jpg,hct,images/hct/data2/3-1702597579.7214022/tactile/317-0.020936012268066406.jpg,images/hct/data2/3-1702597579.7214022/vision/317-0.020936012268066406.jpg,"grainy, firm, matte, textured",cardboard
hct/3-1702597579.7214022/318-0.02080988883972168.jpg,hct,images/hct/data2/3-1702597579.7214022/tactile/318-0.02080988883972168.jpg,images/hct/data2/3-1702597579.7214022/vision/318-0.02080988883972168.jpg,"textured, matte, firm, grainy, rigid",cardboard
hct/3-1702597579.7214022/319-0.02256011962890625.jpg,hct,images/hct/data2/3-1702597579.7214022/tactile/319-0.02256011962890625.jpg,images/hct/data2/3-1702597579.7214022/vision/319-0.02256011962890625.jpg,"textured, matte, firm",cardboard
hct/3-1702597579.7214022/320-0.020756006240844727.jpg,hct,images/hct/data2/3-1702597579.7214022/tactile/320-0.020756006240844727.jpg,images/hct/data2/3-1702597579.7214022/vision/320-0.020756006240844727.jpg,"textured, grainy., fibrous",cardboard
hct/3-1702597579.7214022/321-0.020804166793823242.jpg,hct,images/hct/data2/3-1702597579.7214022/tactile/321-0.020804166793823242.jpg,images/hct/data2/3-1702597579.7214022/vision/321-0.020804166793823242.jpg,"stiff, paper-like, rough, grainy, dry",cardboard
hct/3-1702597579.7214022/322-0.020055055618286133.jpg,hct,images/hct/data2/3-1702597579.7214022/tactile/322-0.020055055618286133.jpg,images/hct/data2/3-1702597579.7214022/vision/322-0.020055055618286133.jpg,"fibrous, firm, stiff, paper-like",cardboard
hct/3-1702597579.7214022/323-0.02079606056213379.jpg,hct,images/hct/data2/3-1702597579.7214022/tactile/323-0.02079606056213379.jpg,images/hct/data2/3-1702597579.7214022/vision/323-0.02079606056213379.jpg,"firm, grainy., paper-like, rigid",cardboard
hct/3-1702597579.7214022/324-0.02050304412841797.jpg,hct,images/hct/data2/3-1702597579.7214022/tactile/324-0.02050304412841797.jpg,images/hct/data2/3-1702597579.7214022/vision/324-0.02050304412841797.jpg,"stiff, firm, textured, grainy.",cardboard
hct/3-1702597579.7214022/325-0.021260976791381836.jpg,hct,images/hct/data2/3-1702597579.7214022/tactile/325-0.021260976791381836.jpg,images/hct/data2/3-1702597579.7214022/vision/325-0.021260976791381836.jpg,"paper-like, firm, stiff, rigid",cardboard
hct/3-1702597579.7214022/326-0.021544933319091797.jpg,hct,images/hct/data2/3-1702597579.7214022/tactile/326-0.021544933319091797.jpg,images/hct/data2/3-1702597579.7214022/vision/326-0.021544933319091797.jpg,"rigid, matte, dry, textured, grainy",cardboard
hct/3-1702597579.7214022/327-0.020542144775390625.jpg,hct,images/hct/data2/3-1702597579.7214022/tactile/327-0.020542144775390625.jpg,images/hct/data2/3-1702597579.7214022/vision/327-0.020542144775390625.jpg,"grainy., rigid, matte",cardboard
hct/3-1702597579.7214022/328-0.02220010757446289.jpg,hct,images/hct/data2/3-1702597579.7214022/tactile/328-0.02220010757446289.jpg,images/hct/data2/3-1702597579.7214022/vision/328-0.02220010757446289.jpg,"grainy., fibrous, rigid, grainy, matte",cardboard
hct/3-1702597579.7214022/329-0.021240234375.jpg,hct,images/hct/data2/3-1702597579.7214022/tactile/329-0.021240234375.jpg,images/hct/data2/3-1702597579.7214022/vision/329-0.021240234375.jpg,"matte, fibrous, grainy., rigid",cardboard
hct/3-1702597579.7214022/330-0.02132129669189453.jpg,hct,images/hct/data2/3-1702597579.7214022/tactile/330-0.02132129669189453.jpg,images/hct/data2/3-1702597579.7214022/vision/330-0.02132129669189453.jpg,"paper-like, stiff, matte, textured, grainy",cardboard
hct/3-1702597579.7214022/331-0.021409988403320312.jpg,hct,images/hct/data2/3-1702597579.7214022/tactile/331-0.021409988403320312.jpg,images/hct/data2/3-1702597579.7214022/vision/331-0.021409988403320312.jpg,"matte, dry, rigid",cardboard
hct/3-1702597579.7214022/332-0.021156787872314453.jpg,hct,images/hct/data2/3-1702597579.7214022/tactile/332-0.021156787872314453.jpg,images/hct/data2/3-1702597579.7214022/vision/332-0.021156787872314453.jpg,"matte, rough, fibrous",cardboard
hct/3-1702597579.7214022/333-0.02146601676940918.jpg,hct,images/hct/data2/3-1702597579.7214022/tactile/333-0.02146601676940918.jpg,images/hct/data2/3-1702597579.7214022/vision/333-0.02146601676940918.jpg,"firm, matte, grainy., grainy, fibrous",cardboard
hct/3-1702597579.7214022/334-0.0214540958404541.jpg,hct,images/hct/data2/3-1702597579.7214022/tactile/334-0.0214540958404541.jpg,images/hct/data2/3-1702597579.7214022/vision/334-0.0214540958404541.jpg,"textured, dry, paper-like, stiff, grainy",cardboard
hct/3-1702597579.7214022/335-0.02192401885986328.jpg,hct,images/hct/data2/3-1702597579.7214022/tactile/335-0.02192401885986328.jpg,images/hct/data2/3-1702597579.7214022/vision/335-0.02192401885986328.jpg,"textured, dry, rigid, fibrous, matte",cardboard
hct/3-1702597579.7214022/336-0.021224021911621094.jpg,hct,images/hct/data2/3-1702597579.7214022/tactile/336-0.021224021911621094.jpg,images/hct/data2/3-1702597579.7214022/vision/336-0.021224021911621094.jpg,"paper-like, rigid, rough, matte",cardboard
hct/3-1702597579.7214022/337-0.021557092666625977.jpg,hct,images/hct/data2/3-1702597579.7214022/tactile/337-0.021557092666625977.jpg,images/hct/data2/3-1702597579.7214022/vision/337-0.021557092666625977.jpg,"matte, textured, grainy., rigid, stiff",cardboard
hct/3-1702597579.7214022/338-0.02042102813720703.jpg,hct,images/hct/data2/3-1702597579.7214022/tactile/338-0.02042102813720703.jpg,images/hct/data2/3-1702597579.7214022/vision/338-0.02042102813720703.jpg,"rough, paper-like, dry, grainy, matte",cardboard
hct/3-1702597579.7214022/339-0.020781993865966797.jpg,hct,images/hct/data2/3-1702597579.7214022/tactile/339-0.020781993865966797.jpg,images/hct/data2/3-1702597579.7214022/vision/339-0.020781993865966797.jpg,"paper-like, fibrous, dry, stiff, matte",cardboard
hct/3-1702597579.7214022/340-0.02126312255859375.jpg,hct,images/hct/data2/3-1702597579.7214022/tactile/340-0.02126312255859375.jpg,images/hct/data2/3-1702597579.7214022/vision/340-0.02126312255859375.jpg,"matte, rigid, paper-like, firm",cardboard
hct/3-1702597579.7214022/341-0.019889116287231445.jpg,hct,images/hct/data2/3-1702597579.7214022/tactile/341-0.019889116287231445.jpg,images/hct/data2/3-1702597579.7214022/vision/341-0.019889116287231445.jpg,"textured, fibrous, grainy, grainy.",cardboard
hct/3-1702597579.7214022/342-0.021575927734375.jpg,hct,images/hct/data2/3-1702597579.7214022/tactile/342-0.021575927734375.jpg,images/hct/data2/3-1702597579.7214022/vision/342-0.021575927734375.jpg,"stiff, grainy, textured",cardboard
hct/3-1702597579.7214022/343-0.022912025451660156.jpg,hct,images/hct/data2/3-1702597579.7214022/tactile/343-0.022912025451660156.jpg,images/hct/data2/3-1702597579.7214022/vision/343-0.022912025451660156.jpg,"firm, paper-like, textured, dry, matte",cardboard
hct/3-1702597579.7214022/344-0.01994609832763672.jpg,hct,images/hct/data2/3-1702597579.7214022/tactile/344-0.01994609832763672.jpg,images/hct/data2/3-1702597579.7214022/vision/344-0.01994609832763672.jpg,"fibrous, textured, grainy.",cardboard
hct/3-1702597579.7214022/345-0.02057790756225586.jpg,hct,images/hct/data2/3-1702597579.7214022/tactile/345-0.02057790756225586.jpg,images/hct/data2/3-1702597579.7214022/vision/345-0.02057790756225586.jpg,"rough, grainy, grainy., matte, textured",cardboard
hct/3-1702597579.7214022/346-0.021100997924804688.jpg,hct,images/hct/data2/3-1702597579.7214022/tactile/346-0.021100997924804688.jpg,images/hct/data2/3-1702597579.7214022/vision/346-0.021100997924804688.jpg,"rigid, paper-like, firm",cardboard
hct/3-1702597579.7214022/347-0.020897865295410156.jpg,hct,images/hct/data2/3-1702597579.7214022/tactile/347-0.020897865295410156.jpg,images/hct/data2/3-1702597579.7214022/vision/347-0.020897865295410156.jpg,"rough, grainy, matte, fibrous, dry",cardboard
hct/3-1702597579.7214022/348-0.020882844924926758.jpg,hct,images/hct/data2/3-1702597579.7214022/tactile/348-0.020882844924926758.jpg,images/hct/data2/3-1702597579.7214022/vision/348-0.020882844924926758.jpg,"grainy, rough, firm, fibrous",cardboard
hct/3-1702597579.7214022/349-0.020506858825683594.jpg,hct,images/hct/data2/3-1702597579.7214022/tactile/349-0.020506858825683594.jpg,images/hct/data2/3-1702597579.7214022/vision/349-0.020506858825683594.jpg,"stiff, firm, textured, paper-like, rough",cardboard
hct/3-1702597579.7214022/350-0.02266216278076172.jpg,hct,images/hct/data2/3-1702597579.7214022/tactile/350-0.02266216278076172.jpg,images/hct/data2/3-1702597579.7214022/vision/350-0.02266216278076172.jpg,"paper-like, grainy, rigid",cardboard
hct/3-1702597579.7214022/351-0.020529985427856445.jpg,hct,images/hct/data2/3-1702597579.7214022/tactile/351-0.020529985427856445.jpg,images/hct/data2/3-1702597579.7214022/vision/351-0.020529985427856445.jpg,"grainy, paper-like, rigid, dry, stiff",cardboard
hct/3-1705015435.6825202/208-0.022668123245239258.jpg,hct,images/hct/data3/3-1705015435.6825202/tactile/208-0.022668123245239258.jpg,images/hct/data3/3-1705015435.6825202/vision/208-0.022668123245239258.jpg,"textured, porous, irregular, firm, uneven",coral
hct/3-1705015435.6825202/209-0.022641897201538086.jpg,hct,images/hct/data3/3-1705015435.6825202/tactile/209-0.022641897201538086.jpg,images/hct/data3/3-1705015435.6825202/vision/209-0.022641897201538086.jpg,"abrasive, solid, cool, flat",coral
hct/3-1705015435.6825202/213-0.02274608612060547.jpg,hct,images/hct/data3/3-1705015435.6825202/tactile/213-0.02274608612060547.jpg,images/hct/data3/3-1705015435.6825202/vision/213-0.02274608612060547.jpg,"firm, irregular, textured, cool",coral
hct/3-1705015435.6825202/214-0.022442102432250977.jpg,hct,images/hct/data3/3-1705015435.6825202/tactile/214-0.022442102432250977.jpg,images/hct/data3/3-1705015435.6825202/vision/214-0.022442102432250977.jpg,"solid, firm, irregular, textured",coral
hct/3-1705015435.6825202/215-0.023340940475463867.jpg,hct,images/hct/data3/3-1705015435.6825202/tactile/215-0.023340940475463867.jpg,images/hct/data3/3-1705015435.6825202/vision/215-0.023340940475463867.jpg,"smooth, matte, firm, cool, flat",coral
hct/3-1705015435.6825202/216-0.02230691909790039.jpg,hct,images/hct/data3/3-1705015435.6825202/tactile/216-0.02230691909790039.jpg,images/hct/data3/3-1705015435.6825202/vision/216-0.02230691909790039.jpg,"smooth, flat, abrasive",coral
hct/3-1705015435.6825202/217-0.023059844970703125.jpg,hct,images/hct/data3/3-1705015435.6825202/tactile/217-0.023059844970703125.jpg,images/hct/data3/3-1705015435.6825202/vision/217-0.023059844970703125.jpg,"smooth, cool, hard, flat, matte",coral
hct/3-1705015435.6825202/218-0.022732973098754883.jpg,hct,images/hct/data3/3-1705015435.6825202/tactile/218-0.022732973098754883.jpg,images/hct/data3/3-1705015435.6825202/vision/218-0.022732973098754883.jpg,"textured, solid, hard, rigid, uneven",coral
hct/3-1705015435.6825202/219-0.023288249969482422.jpg,hct,images/hct/data3/3-1705015435.6825202/tactile/219-0.023288249969482422.jpg,images/hct/data3/3-1705015435.6825202/vision/219-0.023288249969482422.jpg,"rough, firm, flat",coral
hct/3-1705015435.6825202/220-0.023138761520385742.jpg,hct,images/hct/data3/3-1705015435.6825202/tactile/220-0.023138761520385742.jpg,images/hct/data3/3-1705015435.6825202/vision/220-0.023138761520385742.jpg,"firm, uneven, flat, rough",coral
hct/3-1705015435.6825202/221-0.02318406105041504.jpg,hct,images/hct/data3/3-1705015435.6825202/tactile/221-0.02318406105041504.jpg,images/hct/data3/3-1705015435.6825202/vision/221-0.02318406105041504.jpg,"firm, flat, abrasive, porous, solid",coral
hct/3-1705015435.6825202/222-0.023396968841552734.jpg,hct,images/hct/data3/3-1705015435.6825202/tactile/222-0.023396968841552734.jpg,images/hct/data3/3-1705015435.6825202/vision/222-0.023396968841552734.jpg,"flat, hard, abrasive, rough",coral
hct/3-1705015435.6825202/223-0.0232088565826416.jpg,hct,images/hct/data3/3-1705015435.6825202/tactile/223-0.0232088565826416.jpg,images/hct/data3/3-1705015435.6825202/vision/223-0.0232088565826416.jpg,"smooth, flat, solid, cool, matte",coral
hct/3-1705015435.6825202/224-0.0229642391204834.jpg,hct,images/hct/data3/3-1705015435.6825202/tactile/224-0.0229642391204834.jpg,images/hct/data3/3-1705015435.6825202/vision/224-0.0229642391204834.jpg,"solid, rigid, cool, textured, smooth",coral
hct/3-1705015435.6825202/225-0.023076772689819336.jpg,hct,images/hct/data3/3-1705015435.6825202/tactile/225-0.023076772689819336.jpg,images/hct/data3/3-1705015435.6825202/vision/225-0.023076772689819336.jpg,"uneven, rigid, hard, cool, irregular",coral
hct/3-1705015435.6825202/226-0.022958040237426758.jpg,hct,images/hct/data3/3-1705015435.6825202/tactile/226-0.022958040237426758.jpg,images/hct/data3/3-1705015435.6825202/vision/226-0.022958040237426758.jpg,"smooth, textured, hard, reflective",coral
hct/3-1705015435.6825202/227-0.022162914276123047.jpg,hct,images/hct/data3/3-1705015435.6825202/tactile/227-0.022162914276123047.jpg,images/hct/data3/3-1705015435.6825202/vision/227-0.022162914276123047.jpg,"reflective, smooth, firm",coral
hct/3-1705015435.6825202/228-0.023623228073120117.jpg,hct,images/hct/data3/3-1705015435.6825202/tactile/228-0.023623228073120117.jpg,images/hct/data3/3-1705015435.6825202/vision/228-0.023623228073120117.jpg,"firm, rough, smooth, abrasive, irregular",coral
hct/3-1705015435.6825202/229-0.022748231887817383.jpg,hct,images/hct/data3/3-1705015435.6825202/tactile/229-0.022748231887817383.jpg,images/hct/data3/3-1705015435.6825202/vision/229-0.022748231887817383.jpg,"irregular, matte, abrasive, textured, rough",coral
hct/3-1705015435.6825202/230-0.023518085479736328.jpg,hct,images/hct/data3/3-1705015435.6825202/tactile/230-0.023518085479736328.jpg,images/hct/data3/3-1705015435.6825202/vision/230-0.023518085479736328.jpg,"smooth, matte, firm, cool, flat",coral
hct/3-1705015435.6825202/232-0.022840023040771484.jpg,hct,images/hct/data3/3-1705015435.6825202/tactile/232-0.022840023040771484.jpg,images/hct/data3/3-1705015435.6825202/vision/232-0.022840023040771484.jpg,"smooth, matte, firm, cool, flat",coral
hct/3-1705015435.6825202/233-0.023321151733398438.jpg,hct,images/hct/data3/3-1705015435.6825202/tactile/233-0.023321151733398438.jpg,images/hct/data3/3-1705015435.6825202/vision/233-0.023321151733398438.jpg,"solid, rough, smooth, irregular, porous",coral
hct/3-1705015435.6825202/234-0.02324676513671875.jpg,hct,images/hct/data3/3-1705015435.6825202/tactile/234-0.02324676513671875.jpg,images/hct/data3/3-1705015435.6825202/vision/234-0.02324676513671875.jpg,"flat, irregular, textured, smooth",coral
hct/3-1705015435.6825202/235-0.022430896759033203.jpg,hct,images/hct/data3/3-1705015435.6825202/tactile/235-0.022430896759033203.jpg,images/hct/data3/3-1705015435.6825202/vision/235-0.022430896759033203.jpg,"textured, firm, cool, matte, rigid",coral
hct/3-1705015435.6825202/236-0.022536039352416992.jpg,hct,images/hct/data3/3-1705015435.6825202/tactile/236-0.022536039352416992.jpg,images/hct/data3/3-1705015435.6825202/vision/236-0.022536039352416992.jpg,"cool, uneven, firm",coral
hct/3-1705015435.6825202/237-0.02308797836303711.jpg,hct,images/hct/data3/3-1705015435.6825202/tactile/237-0.02308797836303711.jpg,images/hct/data3/3-1705015435.6825202/vision/237-0.02308797836303711.jpg,"solid, textured, cool, hard, matte",coral
hct/3-1705015435.6825202/238-0.02343893051147461.jpg,hct,images/hct/data3/3-1705015435.6825202/tactile/238-0.02343893051147461.jpg,images/hct/data3/3-1705015435.6825202/vision/238-0.02343893051147461.jpg,"smooth, solid, cool, matte, flat",coral
hct/3-1705015435.6825202/239-0.02319192886352539.jpg,hct,images/hct/data3/3-1705015435.6825202/tactile/239-0.02319192886352539.jpg,images/hct/data3/3-1705015435.6825202/vision/239-0.02319192886352539.jpg,"abrasive, flat, porous",coral
hct/3-1705015435.6825202/240-0.02289724349975586.jpg,hct,images/hct/data3/3-1705015435.6825202/tactile/240-0.02289724349975586.jpg,images/hct/data3/3-1705015435.6825202/vision/240-0.02289724349975586.jpg,"firm, irregular, hard",coral
hct/3-1705015435.6825202/241-0.0228269100189209.jpg,hct,images/hct/data3/3-1705015435.6825202/tactile/241-0.0228269100189209.jpg,images/hct/data3/3-1705015435.6825202/vision/241-0.0228269100189209.jpg,"solid, irregular, reflective, hard, rigid",coral
hct/3-1705015435.6825202/242-0.023087024688720703.jpg,hct,images/hct/data3/3-1705015435.6825202/tactile/242-0.023087024688720703.jpg,images/hct/data3/3-1705015435.6825202/vision/242-0.023087024688720703.jpg,"flat, textured, firm, reflective",coral
hct/3-1705015435.6825202/243-0.02238607406616211.jpg,hct,images/hct/data3/3-1705015435.6825202/tactile/243-0.02238607406616211.jpg,images/hct/data3/3-1705015435.6825202/vision/243-0.02238607406616211.jpg,"firm, textured, flat, cool",coral
hct/3-1705015435.6825202/244-0.022506237030029297.jpg,hct,images/hct/data3/3-1705015435.6825202/tactile/244-0.022506237030029297.jpg,images/hct/data3/3-1705015435.6825202/vision/244-0.022506237030029297.jpg,"abrasive, irregular, reflective",coral
hct/3-1705015435.6825202/245-0.023456096649169922.jpg,hct,images/hct/data3/3-1705015435.6825202/tactile/245-0.023456096649169922.jpg,images/hct/data3/3-1705015435.6825202/vision/245-0.023456096649169922.jpg,"rigid, reflective, smooth",coral
hct/3-1705015435.6825202/246-0.02332329750061035.jpg,hct,images/hct/data3/3-1705015435.6825202/tactile/246-0.02332329750061035.jpg,images/hct/data3/3-1705015435.6825202/vision/246-0.02332329750061035.jpg,"cool, textured, solid, firm",coral
hct/3-1705015435.6825202/247-0.022433996200561523.jpg,hct,images/hct/data3/3-1705015435.6825202/tactile/247-0.022433996200561523.jpg,images/hct/data3/3-1705015435.6825202/vision/247-0.022433996200561523.jpg,"abrasive, hard, solid",coral
hct/3-1705015435.6825202/248-0.022657155990600586.jpg,hct,images/hct/data3/3-1705015435.6825202/tactile/248-0.022657155990600586.jpg,images/hct/data3/3-1705015435.6825202/vision/248-0.022657155990600586.jpg,"reflective, irregular, flat, abrasive, uneven",coral
hct/3-1705015435.6825202/249-0.02267313003540039.jpg,hct,images/hct/data3/3-1705015435.6825202/tactile/249-0.02267313003540039.jpg,images/hct/data3/3-1705015435.6825202/vision/249-0.02267313003540039.jpg,"textured, porous, uneven, rigid, abrasive",coral
hct/3-1705015435.6825202/250-0.022753000259399414.jpg,hct,images/hct/data3/3-1705015435.6825202/tactile/250-0.022753000259399414.jpg,images/hct/data3/3-1705015435.6825202/vision/250-0.022753000259399414.jpg,"reflective, textured, smooth, firm, porous",coral
hct/3-1705015435.6825202/251-0.023324966430664062.jpg,hct,images/hct/data3/3-1705015435.6825202/tactile/251-0.023324966430664062.jpg,images/hct/data3/3-1705015435.6825202/vision/251-0.023324966430664062.jpg,"smooth, reflective, hard, cool, matte",coral
hct/3-1705015435.6825202/252-0.0230252742767334.jpg,hct,images/hct/data3/3-1705015435.6825202/tactile/252-0.0230252742767334.jpg,images/hct/data3/3-1705015435.6825202/vision/252-0.0230252742767334.jpg,"cool, hard, solid",coral
hct/3-1705015435.6825202/253-0.02295517921447754.jpg,hct,images/hct/data3/3-1705015435.6825202/tactile/253-0.02295517921447754.jpg,images/hct/data3/3-1705015435.6825202/vision/253-0.02295517921447754.jpg,"rigid, abrasive, irregular, flat, hard",coral
hct/3-1705015435.6825202/254-0.022172927856445312.jpg,hct,images/hct/data3/3-1705015435.6825202/tactile/254-0.022172927856445312.jpg,images/hct/data3/3-1705015435.6825202/vision/254-0.022172927856445312.jpg,"matte, uneven, flat",coral
hct/3-1705015435.6825202/255-0.021855831146240234.jpg,hct,images/hct/data3/3-1705015435.6825202/tactile/255-0.021855831146240234.jpg,images/hct/data3/3-1705015435.6825202/vision/255-0.021855831146240234.jpg,"rigid, smooth, hard, irregular",coral
hct/3-1705015435.6825202/256-0.02316904067993164.jpg,hct,images/hct/data3/3-1705015435.6825202/tactile/256-0.02316904067993164.jpg,images/hct/data3/3-1705015435.6825202/vision/256-0.02316904067993164.jpg,"abrasive, smooth, cool, rough",coral
hct/3-1705015435.6825202/257-0.022890329360961914.jpg,hct,images/hct/data3/3-1705015435.6825202/tactile/257-0.022890329360961914.jpg,images/hct/data3/3-1705015435.6825202/vision/257-0.022890329360961914.jpg,"cool, reflective, uneven, rough",coral
hct/3-1705015435.6825202/258-0.023509740829467773.jpg,hct,images/hct/data3/3-1705015435.6825202/tactile/258-0.023509740829467773.jpg,images/hct/data3/3-1705015435.6825202/vision/258-0.023509740829467773.jpg,"smooth, solid, flat, cool, matte",coral
hct/3-1705015435.6825202/259-0.023350954055786133.jpg,hct,images/hct/data3/3-1705015435.6825202/tactile/259-0.023350954055786133.jpg,images/hct/data3/3-1705015435.6825202/vision/259-0.023350954055786133.jpg,"abrasive, hard, textured, uneven, irregular",coral
hct/3-1705015435.6825202/260-0.02247786521911621.jpg,hct,images/hct/data3/3-1705015435.6825202/tactile/260-0.02247786521911621.jpg,images/hct/data3/3-1705015435.6825202/vision/260-0.02247786521911621.jpg,"firm, smooth, uneven, rough",coral
hct/3-1705015435.6825202/261-0.023194074630737305.jpg,hct,images/hct/data3/3-1705015435.6825202/tactile/261-0.023194074630737305.jpg,images/hct/data3/3-1705015435.6825202/vision/261-0.023194074630737305.jpg,"abrasive, solid, rough, uneven",coral
hct/3-1705015435.6825202/262-0.022218942642211914.jpg,hct,images/hct/data3/3-1705015435.6825202/tactile/262-0.022218942642211914.jpg,images/hct/data3/3-1705015435.6825202/vision/262-0.022218942642211914.jpg,"firm, porous, uneven, reflective",coral
hct/3-1705015435.6825202/263-0.02290797233581543.jpg,hct,images/hct/data3/3-1705015435.6825202/tactile/263-0.02290797233581543.jpg,images/hct/data3/3-1705015435.6825202/vision/263-0.02290797233581543.jpg,"textured, solid, irregular, firm",coral
hct/3-1705015435.6825202/264-0.022367000579833984.jpg,hct,images/hct/data3/3-1705015435.6825202/tactile/264-0.022367000579833984.jpg,images/hct/data3/3-1705015435.6825202/vision/264-0.022367000579833984.jpg,"textured, uneven, flat, solid, reflective",coral
hct/3-1705015435.6825202/265-0.021763086318969727.jpg,hct,images/hct/data3/3-1705015435.6825202/tactile/265-0.021763086318969727.jpg,images/hct/data3/3-1705015435.6825202/vision/265-0.021763086318969727.jpg,"textured, firm, cool, matte, rigid",coral
hct/3-1705015435.6825202/266-0.023187875747680664.jpg,hct,images/hct/data3/3-1705015435.6825202/tactile/266-0.023187875747680664.jpg,images/hct/data3/3-1705015435.6825202/vision/266-0.023187875747680664.jpg,"smooth, cool, hard, flat, matte",coral
hct/3-1705015435.6825202/267-0.022698163986206055.jpg,hct,images/hct/data3/3-1705015435.6825202/tactile/267-0.022698163986206055.jpg,images/hct/data3/3-1705015435.6825202/vision/267-0.022698163986206055.jpg,"smooth, reflective, hard, cool, matte",coral
hct/3-1705015435.6825202/268-0.022300004959106445.jpg,hct,images/hct/data3/3-1705015435.6825202/tactile/268-0.022300004959106445.jpg,images/hct/data3/3-1705015435.6825202/vision/268-0.022300004959106445.jpg,"abrasive, smooth, uneven",coral
hct/3-1705015435.6825202/269-0.022550106048583984.jpg,hct,images/hct/data3/3-1705015435.6825202/tactile/269-0.022550106048583984.jpg,images/hct/data3/3-1705015435.6825202/vision/269-0.022550106048583984.jpg,"matte, solid, rough, abrasive, flat",coral
hct/3-1705015435.6825202/270-0.021641969680786133.jpg,hct,images/hct/data3/3-1705015435.6825202/tactile/270-0.021641969680786133.jpg,images/hct/data3/3-1705015435.6825202/vision/270-0.021641969680786133.jpg,"abrasive, solid, hard",coral
hct/3-1705015435.6825202/271-0.023043155670166016.jpg,hct,images/hct/data3/3-1705015435.6825202/tactile/271-0.023043155670166016.jpg,images/hct/data3/3-1705015435.6825202/vision/271-0.023043155670166016.jpg,"uneven, rigid, porous, reflective, irregular",coral
hct/3-1705015435.6825202/272-0.02277684211730957.jpg,hct,images/hct/data3/3-1705015435.6825202/tactile/272-0.02277684211730957.jpg,images/hct/data3/3-1705015435.6825202/vision/272-0.02277684211730957.jpg,"uneven, rough, cool, abrasive",coral
hct/3-1705015435.6825202/273-0.022799968719482422.jpg,hct,images/hct/data3/3-1705015435.6825202/tactile/273-0.022799968719482422.jpg,images/hct/data3/3-1705015435.6825202/vision/273-0.022799968719482422.jpg,"textured, hard, uneven, porous",coral
hct/3-1705015435.6825202/274-0.022984027862548828.jpg,hct,images/hct/data3/3-1705015435.6825202/tactile/274-0.022984027862548828.jpg,images/hct/data3/3-1705015435.6825202/vision/274-0.022984027862548828.jpg,"abrasive, porous, rigid",coral
hct/3-1705015435.6825202/275-0.02097010612487793.jpg,hct,images/hct/data3/3-1705015435.6825202/tactile/275-0.02097010612487793.jpg,images/hct/data3/3-1705015435.6825202/vision/275-0.02097010612487793.jpg,"smooth, matte, firm, cool, flat",coral
hct/3-1705015435.6825202/276-0.02201986312866211.jpg,hct,images/hct/data3/3-1705015435.6825202/tactile/276-0.02201986312866211.jpg,images/hct/data3/3-1705015435.6825202/vision/276-0.02201986312866211.jpg,"rigid, rough, solid, uneven",coral
hct/3-1705015435.6825202/277-0.02170395851135254.jpg,hct,images/hct/data3/3-1705015435.6825202/tactile/277-0.02170395851135254.jpg,images/hct/data3/3-1705015435.6825202/vision/277-0.02170395851135254.jpg,"solid, rough, textured",coral
hct/3-1705015435.6825202/278-0.02300119400024414.jpg,hct,images/hct/data3/3-1705015435.6825202/tactile/278-0.02300119400024414.jpg,images/hct/data3/3-1705015435.6825202/vision/278-0.02300119400024414.jpg,"solid, cool, rigid, porous, smooth",coral
hct/3-1705015435.6825202/279-0.021891117095947266.jpg,hct,images/hct/data3/3-1705015435.6825202/tactile/279-0.021891117095947266.jpg,images/hct/data3/3-1705015435.6825202/vision/279-0.021891117095947266.jpg,"irregular, uneven, solid, cool",coral
hct/3-1705015435.6825202/280-0.02249431610107422.jpg,hct,images/hct/data3/3-1705015435.6825202/tactile/280-0.02249431610107422.jpg,images/hct/data3/3-1705015435.6825202/vision/280-0.02249431610107422.jpg,"firm, smooth, textured",coral
hct/3-1705015435.6825202/281-0.022687911987304688.jpg,hct,images/hct/data3/3-1705015435.6825202/tactile/281-0.022687911987304688.jpg,images/hct/data3/3-1705015435.6825202/vision/281-0.022687911987304688.jpg,"textured, porous, irregular, rough, uneven",coral
hct/3-1705015435.6825202/282-0.022446155548095703.jpg,hct,images/hct/data3/3-1705015435.6825202/tactile/282-0.022446155548095703.jpg,images/hct/data3/3-1705015435.6825202/vision/282-0.022446155548095703.jpg,"textured, porous, uneven, rigid, abrasive",coral
hct/3-1705015435.6825202/283-0.02234506607055664.jpg,hct,images/hct/data3/3-1705015435.6825202/tactile/283-0.02234506607055664.jpg,images/hct/data3/3-1705015435.6825202/vision/283-0.02234506607055664.jpg,"smooth, matte, firm, cool, flat",coral
hct/3-1705015435.6825202/284-0.02288079261779785.jpg,hct,images/hct/data3/3-1705015435.6825202/tactile/284-0.02288079261779785.jpg,images/hct/data3/3-1705015435.6825202/vision/284-0.02288079261779785.jpg,"irregular, hard, matte, smooth",coral
hct/3-1705015435.6825202/285-0.022337913513183594.jpg,hct,images/hct/data3/3-1705015435.6825202/tactile/285-0.022337913513183594.jpg,images/hct/data3/3-1705015435.6825202/vision/285-0.022337913513183594.jpg,"smooth, matte, firm, cool, flat",coral
hct/3-1705015435.6825202/286-0.022364139556884766.jpg,hct,images/hct/data3/3-1705015435.6825202/tactile/286-0.022364139556884766.jpg,images/hct/data3/3-1705015435.6825202/vision/286-0.022364139556884766.jpg,"reflective, hard, abrasive, uneven",coral
hct/3-1705015435.6825202/287-0.02227187156677246.jpg,hct,images/hct/data3/3-1705015435.6825202/tactile/287-0.02227187156677246.jpg,images/hct/data3/3-1705015435.6825202/vision/287-0.02227187156677246.jpg,"irregular, rough, porous, smooth, solid",coral
hct/3-1705015435.6825202/288-0.02248692512512207.jpg,hct,images/hct/data3/3-1705015435.6825202/tactile/288-0.02248692512512207.jpg,images/hct/data3/3-1705015435.6825202/vision/288-0.02248692512512207.jpg,"smooth, cool, hard, matte, solid",coral
hct/3-1705015435.6825202/289-0.02318572998046875.jpg,hct,images/hct/data3/3-1705015435.6825202/tactile/289-0.02318572998046875.jpg,images/hct/data3/3-1705015435.6825202/vision/289-0.02318572998046875.jpg,"rigid, porous, hard, abrasive",coral
hct/3-1705015435.6825202/290-0.022938966751098633.jpg,hct,images/hct/data3/3-1705015435.6825202/tactile/290-0.022938966751098633.jpg,images/hct/data3/3-1705015435.6825202/vision/290-0.022938966751098633.jpg,"reflective, cool, firm, porous, solid",coral
hct/3-1705015435.6825202/291-0.022169828414916992.jpg,hct,images/hct/data3/3-1705015435.6825202/tactile/291-0.022169828414916992.jpg,images/hct/data3/3-1705015435.6825202/vision/291-0.022169828414916992.jpg,"solid, irregular, smooth, cool",coral
hct/3-1705015435.6825202/292-0.022999048233032227.jpg,hct,images/hct/data3/3-1705015435.6825202/tactile/292-0.022999048233032227.jpg,images/hct/data3/3-1705015435.6825202/vision/292-0.022999048233032227.jpg,"abrasive, uneven, hard, smooth, rigid",coral
hct/3-1705015435.6825202/293-0.0230100154876709.jpg,hct,images/hct/data3/3-1705015435.6825202/tactile/293-0.0230100154876709.jpg,images/hct/data3/3-1705015435.6825202/vision/293-0.0230100154876709.jpg,"abrasive, rough, textured, hard",coral
hct/3-1705015435.6825202/294-0.022501707077026367.jpg,hct,images/hct/data3/3-1705015435.6825202/tactile/294-0.022501707077026367.jpg,images/hct/data3/3-1705015435.6825202/vision/294-0.022501707077026367.jpg,"rigid, firm, abrasive, matte, cool",coral
hct/3-1705015435.6825202/295-0.02227187156677246.jpg,hct,images/hct/data3/3-1705015435.6825202/tactile/295-0.02227187156677246.jpg,images/hct/data3/3-1705015435.6825202/vision/295-0.02227187156677246.jpg,"hard, firm, uneven, reflective",coral
hct/3-1705015435.6825202/296-0.022374868392944336.jpg,hct,images/hct/data3/3-1705015435.6825202/tactile/296-0.022374868392944336.jpg,images/hct/data3/3-1705015435.6825202/vision/296-0.022374868392944336.jpg,"matte, uneven, hard, abrasive, porous",coral
hct/3-1705015435.6825202/297-0.02225494384765625.jpg,hct,images/hct/data3/3-1705015435.6825202/tactile/297-0.02225494384765625.jpg,images/hct/data3/3-1705015435.6825202/vision/297-0.02225494384765625.jpg,"textured, firm, reflective, solid",coral
hct/3-1705015435.6825202/298-0.02368903160095215.jpg,hct,images/hct/data3/3-1705015435.6825202/tactile/298-0.02368903160095215.jpg,images/hct/data3/3-1705015435.6825202/vision/298-0.02368903160095215.jpg,"cool, uneven, firm, reflective",coral
hct/3-1705015435.6825202/299-0.022485017776489258.jpg,hct,images/hct/data3/3-1705015435.6825202/tactile/299-0.022485017776489258.jpg,images/hct/data3/3-1705015435.6825202/vision/299-0.022485017776489258.jpg,"reflective, flat, abrasive, uneven, irregular",coral
hct/3-1705015435.6825202/300-0.02293992042541504.jpg,hct,images/hct/data3/3-1705015435.6825202/tactile/300-0.02293992042541504.jpg,images/hct/data3/3-1705015435.6825202/vision/300-0.02293992042541504.jpg,"matte, firm, reflective, cool, smooth",coral
hct/3-1705015435.6825202/301-0.0221860408782959.jpg,hct,images/hct/data3/3-1705015435.6825202/tactile/301-0.0221860408782959.jpg,images/hct/data3/3-1705015435.6825202/vision/301-0.0221860408782959.jpg,"smooth, cool, irregular",coral
hct/3-1705015435.6825202/302-0.02370476722717285.jpg,hct,images/hct/data3/3-1705015435.6825202/tactile/302-0.02370476722717285.jpg,images/hct/data3/3-1705015435.6825202/vision/302-0.02370476722717285.jpg,"irregular, rough, abrasive",coral
hct/3-1705015435.6825202/303-0.022290945053100586.jpg,hct,images/hct/data3/3-1705015435.6825202/tactile/303-0.022290945053100586.jpg,images/hct/data3/3-1705015435.6825202/vision/303-0.022290945053100586.jpg,"hard, cool, abrasive, uneven",coral
hct/3-1705015435.6825202/304-0.02205491065979004.jpg,hct,images/hct/data3/3-1705015435.6825202/tactile/304-0.02205491065979004.jpg,images/hct/data3/3-1705015435.6825202/vision/304-0.02205491065979004.jpg,"flat, smooth, textured, abrasive, solid",coral
hct/3-1705015435.6825202/305-0.022319793701171875.jpg,hct,images/hct/data3/3-1705015435.6825202/tactile/305-0.022319793701171875.jpg,images/hct/data3/3-1705015435.6825202/vision/305-0.022319793701171875.jpg,"rough, porous, smooth",coral
hct/3-1705015435.6825202/306-0.02240467071533203.jpg,hct,images/hct/data3/3-1705015435.6825202/tactile/306-0.02240467071533203.jpg,images/hct/data3/3-1705015435.6825202/vision/306-0.02240467071533203.jpg,"porous, irregular, flat, hard, uneven",coral
hct/3-1705015435.6825202/307-0.023303747177124023.jpg,hct,images/hct/data3/3-1705015435.6825202/tactile/307-0.023303747177124023.jpg,images/hct/data3/3-1705015435.6825202/vision/307-0.023303747177124023.jpg,"smooth, matte, firm, cool, flat",coral
hct/3-1705015435.6825202/308-0.02355813980102539.jpg,hct,images/hct/data3/3-1705015435.6825202/tactile/308-0.02355813980102539.jpg,images/hct/data3/3-1705015435.6825202/vision/308-0.02355813980102539.jpg,"textured, hard, solid, uneven",coral
hct/3-1705015435.6825202/309-0.022544145584106445.jpg,hct,images/hct/data3/3-1705015435.6825202/tactile/309-0.022544145584106445.jpg,images/hct/data3/3-1705015435.6825202/vision/309-0.022544145584106445.jpg,"flat, smooth, rigid",coral
hct/3-1705015435.6825202/310-0.040374040603637695.jpg,hct,images/hct/data3/3-1705015435.6825202/tactile/310-0.040374040603637695.jpg,images/hct/data3/3-1705015435.6825202/vision/310-0.040374040603637695.jpg,"abrasive, reflective, solid, uneven, matte",coral
hct/3-1705015435.6825202/311-0.02330303192138672.jpg,hct,images/hct/data3/3-1705015435.6825202/tactile/311-0.02330303192138672.jpg,images/hct/data3/3-1705015435.6825202/vision/311-0.02330303192138672.jpg,"flat, smooth, uneven, hard",coral
hct/3-1705015435.6825202/312-0.02277088165283203.jpg,hct,images/hct/data3/3-1705015435.6825202/tactile/312-0.02277088165283203.jpg,images/hct/data3/3-1705015435.6825202/vision/312-0.02277088165283203.jpg,"textured, flat, uneven, rough, irregular",coral
hct/3-1705015435.6825202/313-0.02206897735595703.jpg,hct,images/hct/data3/3-1705015435.6825202/tactile/313-0.02206897735595703.jpg,images/hct/data3/3-1705015435.6825202/vision/313-0.02206897735595703.jpg,"textured, porous, uneven, rigid, abrasive",coral
hct/3-1705015435.6825202/314-0.02327561378479004.jpg,hct,images/hct/data3/3-1705015435.6825202/tactile/314-0.02327561378479004.jpg,images/hct/data3/3-1705015435.6825202/vision/314-0.02327561378479004.jpg,"reflective, cool, uneven, rigid",coral
hct/3-1705015435.6825202/315-0.022017955780029297.jpg,hct,images/hct/data3/3-1705015435.6825202/tactile/315-0.022017955780029297.jpg,images/hct/data3/3-1705015435.6825202/vision/315-0.022017955780029297.jpg,"textured, porous, uneven, rigid, abrasive",coral
hct/3-1705015435.6825202/316-0.02279496192932129.jpg,hct,images/hct/data3/3-1705015435.6825202/tactile/316-0.02279496192932129.jpg,images/hct/data3/3-1705015435.6825202/vision/316-0.02279496192932129.jpg,"matte, firm, abrasive, rigid, rough",coral
hct/3-1705015435.6825202/317-0.023407936096191406.jpg,hct,images/hct/data3/3-1705015435.6825202/tactile/317-0.023407936096191406.jpg,images/hct/data3/3-1705015435.6825202/vision/317-0.023407936096191406.jpg,"flat, uneven, rigid, matte, cool",coral
hct/3-1705015435.6825202/318-0.022961854934692383.jpg,hct,images/hct/data3/3-1705015435.6825202/tactile/318-0.022961854934692383.jpg,images/hct/data3/3-1705015435.6825202/vision/318-0.022961854934692383.jpg,"smooth, matte, firm, cool, flat",coral
hct/3-1705015435.6825202/319-0.023138761520385742.jpg,hct,images/hct/data3/3-1705015435.6825202/tactile/319-0.023138761520385742.jpg,images/hct/data3/3-1705015435.6825202/vision/319-0.023138761520385742.jpg,"firm, rough, cool, irregular, reflective",coral
hct/3-1705015435.6825202/320-0.022967100143432617.jpg,hct,images/hct/data3/3-1705015435.6825202/tactile/320-0.022967100143432617.jpg,images/hct/data3/3-1705015435.6825202/vision/320-0.022967100143432617.jpg,"irregular, rigid, matte, porous",coral
hct/3-1705015435.6825202/321-0.023196935653686523.jpg,hct,images/hct/data3/3-1705015435.6825202/tactile/321-0.023196935653686523.jpg,images/hct/data3/3-1705015435.6825202/vision/321-0.023196935653686523.jpg,"smooth, irregular, firm, uneven",coral
hct/3-1705015435.6825202/322-0.023160696029663086.jpg,hct,images/hct/data3/3-1705015435.6825202/tactile/322-0.023160696029663086.jpg,images/hct/data3/3-1705015435.6825202/vision/322-0.023160696029663086.jpg,"porous, solid, smooth, flat",coral
hct/3-1705015435.6825202/323-0.022420883178710938.jpg,hct,images/hct/data3/3-1705015435.6825202/tactile/323-0.022420883178710938.jpg,images/hct/data3/3-1705015435.6825202/vision/323-0.022420883178710938.jpg,"matte, textured, hard, solid",coral
hct/3-1705015435.6825202/324-0.02260899543762207.jpg,hct,images/hct/data3/3-1705015435.6825202/tactile/324-0.02260899543762207.jpg,images/hct/data3/3-1705015435.6825202/vision/324-0.02260899543762207.jpg,"smooth, matte, firm, cool, flat",coral
hct/3-1705015435.6825202/325-0.02386474609375.jpg,hct,images/hct/data3/3-1705015435.6825202/tactile/325-0.02386474609375.jpg,images/hct/data3/3-1705015435.6825202/vision/325-0.02386474609375.jpg,"abrasive, firm, uneven, porous",coral
hct/3-1705015435.6825202/326-0.022578716278076172.jpg,hct,images/hct/data3/3-1705015435.6825202/tactile/326-0.022578716278076172.jpg,images/hct/data3/3-1705015435.6825202/vision/326-0.022578716278076172.jpg,"textured, porous, uneven, rigid, abrasive",coral
hct/3-1705015435.6825202/327-0.022487878799438477.jpg,hct,images/hct/data3/3-1705015435.6825202/tactile/327-0.022487878799438477.jpg,images/hct/data3/3-1705015435.6825202/vision/327-0.022487878799438477.jpg,"hard, textured, porous",coral
hct/3-1705015435.6825202/328-0.02232074737548828.jpg,hct,images/hct/data3/3-1705015435.6825202/tactile/328-0.02232074737548828.jpg,images/hct/data3/3-1705015435.6825202/vision/328-0.02232074737548828.jpg,"textured, hard, firm, rough",coral
hct/3-1705015435.6825202/329-0.022108078002929688.jpg,hct,images/hct/data3/3-1705015435.6825202/tactile/329-0.022108078002929688.jpg,images/hct/data3/3-1705015435.6825202/vision/329-0.022108078002929688.jpg,"textured, porous, uneven, abrasive, rigid",coral
hct/3-1705015435.6825202/330-0.02350592613220215.jpg,hct,images/hct/data3/3-1705015435.6825202/tactile/330-0.02350592613220215.jpg,images/hct/data3/3-1705015435.6825202/vision/330-0.02350592613220215.jpg,"hard, solid, textured",coral
hct/3-1705015435.6825202/331-0.023051023483276367.jpg,hct,images/hct/data3/3-1705015435.6825202/tactile/331-0.023051023483276367.jpg,images/hct/data3/3-1705015435.6825202/vision/331-0.023051023483276367.jpg,"solid, rough, smooth, uneven, reflective",coral
hct/3-1705015435.6825202/332-0.02295207977294922.jpg,hct,images/hct/data3/3-1705015435.6825202/tactile/332-0.02295207977294922.jpg,images/hct/data3/3-1705015435.6825202/vision/332-0.02295207977294922.jpg,"smooth, solid, flat, cool, matte",coral
hct/3-1705015435.6825202/333-0.023408889770507812.jpg,hct,images/hct/data3/3-1705015435.6825202/tactile/333-0.023408889770507812.jpg,images/hct/data3/3-1705015435.6825202/vision/333-0.023408889770507812.jpg,"irregular, hard, rigid, textured, matte",coral
hct/3-1705015435.6825202/334-0.02280402183532715.jpg,hct,images/hct/data3/3-1705015435.6825202/tactile/334-0.02280402183532715.jpg,images/hct/data3/3-1705015435.6825202/vision/334-0.02280402183532715.jpg,"flat, rigid, smooth, irregular, textured",coral
hct/3-1705015435.6825202/335-0.023615121841430664.jpg,hct,images/hct/data3/3-1705015435.6825202/tactile/335-0.023615121841430664.jpg,images/hct/data3/3-1705015435.6825202/vision/335-0.023615121841430664.jpg,"porous, solid, cool, rough",coral
hct/3-1705015435.6825202/336-0.023168087005615234.jpg,hct,images/hct/data3/3-1705015435.6825202/tactile/336-0.023168087005615234.jpg,images/hct/data3/3-1705015435.6825202/vision/336-0.023168087005615234.jpg,"smooth, matte, firm, cool, flat",coral
hct/3-1705015435.6825202/337-0.023348093032836914.jpg,hct,images/hct/data3/3-1705015435.6825202/tactile/337-0.023348093032836914.jpg,images/hct/data3/3-1705015435.6825202/vision/337-0.023348093032836914.jpg,"porous, textured, rigid, abrasive",coral
hct/3-1705015435.6825202/338-0.0235748291015625.jpg,hct,images/hct/data3/3-1705015435.6825202/tactile/338-0.0235748291015625.jpg,images/hct/data3/3-1705015435.6825202/vision/338-0.0235748291015625.jpg,"rough, matte, solid, textured",coral
hct/3-1705015435.6825202/339-0.0233001708984375.jpg,hct,images/hct/data3/3-1705015435.6825202/tactile/339-0.0233001708984375.jpg,images/hct/data3/3-1705015435.6825202/vision/339-0.0233001708984375.jpg,"irregular, matte, reflective, firm",coral
hct/3-1705015435.6825202/340-0.0230252742767334.jpg,hct,images/hct/data3/3-1705015435.6825202/tactile/340-0.0230252742767334.jpg,images/hct/data3/3-1705015435.6825202/vision/340-0.0230252742767334.jpg,"firm, uneven, rough",coral
hct/32-1705263542.031163/88-0.03596687316894531.jpg,hct,images/hct/data1/32-1705263542.031163/tactile/88-0.03596687316894531.jpg,images/hct/data1/32-1705263542.031163/vision/88-0.03596687316894531.jpg,"smooth, reflective, hard, polished, flat",plant pot
hct/32-1705263542.031163/90-0.03413820266723633.jpg,hct,images/hct/data1/32-1705263542.031163/tactile/90-0.03413820266723633.jpg,images/hct/data1/32-1705263542.031163/vision/90-0.03413820266723633.jpg,"textured, warm, smooth, firm, wooden",plant pot
hct/4-1702596859.9897301/1-0.012965917587280273.jpg,hct,images/hct/data2/4-1702596859.9897301/tactile/1-0.012965917587280273.jpg,images/hct/data2/4-1702596859.9897301/vision/1-0.012965917587280273.jpg,"smooth, reflective, hard, slick, glossy",jar cap
hct/4-1702596859.9897301/2-0.021477699279785156.jpg,hct,images/hct/data2/4-1702596859.9897301/tactile/2-0.021477699279785156.jpg,images/hct/data2/4-1702596859.9897301/vision/2-0.021477699279785156.jpg,"smooth, reflective, hard, slick, glossy",jar cap
hct/4-1702596859.9897301/26-0.020900964736938477.jpg,hct,images/hct/data2/4-1702596859.9897301/tactile/26-0.020900964736938477.jpg,images/hct/data2/4-1702596859.9897301/vision/26-0.020900964736938477.jpg,"smooth, reflective, hard, curved, glossy",jar cap
hct/4-1702596859.9897301/27-0.022030115127563477.jpg,hct,images/hct/data2/4-1702596859.9897301/tactile/27-0.022030115127563477.jpg,images/hct/data2/4-1702596859.9897301/vision/27-0.022030115127563477.jpg,"smooth, reflective, hard, curved, glossy",jar cap
hct/4-1702596859.9897301/28-0.021517038345336914.jpg,hct,images/hct/data2/4-1702596859.9897301/tactile/28-0.021517038345336914.jpg,images/hct/data2/4-1702596859.9897301/vision/28-0.021517038345336914.jpg,"smooth, reflective, rigid, curved, glossy",jar cap
hct/4-1702596859.9897301/29-0.02158212661743164.jpg,hct,images/hct/data2/4-1702596859.9897301/tactile/29-0.02158212661743164.jpg,images/hct/data2/4-1702596859.9897301/vision/29-0.02158212661743164.jpg,"smooth, reflective, rigid, curved, glossy",jar cap
hct/4-1702596859.9897301/30-0.020882844924926758.jpg,hct,images/hct/data2/4-1702596859.9897301/tactile/30-0.020882844924926758.jpg,images/hct/data2/4-1702596859.9897301/vision/30-0.020882844924926758.jpg,"smooth, reflective, curved, rigid, glossy",jar cap
hct/4-1702596859.9897301/31-0.020884275436401367.jpg,hct,images/hct/data2/4-1702596859.9897301/tactile/31-0.020884275436401367.jpg,images/hct/data2/4-1702596859.9897301/vision/31-0.020884275436401367.jpg,"smooth, reflective, hard, curved, glossy",jar cap
hct/4-1702596859.9897301/32-0.02193164825439453.jpg,hct,images/hct/data2/4-1702596859.9897301/tactile/32-0.02193164825439453.jpg,images/hct/data2/4-1702596859.9897301/vision/32-0.02193164825439453.jpg,"smooth, reflective, hard, slippery, glossy",jar cap
hct/4-1702596859.9897301/33-0.020548105239868164.jpg,hct,images/hct/data2/4-1702596859.9897301/tactile/33-0.020548105239868164.jpg,images/hct/data2/4-1702596859.9897301/vision/33-0.020548105239868164.jpg,"smooth, reflective, hard, slippery, glossy",jar cap
hct/4-1702596859.9897301/34-0.02200913429260254.jpg,hct,images/hct/data2/4-1702596859.9897301/tactile/34-0.02200913429260254.jpg,images/hct/data2/4-1702596859.9897301/vision/34-0.02200913429260254.jpg,"smooth, reflective, hard, slippery, glossy",jar cap
hct/4-1702596859.9897301/35-0.02169489860534668.jpg,hct,images/hct/data2/4-1702596859.9897301/tactile/35-0.02169489860534668.jpg,images/hct/data2/4-1702596859.9897301/vision/35-0.02169489860534668.jpg,"textured, curved, reflective",jar cap
hct/4-1702596859.9897301/36-0.020931005477905273.jpg,hct,images/hct/data2/4-1702596859.9897301/tactile/36-0.020931005477905273.jpg,images/hct/data2/4-1702596859.9897301/vision/36-0.020931005477905273.jpg,"slick, uneven, glossy",jar cap
hct/4-1702596859.9897301/37-0.022024869918823242.jpg,hct,images/hct/data2/4-1702596859.9897301/tactile/37-0.022024869918823242.jpg,images/hct/data2/4-1702596859.9897301/vision/37-0.022024869918823242.jpg,"textured, cloth-like, woven, uneven",jar cap
hct/4-1702596859.9897301/38-0.021600008010864258.jpg,hct,images/hct/data2/4-1702596859.9897301/tactile/38-0.021600008010864258.jpg,images/hct/data2/4-1702596859.9897301/vision/38-0.021600008010864258.jpg,"soft, smooth, flexible, cloth-like, textured",jar cap
hct/4-1702596859.9897301/39-0.021139860153198242.jpg,hct,images/hct/data2/4-1702596859.9897301/tactile/39-0.021139860153198242.jpg,images/hct/data2/4-1702596859.9897301/vision/39-0.021139860153198242.jpg,"soft, textured, flexible, cloth-like, woven",jar cap
hct/4-1702596859.9897301/40-0.022193193435668945.jpg,hct,images/hct/data2/4-1702596859.9897301/tactile/40-0.022193193435668945.jpg,images/hct/data2/4-1702596859.9897301/vision/40-0.022193193435668945.jpg,"soft, textured, flexible, cloth-like, woven",jar cap
hct/4-1702596859.9897301/41-0.02222275733947754.jpg,hct,images/hct/data2/4-1702596859.9897301/tactile/41-0.02222275733947754.jpg,images/hct/data2/4-1702596859.9897301/vision/41-0.02222275733947754.jpg,"soft, textured, flexible, cloth-like, woven",jar cap
hct/4-1702596859.9897301/42-0.021708011627197266.jpg,hct,images/hct/data2/4-1702596859.9897301/tactile/42-0.021708011627197266.jpg,images/hct/data2/4-1702596859.9897301/vision/42-0.021708011627197266.jpg,"soft, textured, flexible, cloth-like, woven",jar cap
hct/4-1702596859.9897301/43-0.02147674560546875.jpg,hct,images/hct/data2/4-1702596859.9897301/tactile/43-0.02147674560546875.jpg,images/hct/data2/4-1702596859.9897301/vision/43-0.02147674560546875.jpg,"smooth, soft, flexible, textured, matte",jar cap
hct/4-1702596859.9897301/44-0.021296024322509766.jpg,hct,images/hct/data2/4-1702596859.9897301/tactile/44-0.021296024322509766.jpg,images/hct/data2/4-1702596859.9897301/vision/44-0.021296024322509766.jpg,"textured, flexible, soft, woven, uneven",jar cap
hct/4-1705015726.737493/139-0.013107061386108398.jpg,hct,images/hct/data3/4-1705015726.737493/tactile/139-0.013107061386108398.jpg,images/hct/data3/4-1705015726.737493/vision/139-0.013107061386108398.jpg,"soft, compressible, cool",coral
hct/4-1705015726.737493/143-0.025529146194458008.jpg,hct,images/hct/data3/4-1705015726.737493/tactile/143-0.025529146194458008.jpg,images/hct/data3/4-1705015726.737493/vision/143-0.025529146194458008.jpg,"smooth, cool, hard, sleek, matte",coral
hct/4-1705015726.737493/144-0.024166107177734375.jpg,hct,images/hct/data3/4-1705015726.737493/tactile/144-0.024166107177734375.jpg,images/hct/data3/4-1705015726.737493/vision/144-0.024166107177734375.jpg,"soft, glossy, matte",coral
hct/4-1705015726.737493/145-0.023771286010742188.jpg,hct,images/hct/data3/4-1705015726.737493/tactile/145-0.023771286010742188.jpg,images/hct/data3/4-1705015726.737493/vision/145-0.023771286010742188.jpg,"textured, soft, delicate, rough, firm",coral
hct/4-1705015726.737493/152-0.02538132667541504.jpg,hct,images/hct/data3/4-1705015726.737493/tactile/152-0.02538132667541504.jpg,images/hct/data3/4-1705015726.737493/vision/152-0.02538132667541504.jpg,"matte, sleek, smooth, cool, translucent",coral
hct/4-1705015726.737493/153-0.024332046508789062.jpg,hct,images/hct/data3/4-1705015726.737493/tactile/153-0.024332046508789062.jpg,images/hct/data3/4-1705015726.737493/vision/153-0.024332046508789062.jpg,"brittle, rough, reflective",coral
hct/4-1705015726.737493/154-0.023952960968017578.jpg,hct,images/hct/data3/4-1705015726.737493/tactile/154-0.023952960968017578.jpg,images/hct/data3/4-1705015726.737493/vision/154-0.023952960968017578.jpg,"rigid, reflective, porous, glossy, cool",coral
hct/4-1705015726.737493/159-0.023630857467651367.jpg,hct,images/hct/data3/4-1705015726.737493/tactile/159-0.023630857467651367.jpg,images/hct/data3/4-1705015726.737493/vision/159-0.023630857467651367.jpg,"sticky, porous, slippery",coral
hct/4-1705015726.737493/160-0.023277997970581055.jpg,hct,images/hct/data3/4-1705015726.737493/tactile/160-0.023277997970581055.jpg,images/hct/data3/4-1705015726.737493/vision/160-0.023277997970581055.jpg,"delicate, fibrous, rough, flat",coral
hct/4-1705015726.737493/161-0.024083852767944336.jpg,hct,images/hct/data3/4-1705015726.737493/tactile/161-0.024083852767944336.jpg,images/hct/data3/4-1705015726.737493/vision/161-0.024083852767944336.jpg,"reflective, sleek, dry, pliable, firm",coral
hct/4-1705015726.737493/163-0.024617910385131836.jpg,hct,images/hct/data3/4-1705015726.737493/tactile/163-0.024617910385131836.jpg,images/hct/data3/4-1705015726.737493/vision/163-0.024617910385131836.jpg,"smooth, cool, hard, sleek, glossy",coral
hct/4-1705015726.737493/175-0.023373126983642578.jpg,hct,images/hct/data3/4-1705015726.737493/tactile/175-0.023373126983642578.jpg,images/hct/data3/4-1705015726.737493/vision/175-0.023373126983642578.jpg,"smooth, cool, hard, sleek, matte",coral
hct/4-1705015726.737493/200-0.023562908172607422.jpg,hct,images/hct/data3/4-1705015726.737493/tactile/200-0.023562908172607422.jpg,images/hct/data3/4-1705015726.737493/vision/200-0.023562908172607422.jpg,"compressible, fibrous, textured",coral
hct/4-1705015726.737493/218-0.02181720733642578.jpg,hct,images/hct/data3/4-1705015726.737493/tactile/218-0.02181720733642578.jpg,images/hct/data3/4-1705015726.737493/vision/218-0.02181720733642578.jpg,"cool, fibrous, firm, irregular",coral
hct/4-1705015726.737493/222-0.02324390411376953.jpg,hct,images/hct/data3/4-1705015726.737493/tactile/222-0.02324390411376953.jpg,images/hct/data3/4-1705015726.737493/vision/222-0.02324390411376953.jpg,"smooth, reflective, hard, cool, flat",coral
hct/4-1705015726.737493/230-0.023638010025024414.jpg,hct,images/hct/data3/4-1705015726.737493/tactile/230-0.023638010025024414.jpg,images/hct/data3/4-1705015726.737493/vision/230-0.023638010025024414.jpg,"fibrous, sleek, hard, translucent",coral
hct/4-1705015726.737493/233-0.022652864456176758.jpg,hct,images/hct/data3/4-1705015726.737493/tactile/233-0.022652864456176758.jpg,images/hct/data3/4-1705015726.737493/vision/233-0.022652864456176758.jpg,"smooth, firm, matte, translucent",coral
hct/4-1705015726.737493/234-0.023279905319213867.jpg,hct,images/hct/data3/4-1705015726.737493/tactile/234-0.023279905319213867.jpg,images/hct/data3/4-1705015726.737493/vision/234-0.023279905319213867.jpg,"irregular, sleek, glossy, dry, reflective",coral
hct/4-1705015726.737493/246-0.02241992950439453.jpg,hct,images/hct/data3/4-1705015726.737493/tactile/246-0.02241992950439453.jpg,images/hct/data3/4-1705015726.737493/vision/246-0.02241992950439453.jpg,"rigid, brittle, firm",coral
hct/4-1705015726.737493/249-0.02123284339904785.jpg,hct,images/hct/data3/4-1705015726.737493/tactile/249-0.02123284339904785.jpg,images/hct/data3/4-1705015726.737493/vision/249-0.02123284339904785.jpg,"hard, reflective, irregular",coral
hct/4-1705015726.737493/251-0.023234844207763672.jpg,hct,images/hct/data3/4-1705015726.737493/tactile/251-0.023234844207763672.jpg,images/hct/data3/4-1705015726.737493/vision/251-0.023234844207763672.jpg,"porous, cool, firm",coral
hct/4-1705015726.737493/252-0.02249002456665039.jpg,hct,images/hct/data3/4-1705015726.737493/tactile/252-0.02249002456665039.jpg,images/hct/data3/4-1705015726.737493/vision/252-0.02249002456665039.jpg,"smooth, reflective, hard, cool, flat",coral
hct/4-1705015726.737493/256-0.022263050079345703.jpg,hct,images/hct/data3/4-1705015726.737493/tactile/256-0.022263050079345703.jpg,images/hct/data3/4-1705015726.737493/vision/256-0.022263050079345703.jpg,"smooth, reflective, hard, cool, flat",coral
hct/4-1705015726.737493/257-0.022912025451660156.jpg,hct,images/hct/data3/4-1705015726.737493/tactile/257-0.022912025451660156.jpg,images/hct/data3/4-1705015726.737493/vision/257-0.022912025451660156.jpg,"reflective, rigid, porous",coral
hct/4-1705015726.737493/267-0.024429798126220703.jpg,hct,images/hct/data3/4-1705015726.737493/tactile/267-0.024429798126220703.jpg,images/hct/data3/4-1705015726.737493/vision/267-0.024429798126220703.jpg,"irregular, matte, sticky",coral
hct/4-1705015726.737493/271-0.022599220275878906.jpg,hct,images/hct/data3/4-1705015726.737493/tactile/271-0.022599220275878906.jpg,images/hct/data3/4-1705015726.737493/vision/271-0.022599220275878906.jpg,"reflective, irregular, hard, porous",coral
hct/4-1705015726.737493/272-0.023808956146240234.jpg,hct,images/hct/data3/4-1705015726.737493/tactile/272-0.023808956146240234.jpg,images/hct/data3/4-1705015726.737493/vision/272-0.023808956146240234.jpg,"pliable, fibrous, cool, flexible",coral
hct/4-1705015726.737493/273-0.02272319793701172.jpg,hct,images/hct/data3/4-1705015726.737493/tactile/273-0.02272319793701172.jpg,images/hct/data3/4-1705015726.737493/vision/273-0.02272319793701172.jpg,"smooth, reflective, hard, cool, glossy",coral
hct/4-1705015726.737493/274-0.024108171463012695.jpg,hct,images/hct/data3/4-1705015726.737493/tactile/274-0.024108171463012695.jpg,images/hct/data3/4-1705015726.737493/vision/274-0.024108171463012695.jpg,"smooth, reflective, hard, cool, glossy",coral
hct/4-1705015726.737493/278-0.022687911987304688.jpg,hct,images/hct/data3/4-1705015726.737493/tactile/278-0.022687911987304688.jpg,images/hct/data3/4-1705015726.737493/vision/278-0.022687911987304688.jpg,"dry, firm, delicate, porous, matte",coral
hct/4-1705015726.737493/285-0.022296667098999023.jpg,hct,images/hct/data3/4-1705015726.737493/tactile/285-0.022296667098999023.jpg,images/hct/data3/4-1705015726.737493/vision/285-0.022296667098999023.jpg,"flat, pliable, soft, porous",coral
hct/4-1705015726.737493/286-0.022899866104125977.jpg,hct,images/hct/data3/4-1705015726.737493/tactile/286-0.022899866104125977.jpg,images/hct/data3/4-1705015726.737493/vision/286-0.022899866104125977.jpg,"smooth, reflective, hard, cool, glossy",coral
hct/4-1705015726.737493/287-0.023513078689575195.jpg,hct,images/hct/data3/4-1705015726.737493/tactile/287-0.023513078689575195.jpg,images/hct/data3/4-1705015726.737493/vision/287-0.023513078689575195.jpg,"delicate, compressible, reflective, matte",coral
hct/4-1705015726.737493/288-0.022716999053955078.jpg,hct,images/hct/data3/4-1705015726.737493/tactile/288-0.022716999053955078.jpg,images/hct/data3/4-1705015726.737493/vision/288-0.022716999053955078.jpg,"textured, porous, matte, glossy",coral
hct/4-1705015726.737493/289-0.02225208282470703.jpg,hct,images/hct/data3/4-1705015726.737493/tactile/289-0.02225208282470703.jpg,images/hct/data3/4-1705015726.737493/vision/289-0.02225208282470703.jpg,"smooth, reflective, hard, cool, glossy",coral
hct/4-1705015726.737493/290-0.023241043090820312.jpg,hct,images/hct/data3/4-1705015726.737493/tactile/290-0.023241043090820312.jpg,images/hct/data3/4-1705015726.737493/vision/290-0.023241043090820312.jpg,"reflective, porous, irregular, translucent, hard",coral
hct/4-1705015726.737493/291-0.023609161376953125.jpg,hct,images/hct/data3/4-1705015726.737493/tactile/291-0.023609161376953125.jpg,images/hct/data3/4-1705015726.737493/vision/291-0.023609161376953125.jpg,"smooth, glossy, rigid, cool, translucent",coral
hct/4-1705015726.737493/292-0.02392888069152832.jpg,hct,images/hct/data3/4-1705015726.737493/tactile/292-0.02392888069152832.jpg,images/hct/data3/4-1705015726.737493/vision/292-0.02392888069152832.jpg,"smooth, hard, sticky",coral
hct/4-1705015726.737493/293-0.023634910583496094.jpg,hct,images/hct/data3/4-1705015726.737493/tactile/293-0.023634910583496094.jpg,images/hct/data3/4-1705015726.737493/vision/293-0.023634910583496094.jpg,"smooth, reflective, hard, cool, glossy",coral
hct/4-1705015726.737493/294-0.022245168685913086.jpg,hct,images/hct/data3/4-1705015726.737493/tactile/294-0.022245168685913086.jpg,images/hct/data3/4-1705015726.737493/vision/294-0.022245168685913086.jpg,"reflective, hard, glossy",coral
hct/4-1705015726.737493/295-0.022455930709838867.jpg,hct,images/hct/data3/4-1705015726.737493/tactile/295-0.022455930709838867.jpg,images/hct/data3/4-1705015726.737493/vision/295-0.022455930709838867.jpg,"smooth, cool, hard, slippery, reflective",coral
hct/4-1705015726.737493/296-0.023485898971557617.jpg,hct,images/hct/data3/4-1705015726.737493/tactile/296-0.023485898971557617.jpg,images/hct/data3/4-1705015726.737493/vision/296-0.023485898971557617.jpg,"smooth, reflective, hard, cool, glossy",coral
hct/4-1705015726.737493/297-0.023626089096069336.jpg,hct,images/hct/data3/4-1705015726.737493/tactile/297-0.023626089096069336.jpg,images/hct/data3/4-1705015726.737493/vision/297-0.023626089096069336.jpg,"soft, cool, sticky, hard, pliable",coral
hct/4-1705015726.737493/298-0.02282428741455078.jpg,hct,images/hct/data3/4-1705015726.737493/tactile/298-0.02282428741455078.jpg,images/hct/data3/4-1705015726.737493/vision/298-0.02282428741455078.jpg,"smooth, reflective, hard, cool, glossy",coral
hct/4-1705015726.737493/299-0.022849082946777344.jpg,hct,images/hct/data3/4-1705015726.737493/tactile/299-0.022849082946777344.jpg,images/hct/data3/4-1705015726.737493/vision/299-0.022849082946777344.jpg,"matte, rough, textured, flat",coral
hct/4-1705015726.737493/300-0.025038719177246094.jpg,hct,images/hct/data3/4-1705015726.737493/tactile/300-0.025038719177246094.jpg,images/hct/data3/4-1705015726.737493/vision/300-0.025038719177246094.jpg,"translucent, slippery, smooth, flexible, textured",coral
hct/4-1705015726.737493/301-0.023161888122558594.jpg,hct,images/hct/data3/4-1705015726.737493/tactile/301-0.023161888122558594.jpg,images/hct/data3/4-1705015726.737493/vision/301-0.023161888122558594.jpg,"smooth, sleek, flat, reflective, glossy",coral
hct/4-1705015726.737493/302-0.0236661434173584.jpg,hct,images/hct/data3/4-1705015726.737493/tactile/302-0.0236661434173584.jpg,images/hct/data3/4-1705015726.737493/vision/302-0.0236661434173584.jpg,"hard, translucent, brittle, textured",coral
hct/4-1705015726.737493/303-0.023360013961791992.jpg,hct,images/hct/data3/4-1705015726.737493/tactile/303-0.023360013961791992.jpg,images/hct/data3/4-1705015726.737493/vision/303-0.023360013961791992.jpg,"flat, firm, hard",coral
hct/4-1705015726.737493/304-0.022574901580810547.jpg,hct,images/hct/data3/4-1705015726.737493/tactile/304-0.022574901580810547.jpg,images/hct/data3/4-1705015726.737493/vision/304-0.022574901580810547.jpg,"slippery, delicate, cool, smooth",coral
hct/4-1705015726.737493/305-0.023936033248901367.jpg,hct,images/hct/data3/4-1705015726.737493/tactile/305-0.023936033248901367.jpg,images/hct/data3/4-1705015726.737493/vision/305-0.023936033248901367.jpg,"translucent, soft, smooth, dry",coral
hct/4-1705015726.737493/306-0.023626089096069336.jpg,hct,images/hct/data3/4-1705015726.737493/tactile/306-0.023626089096069336.jpg,images/hct/data3/4-1705015726.737493/vision/306-0.023626089096069336.jpg,"smooth, cool, hard, slippery, glossy",coral
hct/4-1705015726.737493/307-0.02245306968688965.jpg,hct,images/hct/data3/4-1705015726.737493/tactile/307-0.02245306968688965.jpg,images/hct/data3/4-1705015726.737493/vision/307-0.02245306968688965.jpg,"smooth, reflective, hard, cool, glossy",coral
hct/4-1705015726.737493/308-0.022469758987426758.jpg,hct,images/hct/data3/4-1705015726.737493/tactile/308-0.022469758987426758.jpg,images/hct/data3/4-1705015726.737493/vision/308-0.022469758987426758.jpg,"smooth, reflective, hard, cool, glossy",coral
hct/4-1705015726.737493/309-0.02345871925354004.jpg,hct,images/hct/data3/4-1705015726.737493/tactile/309-0.02345871925354004.jpg,images/hct/data3/4-1705015726.737493/vision/309-0.02345871925354004.jpg,"compressible, textured, rigid",coral
hct/4-1705015726.737493/310-0.023813247680664062.jpg,hct,images/hct/data3/4-1705015726.737493/tactile/310-0.023813247680664062.jpg,images/hct/data3/4-1705015726.737493/vision/310-0.023813247680664062.jpg,"cool, smooth, glossy",coral
hct/4-1705015726.737493/311-0.022805213928222656.jpg,hct,images/hct/data3/4-1705015726.737493/tactile/311-0.022805213928222656.jpg,images/hct/data3/4-1705015726.737493/vision/311-0.022805213928222656.jpg,"flexible, smooth, rough, slippery, translucent",coral
hct/4-1705015726.737493/312-0.02290511131286621.jpg,hct,images/hct/data3/4-1705015726.737493/tactile/312-0.02290511131286621.jpg,images/hct/data3/4-1705015726.737493/vision/312-0.02290511131286621.jpg,"dry, sticky, rigid, flat",coral
hct/4-1705015726.737493/313-0.022410869598388672.jpg,hct,images/hct/data3/4-1705015726.737493/tactile/313-0.022410869598388672.jpg,images/hct/data3/4-1705015726.737493/vision/313-0.022410869598388672.jpg,"irregular, pliable, rough",coral
hct/4-1705015726.737493/314-0.02282881736755371.jpg,hct,images/hct/data3/4-1705015726.737493/tactile/314-0.02282881736755371.jpg,images/hct/data3/4-1705015726.737493/vision/314-0.02282881736755371.jpg,"hard, smooth, glossy, reflective, irregular",coral
hct/4-1705015726.737493/315-0.023715972900390625.jpg,hct,images/hct/data3/4-1705015726.737493/tactile/315-0.023715972900390625.jpg,images/hct/data3/4-1705015726.737493/vision/315-0.023715972900390625.jpg,"smooth, translucent, pliable, cool, sticky",coral
hct/4-1705015726.737493/316-0.023007869720458984.jpg,hct,images/hct/data3/4-1705015726.737493/tactile/316-0.023007869720458984.jpg,images/hct/data3/4-1705015726.737493/vision/316-0.023007869720458984.jpg,"flat, rough, reflective, matte",coral
hct/4-1705015726.737493/317-0.022443056106567383.jpg,hct,images/hct/data3/4-1705015726.737493/tactile/317-0.022443056106567383.jpg,images/hct/data3/4-1705015726.737493/vision/317-0.022443056106567383.jpg,"firm, slippery, flexible, sleek",coral
hct/4-1705015726.737493/318-0.023673057556152344.jpg,hct,images/hct/data3/4-1705015726.737493/tactile/318-0.023673057556152344.jpg,images/hct/data3/4-1705015726.737493/vision/318-0.023673057556152344.jpg,"translucent, sleek, rough, slippery",coral
hct/4-1705015726.737493/319-0.02276778221130371.jpg,hct,images/hct/data3/4-1705015726.737493/tactile/319-0.02276778221130371.jpg,images/hct/data3/4-1705015726.737493/vision/319-0.02276778221130371.jpg,"slippery, compressible, irregular, translucent",coral
hct/4-1705015726.737493/320-0.023207902908325195.jpg,hct,images/hct/data3/4-1705015726.737493/tactile/320-0.023207902908325195.jpg,images/hct/data3/4-1705015726.737493/vision/320-0.023207902908325195.jpg,"brittle, pliable, glossy, rigid, hard",coral
hct/4-1705015726.737493/321-0.023124217987060547.jpg,hct,images/hct/data3/4-1705015726.737493/tactile/321-0.023124217987060547.jpg,images/hct/data3/4-1705015726.737493/vision/321-0.023124217987060547.jpg,"matte, cool, glossy, flat, delicate",coral
hct/4-1705015726.737493/322-0.0227510929107666.jpg,hct,images/hct/data3/4-1705015726.737493/tactile/322-0.0227510929107666.jpg,images/hct/data3/4-1705015726.737493/vision/322-0.0227510929107666.jpg,"slippery, soft, sleek",coral
hct/4-1705015726.737493/323-0.02359771728515625.jpg,hct,images/hct/data3/4-1705015726.737493/tactile/323-0.02359771728515625.jpg,images/hct/data3/4-1705015726.737493/vision/323-0.02359771728515625.jpg,"rigid, dry, fibrous, translucent",coral
hct/4-1705015726.737493/324-0.023599863052368164.jpg,hct,images/hct/data3/4-1705015726.737493/tactile/324-0.023599863052368164.jpg,images/hct/data3/4-1705015726.737493/vision/324-0.023599863052368164.jpg,"smooth, reflective, hard, cool, glossy",coral
hct/4-1705015726.737493/325-0.02254009246826172.jpg,hct,images/hct/data3/4-1705015726.737493/tactile/325-0.02254009246826172.jpg,images/hct/data3/4-1705015726.737493/vision/325-0.02254009246826172.jpg,"smooth, reflective, hard, cool, glossy",coral
hct/4-1705015726.737493/326-0.02267169952392578.jpg,hct,images/hct/data3/4-1705015726.737493/tactile/326-0.02267169952392578.jpg,images/hct/data3/4-1705015726.737493/vision/326-0.02267169952392578.jpg,"delicate, sleek, pliable, porous, irregular",coral
hct/4-1705015726.737493/327-0.024169921875.jpg,hct,images/hct/data3/4-1705015726.737493/tactile/327-0.024169921875.jpg,images/hct/data3/4-1705015726.737493/vision/327-0.024169921875.jpg,"smooth, glossy, slippery, cool, rigid",coral
hct/4-1705015726.737493/328-0.02283501625061035.jpg,hct,images/hct/data3/4-1705015726.737493/tactile/328-0.02283501625061035.jpg,images/hct/data3/4-1705015726.737493/vision/328-0.02283501625061035.jpg,"pliable, compressible, rough",coral
hct/4-1705015726.737493/329-0.02265310287475586.jpg,hct,images/hct/data3/4-1705015726.737493/tactile/329-0.02265310287475586.jpg,images/hct/data3/4-1705015726.737493/vision/329-0.02265310287475586.jpg,"cool, textured, rough",coral
hct/4-1705015726.737493/330-0.023350000381469727.jpg,hct,images/hct/data3/4-1705015726.737493/tactile/330-0.023350000381469727.jpg,images/hct/data3/4-1705015726.737493/vision/330-0.023350000381469727.jpg,"sleek, compressible, flexible, rough",coral
hct/4-1705015726.737493/331-0.023926973342895508.jpg,hct,images/hct/data3/4-1705015726.737493/tactile/331-0.023926973342895508.jpg,images/hct/data3/4-1705015726.737493/vision/331-0.023926973342895508.jpg,"porous, rigid, fibrous, pliable, brittle",coral
hct/4-1705015726.737493/332-0.023173809051513672.jpg,hct,images/hct/data3/4-1705015726.737493/tactile/332-0.023173809051513672.jpg,images/hct/data3/4-1705015726.737493/vision/332-0.023173809051513672.jpg,"dry, hard, sticky, fibrous",coral
hct/4-1705015726.737493/333-0.022994041442871094.jpg,hct,images/hct/data3/4-1705015726.737493/tactile/333-0.022994041442871094.jpg,images/hct/data3/4-1705015726.737493/vision/333-0.022994041442871094.jpg,"smooth, dry, flexible, fibrous, flat",coral
hct/4-1705015726.737493/334-0.023872852325439453.jpg,hct,images/hct/data3/4-1705015726.737493/tactile/334-0.023872852325439453.jpg,images/hct/data3/4-1705015726.737493/vision/334-0.023872852325439453.jpg,"smooth, hard, porous, dry, delicate",coral
hct/4-1705015726.737493/335-0.02330493927001953.jpg,hct,images/hct/data3/4-1705015726.737493/tactile/335-0.02330493927001953.jpg,images/hct/data3/4-1705015726.737493/vision/335-0.02330493927001953.jpg,"firm, soft, porous",coral
hct/4-1705015726.737493/336-0.023322105407714844.jpg,hct,images/hct/data3/4-1705015726.737493/tactile/336-0.023322105407714844.jpg,images/hct/data3/4-1705015726.737493/vision/336-0.023322105407714844.jpg,"smooth, slippery, brittle, compressible, textured",coral
hct/4-1705015726.737493/337-0.023946046829223633.jpg,hct,images/hct/data3/4-1705015726.737493/tactile/337-0.023946046829223633.jpg,images/hct/data3/4-1705015726.737493/vision/337-0.023946046829223633.jpg,"hard, compressible, porous, sleek",coral
hct/4-1705015726.737493/338-0.023311138153076172.jpg,hct,images/hct/data3/4-1705015726.737493/tactile/338-0.023311138153076172.jpg,images/hct/data3/4-1705015726.737493/vision/338-0.023311138153076172.jpg,"flat, cool, irregular",coral
hct/4-1705015726.737493/339-0.022781848907470703.jpg,hct,images/hct/data3/4-1705015726.737493/tactile/339-0.022781848907470703.jpg,images/hct/data3/4-1705015726.737493/vision/339-0.022781848907470703.jpg,"smooth, reflective, hard, cool, glossy",coral
hct/4-1705015726.737493/340-0.023293018341064453.jpg,hct,images/hct/data3/4-1705015726.737493/tactile/340-0.023293018341064453.jpg,images/hct/data3/4-1705015726.737493/vision/340-0.023293018341064453.jpg,"rough, flat, pliable",coral
hct/4-1705015726.737493/341-0.024042129516601562.jpg,hct,images/hct/data3/4-1705015726.737493/tactile/341-0.024042129516601562.jpg,images/hct/data3/4-1705015726.737493/vision/341-0.024042129516601562.jpg,"smooth, cool, slippery, firm, translucent",coral
hct/4-1705015726.737493/342-0.022723913192749023.jpg,hct,images/hct/data3/4-1705015726.737493/tactile/342-0.022723913192749023.jpg,images/hct/data3/4-1705015726.737493/vision/342-0.022723913192749023.jpg,"smooth, glossy, rigid, cool, sleek",coral
hct/4-1705015726.737493/343-0.022357940673828125.jpg,hct,images/hct/data3/4-1705015726.737493/tactile/343-0.022357940673828125.jpg,images/hct/data3/4-1705015726.737493/vision/343-0.022357940673828125.jpg,"glossy, rough, matte",coral
hct/4-1705015726.737493/344-0.022549152374267578.jpg,hct,images/hct/data3/4-1705015726.737493/tactile/344-0.022549152374267578.jpg,images/hct/data3/4-1705015726.737493/vision/344-0.022549152374267578.jpg,"fibrous, delicate, textured, rough",coral
hct/4-1705015726.737493/345-0.023792028427124023.jpg,hct,images/hct/data3/4-1705015726.737493/tactile/345-0.023792028427124023.jpg,images/hct/data3/4-1705015726.737493/vision/345-0.023792028427124023.jpg,"firm, textured, hard, rigid, flat",coral
hct/4-1705015726.737493/346-0.023161888122558594.jpg,hct,images/hct/data3/4-1705015726.737493/tactile/346-0.023161888122558594.jpg,images/hct/data3/4-1705015726.737493/vision/346-0.023161888122558594.jpg,"matte, glossy, cool",coral
hct/4-1705015726.737493/347-0.02372908592224121.jpg,hct,images/hct/data3/4-1705015726.737493/tactile/347-0.02372908592224121.jpg,images/hct/data3/4-1705015726.737493/vision/347-0.02372908592224121.jpg,"smooth, cool, slippery, firm, reflective",coral
hct/4-1705015726.737493/348-0.02241206169128418.jpg,hct,images/hct/data3/4-1705015726.737493/tactile/348-0.02241206169128418.jpg,images/hct/data3/4-1705015726.737493/vision/348-0.02241206169128418.jpg,"cool, flat, rough, delicate",coral
hct/4-1705015726.737493/349-0.02249598503112793.jpg,hct,images/hct/data3/4-1705015726.737493/tactile/349-0.02249598503112793.jpg,images/hct/data3/4-1705015726.737493/vision/349-0.02249598503112793.jpg,"rough, dry, smooth",coral
hct/4-1705015726.737493/350-0.022454023361206055.jpg,hct,images/hct/data3/4-1705015726.737493/tactile/350-0.022454023361206055.jpg,images/hct/data3/4-1705015726.737493/vision/350-0.022454023361206055.jpg,"sticky, pliable, glossy, hard, smooth",coral
hct/4-1705015726.737493/351-0.02188420295715332.jpg,hct,images/hct/data3/4-1705015726.737493/tactile/351-0.02188420295715332.jpg,images/hct/data3/4-1705015726.737493/vision/351-0.02188420295715332.jpg,"matte, brittle, translucent, porous, smooth",coral
hct/4-1705015726.737493/352-0.022828102111816406.jpg,hct,images/hct/data3/4-1705015726.737493/tactile/352-0.022828102111816406.jpg,images/hct/data3/4-1705015726.737493/vision/352-0.022828102111816406.jpg,"sticky, smooth, textured, porous, rough",coral
hct/4-1705015726.737493/353-0.023972034454345703.jpg,hct,images/hct/data3/4-1705015726.737493/tactile/353-0.023972034454345703.jpg,images/hct/data3/4-1705015726.737493/vision/353-0.023972034454345703.jpg,"matte, reflective, irregular",coral
hct/4-1705015726.737493/354-0.022535324096679688.jpg,hct,images/hct/data3/4-1705015726.737493/tactile/354-0.022535324096679688.jpg,images/hct/data3/4-1705015726.737493/vision/354-0.022535324096679688.jpg,"smooth, cool, slippery, firm, glossy",coral
hct/4-1705015726.737493/355-0.02244400978088379.jpg,hct,images/hct/data3/4-1705015726.737493/tactile/355-0.02244400978088379.jpg,images/hct/data3/4-1705015726.737493/vision/355-0.02244400978088379.jpg,"smooth, reflective, hard, cool, glossy",coral
hct/4-1705015726.737493/356-0.024168968200683594.jpg,hct,images/hct/data3/4-1705015726.737493/tactile/356-0.024168968200683594.jpg,images/hct/data3/4-1705015726.737493/vision/356-0.024168968200683594.jpg,"matte, flexible, rough",coral
hct/4-1705015726.737493/357-0.02371501922607422.jpg,hct,images/hct/data3/4-1705015726.737493/tactile/357-0.02371501922607422.jpg,images/hct/data3/4-1705015726.737493/vision/357-0.02371501922607422.jpg,"firm, smooth, porous",coral
hct/4-1705015726.737493/358-0.022922039031982422.jpg,hct,images/hct/data3/4-1705015726.737493/tactile/358-0.022922039031982422.jpg,images/hct/data3/4-1705015726.737493/vision/358-0.022922039031982422.jpg,"sleek, firm, matte, irregular, flat",coral
hct/4-1705015726.737493/359-0.023160934448242188.jpg,hct,images/hct/data3/4-1705015726.737493/tactile/359-0.023160934448242188.jpg,images/hct/data3/4-1705015726.737493/vision/359-0.023160934448242188.jpg,"smooth, cool, slippery, flexible, delicate",coral
hct/4-1705015726.737493/360-0.023940086364746094.jpg,hct,images/hct/data3/4-1705015726.737493/tactile/360-0.023940086364746094.jpg,images/hct/data3/4-1705015726.737493/vision/360-0.023940086364746094.jpg,"firm, rough, translucent",coral
hct/4-1705015726.737493/361-0.023871898651123047.jpg,hct,images/hct/data3/4-1705015726.737493/tactile/361-0.023871898651123047.jpg,images/hct/data3/4-1705015726.737493/vision/361-0.023871898651123047.jpg,"irregular, flexible, smooth, flat, rigid",coral
hct/4-1705015726.737493/362-0.022427082061767578.jpg,hct,images/hct/data3/4-1705015726.737493/tactile/362-0.022427082061767578.jpg,images/hct/data3/4-1705015726.737493/vision/362-0.022427082061767578.jpg,"smooth, reflective, hard, cool, glossy",coral
hct/4-1705015726.737493/363-0.022301197052001953.jpg,hct,images/hct/data3/4-1705015726.737493/tactile/363-0.022301197052001953.jpg,images/hct/data3/4-1705015726.737493/vision/363-0.022301197052001953.jpg,"smooth, translucent, pliable, cool, sticky",coral
hct/4-1705015726.737493/364-0.023829936981201172.jpg,hct,images/hct/data3/4-1705015726.737493/tactile/364-0.023829936981201172.jpg,images/hct/data3/4-1705015726.737493/vision/364-0.023829936981201172.jpg,"textured, translucent, rigid",coral
hct/4-1705015726.737493/365-0.024087190628051758.jpg,hct,images/hct/data3/4-1705015726.737493/tactile/365-0.024087190628051758.jpg,images/hct/data3/4-1705015726.737493/vision/365-0.024087190628051758.jpg,"reflective, compressible, rigid, delicate, dry",coral
hct/4-1705015726.737493/366-0.023894071578979492.jpg,hct,images/hct/data3/4-1705015726.737493/tactile/366-0.023894071578979492.jpg,images/hct/data3/4-1705015726.737493/vision/366-0.023894071578979492.jpg,"firm, dry, matte, cool",coral
hct/4-1705015726.737493/367-0.023250818252563477.jpg,hct,images/hct/data3/4-1705015726.737493/tactile/367-0.023250818252563477.jpg,images/hct/data3/4-1705015726.737493/vision/367-0.023250818252563477.jpg,"hard, flat, brittle, glossy",coral
hct/4-1705015726.737493/368-0.023398160934448242.jpg,hct,images/hct/data3/4-1705015726.737493/tactile/368-0.023398160934448242.jpg,images/hct/data3/4-1705015726.737493/vision/368-0.023398160934448242.jpg,"smooth, cool, slippery, firm, translucent",coral
hct/4-1705015726.737493/369-0.023015975952148438.jpg,hct,images/hct/data3/4-1705015726.737493/tactile/369-0.023015975952148438.jpg,images/hct/data3/4-1705015726.737493/vision/369-0.023015975952148438.jpg,"soft, dry, irregular, fibrous",coral
hct/4-1705015726.737493/370-0.023728132247924805.jpg,hct,images/hct/data3/4-1705015726.737493/tactile/370-0.023728132247924805.jpg,images/hct/data3/4-1705015726.737493/vision/370-0.023728132247924805.jpg,"slippery, fibrous, compressible, soft, irregular",coral
hct/4-1705015726.737493/371-0.023040056228637695.jpg,hct,images/hct/data3/4-1705015726.737493/tactile/371-0.023040056228637695.jpg,images/hct/data3/4-1705015726.737493/vision/371-0.023040056228637695.jpg,"smooth, reflective, hard, cool, glossy",coral
hct/4-1705015726.737493/372-0.023337841033935547.jpg,hct,images/hct/data3/4-1705015726.737493/tactile/372-0.023337841033935547.jpg,images/hct/data3/4-1705015726.737493/vision/372-0.023337841033935547.jpg,"soft, translucent, sleek",coral
hct/4-1705015726.737493/373-0.02267313003540039.jpg,hct,images/hct/data3/4-1705015726.737493/tactile/373-0.02267313003540039.jpg,images/hct/data3/4-1705015726.737493/vision/373-0.02267313003540039.jpg,"translucent, cool, firm",coral
hct/4-1705015726.737493/374-0.02325296401977539.jpg,hct,images/hct/data3/4-1705015726.737493/tactile/374-0.02325296401977539.jpg,images/hct/data3/4-1705015726.737493/vision/374-0.02325296401977539.jpg,"flexible, firm, sticky, smooth",coral
hct/4-1705015726.737493/378-0.02325606346130371.jpg,hct,images/hct/data3/4-1705015726.737493/tactile/378-0.02325606346130371.jpg,images/hct/data3/4-1705015726.737493/vision/378-0.02325606346130371.jpg,"sleek, delicate, dry",coral
hct/4-1705015726.737493/380-0.0235137939453125.jpg,hct,images/hct/data3/4-1705015726.737493/tactile/380-0.0235137939453125.jpg,images/hct/data3/4-1705015726.737493/vision/380-0.0235137939453125.jpg,"pliable, irregular, dry, translucent",coral
hct/4-1705015726.737493/383-0.022439956665039062.jpg,hct,images/hct/data3/4-1705015726.737493/tactile/383-0.022439956665039062.jpg,images/hct/data3/4-1705015726.737493/vision/383-0.022439956665039062.jpg,"flexible, textured, irregular, sleek",coral
hct/4-1705015726.737493/387-0.02258467674255371.jpg,hct,images/hct/data3/4-1705015726.737493/tactile/387-0.02258467674255371.jpg,images/hct/data3/4-1705015726.737493/vision/387-0.02258467674255371.jpg,"soft, textured, compressible, fibrous, pliable",coral
hct/4-1705015726.737493/389-0.02294182777404785.jpg,hct,images/hct/data3/4-1705015726.737493/tactile/389-0.02294182777404785.jpg,images/hct/data3/4-1705015726.737493/vision/389-0.02294182777404785.jpg,"fibrous, smooth, cool, dry",coral
hct/4-1705015726.737493/393-0.022249937057495117.jpg,hct,images/hct/data3/4-1705015726.737493/tactile/393-0.022249937057495117.jpg,images/hct/data3/4-1705015726.737493/vision/393-0.022249937057495117.jpg,"cool, flexible, flat, compressible",coral
hct/4-1705015726.737493/398-0.023868799209594727.jpg,hct,images/hct/data3/4-1705015726.737493/tactile/398-0.023868799209594727.jpg,images/hct/data3/4-1705015726.737493/vision/398-0.023868799209594727.jpg,"rough, porous, irregular, dry, brittle",coral
hct/4-1705015726.737493/399-0.023348093032836914.jpg,hct,images/hct/data3/4-1705015726.737493/tactile/399-0.023348093032836914.jpg,images/hct/data3/4-1705015726.737493/vision/399-0.023348093032836914.jpg,"porous, cool, brittle, slippery, translucent",coral
hct/4-1705015726.737493/408-0.022808074951171875.jpg,hct,images/hct/data3/4-1705015726.737493/tactile/408-0.022808074951171875.jpg,images/hct/data3/4-1705015726.737493/vision/408-0.022808074951171875.jpg,"firm, brittle, irregular, porous, flat",coral
hct/4-1705015726.737493/411-0.02264881134033203.jpg,hct,images/hct/data3/4-1705015726.737493/tactile/411-0.02264881134033203.jpg,images/hct/data3/4-1705015726.737493/vision/411-0.02264881134033203.jpg,"smooth, reflective, hard, cool, glossy",coral
hct/4-1705015726.737493/412-0.022961139678955078.jpg,hct,images/hct/data3/4-1705015726.737493/tactile/412-0.022961139678955078.jpg,images/hct/data3/4-1705015726.737493/vision/412-0.022961139678955078.jpg,"glossy, delicate, flexible, smooth",coral
hct/4-1705015726.737493/415-0.02342081069946289.jpg,hct,images/hct/data3/4-1705015726.737493/tactile/415-0.02342081069946289.jpg,images/hct/data3/4-1705015726.737493/vision/415-0.02342081069946289.jpg,"reflective, slippery, soft",coral
hct/4-1705015726.737493/431-0.022377967834472656.jpg,hct,images/hct/data3/4-1705015726.737493/tactile/431-0.022377967834472656.jpg,images/hct/data3/4-1705015726.737493/vision/431-0.022377967834472656.jpg,"smooth, cool, hard, sleek, glossy",coral
hct/4-1705015726.737493/437-0.022335052490234375.jpg,hct,images/hct/data3/4-1705015726.737493/tactile/437-0.022335052490234375.jpg,images/hct/data3/4-1705015726.737493/vision/437-0.022335052490234375.jpg,"irregular, hard, textured, fibrous, soft",coral
hct/4-1705015726.737493/445-0.022511005401611328.jpg,hct,images/hct/data3/4-1705015726.737493/tactile/445-0.022511005401611328.jpg,images/hct/data3/4-1705015726.737493/vision/445-0.022511005401611328.jpg,"smooth, cool, hard, sleek, reflective",coral
hct/4-1705015726.737493/446-0.02470707893371582.jpg,hct,images/hct/data3/4-1705015726.737493/tactile/446-0.02470707893371582.jpg,images/hct/data3/4-1705015726.737493/vision/446-0.02470707893371582.jpg,"textured, pliable, matte, hard",coral
hct/4-1705015726.737493/454-0.02302694320678711.jpg,hct,images/hct/data3/4-1705015726.737493/tactile/454-0.02302694320678711.jpg,images/hct/data3/4-1705015726.737493/vision/454-0.02302694320678711.jpg,"glossy, flexible, hard",coral
hct/4-1705015726.737493/458-0.02223801612854004.jpg,hct,images/hct/data3/4-1705015726.737493/tactile/458-0.02223801612854004.jpg,images/hct/data3/4-1705015726.737493/vision/458-0.02223801612854004.jpg,"reflective, cool, rough",coral
hct/5-1702596863.1965172/1-0.01262211799621582.jpg,hct,images/hct/data2/5-1702596863.1965172/tactile/1-0.01262211799621582.jpg,images/hct/data2/5-1702596863.1965172/vision/1-0.01262211799621582.jpg,"textured, firm, smooth, resilient, matte",jar
hct/5-1702596863.1965172/2-0.025138139724731445.jpg,hct,images/hct/data2/5-1702596863.1965172/tactile/2-0.025138139724731445.jpg,images/hct/data2/5-1702596863.1965172/vision/2-0.025138139724731445.jpg,"smooth, reflective, matte, textured",jar
hct/5-1702596863.1965172/23-0.02155303955078125.jpg,hct,images/hct/data2/5-1702596863.1965172/tactile/23-0.02155303955078125.jpg,images/hct/data2/5-1702596863.1965172/vision/23-0.02155303955078125.jpg,"firm, textured, smooth",jar
hct/5-1702596863.1965172/24-0.023936986923217773.jpg,hct,images/hct/data2/5-1702596863.1965172/tactile/24-0.023936986923217773.jpg,images/hct/data2/5-1702596863.1965172/vision/24-0.023936986923217773.jpg,"textured, glossy, firm",jar
hct/5-1702596863.1965172/25-0.022520780563354492.jpg,hct,images/hct/data2/5-1702596863.1965172/tactile/25-0.022520780563354492.jpg,images/hct/data2/5-1702596863.1965172/vision/25-0.022520780563354492.jpg,"slippery, hard, smooth, slick, blurred",jar
hct/5-1702596863.1965172/26-0.02034783363342285.jpg,hct,images/hct/data2/5-1702596863.1965172/tactile/26-0.02034783363342285.jpg,images/hct/data2/5-1702596863.1965172/vision/26-0.02034783363342285.jpg,"smooth, reflective, hard, curved, glossy",jar
hct/5-1702596863.1965172/27-0.02300715446472168.jpg,hct,images/hct/data2/5-1702596863.1965172/tactile/27-0.02300715446472168.jpg,images/hct/data2/5-1702596863.1965172/vision/27-0.02300715446472168.jpg,"smooth, reflective, blurred",jar
hct/5-1702596863.1965172/28-0.02148723602294922.jpg,hct,images/hct/data2/5-1702596863.1965172/tactile/28-0.02148723602294922.jpg,images/hct/data2/5-1702596863.1965172/vision/28-0.02148723602294922.jpg,"resilient, reflective, synthetic, blurred",jar
hct/5-1702596863.1965172/29-0.021924972534179688.jpg,hct,images/hct/data2/5-1702596863.1965172/tactile/29-0.021924972534179688.jpg,images/hct/data2/5-1702596863.1965172/vision/29-0.021924972534179688.jpg,"firm, resilient, synthetic, curved, hard",jar
hct/5-1702596863.1965172/3-0.020832061767578125.jpg,hct,images/hct/data2/5-1702596863.1965172/tactile/3-0.020832061767578125.jpg,images/hct/data2/5-1702596863.1965172/vision/3-0.020832061767578125.jpg,"smooth, firm, hard, reflective, slick",jar
hct/5-1702596863.1965172/30-0.02359604835510254.jpg,hct,images/hct/data2/5-1702596863.1965172/tactile/30-0.02359604835510254.jpg,images/hct/data2/5-1702596863.1965172/vision/30-0.02359604835510254.jpg,"textured, resilient, slick, blurred, smooth",jar
hct/5-1702596863.1965172/31-0.021863222122192383.jpg,hct,images/hct/data2/5-1702596863.1965172/tactile/31-0.021863222122192383.jpg,images/hct/data2/5-1702596863.1965172/vision/31-0.021863222122192383.jpg,"hard, matte, textured, blurred, reflective",jar
hct/5-1702596863.1965172/32-0.02184319496154785.jpg,hct,images/hct/data2/5-1702596863.1965172/tactile/32-0.02184319496154785.jpg,images/hct/data2/5-1702596863.1965172/vision/32-0.02184319496154785.jpg,"slippery, hard, blurred",jar
hct/5-1702596863.1965172/33-0.021569013595581055.jpg,hct,images/hct/data2/5-1702596863.1965172/tactile/33-0.021569013595581055.jpg,images/hct/data2/5-1702596863.1965172/vision/33-0.021569013595581055.jpg,"smooth, reflective, hard, curved, glossy",jar
hct/5-1702596863.1965172/34-0.022164106369018555.jpg,hct,images/hct/data2/5-1702596863.1965172/tactile/34-0.022164106369018555.jpg,images/hct/data2/5-1702596863.1965172/vision/34-0.022164106369018555.jpg,"resilient, glossy, reflective, textured, slick",jar
hct/5-1702596863.1965172/35-0.02140212059020996.jpg,hct,images/hct/data2/5-1702596863.1965172/tactile/35-0.02140212059020996.jpg,images/hct/data2/5-1702596863.1965172/vision/35-0.02140212059020996.jpg,"smooth, reflective, hard, curved, glossy",jar
hct/5-1702596863.1965172/36-0.02147817611694336.jpg,hct,images/hct/data2/5-1702596863.1965172/tactile/36-0.02147817611694336.jpg,images/hct/data2/5-1702596863.1965172/vision/36-0.02147817611694336.jpg,"matte, resilient, curved, slick",jar
hct/5-1702596863.1965172/37-0.02153801918029785.jpg,hct,images/hct/data2/5-1702596863.1965172/tactile/37-0.02153801918029785.jpg,images/hct/data2/5-1702596863.1965172/vision/37-0.02153801918029785.jpg,"textured, reflective, resilient",jar
hct/5-1702596863.1965172/38-0.02173590660095215.jpg,hct,images/hct/data2/5-1702596863.1965172/tactile/38-0.02173590660095215.jpg,images/hct/data2/5-1702596863.1965172/vision/38-0.02173590660095215.jpg,"curved, synthetic, smooth, resilient",jar
hct/5-1702596863.1965172/39-0.020918846130371094.jpg,hct,images/hct/data2/5-1702596863.1965172/tactile/39-0.020918846130371094.jpg,images/hct/data2/5-1702596863.1965172/vision/39-0.020918846130371094.jpg,"resilient, smooth, reflective",jar
hct/5-1702596863.1965172/4-0.020888090133666992.jpg,hct,images/hct/data2/5-1702596863.1965172/tactile/4-0.020888090133666992.jpg,images/hct/data2/5-1702596863.1965172/vision/4-0.020888090133666992.jpg,"reflective, slick, blurred",jar
hct/5-1702596863.1965172/40-0.021934032440185547.jpg,hct,images/hct/data2/5-1702596863.1965172/tactile/40-0.021934032440185547.jpg,images/hct/data2/5-1702596863.1965172/vision/40-0.021934032440185547.jpg,"blurred, matte, textured",jar
hct/5-1702596863.1965172/41-0.02201080322265625.jpg,hct,images/hct/data2/5-1702596863.1965172/tactile/41-0.02201080322265625.jpg,images/hct/data2/5-1702596863.1965172/vision/41-0.02201080322265625.jpg,"glossy, firm, textured, matte",jar
hct/5-1702596863.1965172/42-0.02196979522705078.jpg,hct,images/hct/data2/5-1702596863.1965172/tactile/42-0.02196979522705078.jpg,images/hct/data2/5-1702596863.1965172/vision/42-0.02196979522705078.jpg,"smooth, firm, curved, synthetic",jar
hct/5-1702596863.1965172/43-0.02139902114868164.jpg,hct,images/hct/data2/5-1702596863.1965172/tactile/43-0.02139902114868164.jpg,images/hct/data2/5-1702596863.1965172/vision/43-0.02139902114868164.jpg,"glossy, textured, resilient, firm, synthetic",jar
hct/5-1702596863.1965172/44-0.02150416374206543.jpg,hct,images/hct/data2/5-1702596863.1965172/tactile/44-0.02150416374206543.jpg,images/hct/data2/5-1702596863.1965172/vision/44-0.02150416374206543.jpg,"synthetic, firm, hard, smooth, resilient",jar
hct/5-1702596863.1965172/5-0.020923137664794922.jpg,hct,images/hct/data2/5-1702596863.1965172/tactile/5-0.020923137664794922.jpg,images/hct/data2/5-1702596863.1965172/vision/5-0.020923137664794922.jpg,"glossy, textured, slick",jar
hct/5-1702596863.1965172/51-0.02045893669128418.jpg,hct,images/hct/data2/5-1702596863.1965172/tactile/51-0.02045893669128418.jpg,images/hct/data2/5-1702596863.1965172/vision/51-0.02045893669128418.jpg,"textured, resilient, synthetic",jar
hct/5-1702596863.1965172/52-0.021517038345336914.jpg,hct,images/hct/data2/5-1702596863.1965172/tactile/52-0.021517038345336914.jpg,images/hct/data2/5-1702596863.1965172/vision/52-0.021517038345336914.jpg,"glossy, curved, slippery, matte, smooth",jar
hct/5-1702596863.1965172/53-0.02120518684387207.jpg,hct,images/hct/data2/5-1702596863.1965172/tactile/53-0.02120518684387207.jpg,images/hct/data2/5-1702596863.1965172/vision/53-0.02120518684387207.jpg,"smooth, reflective, hard, curved, glossy",jar
hct/5-1702596863.1965172/54-0.021783828735351562.jpg,hct,images/hct/data2/5-1702596863.1965172/tactile/54-0.021783828735351562.jpg,images/hct/data2/5-1702596863.1965172/vision/54-0.021783828735351562.jpg,"glossy, textured, curved",jar
hct/5-1702596863.1965172/55-0.021253108978271484.jpg,hct,images/hct/data2/5-1702596863.1965172/tactile/55-0.021253108978271484.jpg,images/hct/data2/5-1702596863.1965172/vision/55-0.021253108978271484.jpg,"matte, smooth, curved, blurred, textured",jar
hct/5-1702596863.1965172/56-0.02012014389038086.jpg,hct,images/hct/data2/5-1702596863.1965172/tactile/56-0.02012014389038086.jpg,images/hct/data2/5-1702596863.1965172/vision/56-0.02012014389038086.jpg,"firm, hard, glossy",jar
hct/5-1702596863.1965172/57-0.022123098373413086.jpg,hct,images/hct/data2/5-1702596863.1965172/tactile/57-0.022123098373413086.jpg,images/hct/data2/5-1702596863.1965172/vision/57-0.022123098373413086.jpg,"matte, synthetic, hard, smooth",jar
hct/5-1702596863.1965172/58-0.0214688777923584.jpg,hct,images/hct/data2/5-1702596863.1965172/tactile/58-0.0214688777923584.jpg,images/hct/data2/5-1702596863.1965172/vision/58-0.0214688777923584.jpg,"hard, textured, smooth, blurred",jar
hct/5-1702596863.1965172/59-0.02048516273498535.jpg,hct,images/hct/data2/5-1702596863.1965172/tactile/59-0.02048516273498535.jpg,images/hct/data2/5-1702596863.1965172/vision/59-0.02048516273498535.jpg,"blurred, slippery, slick, glossy, textured",jar
hct/5-1702596863.1965172/6-0.020689964294433594.jpg,hct,images/hct/data2/5-1702596863.1965172/tactile/6-0.020689964294433594.jpg,images/hct/data2/5-1702596863.1965172/vision/6-0.020689964294433594.jpg,"smooth, reflective, curved, glossy, blurred",jar
hct/5-1702596863.1965172/60-0.02079629898071289.jpg,hct,images/hct/data2/5-1702596863.1965172/tactile/60-0.02079629898071289.jpg,images/hct/data2/5-1702596863.1965172/vision/60-0.02079629898071289.jpg,"textured, smooth, synthetic",jar
hct/5-1702596863.1965172/61-0.019974946975708008.jpg,hct,images/hct/data2/5-1702596863.1965172/tactile/61-0.019974946975708008.jpg,images/hct/data2/5-1702596863.1965172/vision/61-0.019974946975708008.jpg,"slippery, textured, synthetic, reflective",jar
hct/5-1702596863.1965172/62-0.01973891258239746.jpg,hct,images/hct/data2/5-1702596863.1965172/tactile/62-0.01973891258239746.jpg,images/hct/data2/5-1702596863.1965172/vision/62-0.01973891258239746.jpg,"synthetic, slippery, hard, blurred",jar
hct/5-1702596863.1965172/63-0.021154165267944336.jpg,hct,images/hct/data2/5-1702596863.1965172/tactile/63-0.021154165267944336.jpg,images/hct/data2/5-1702596863.1965172/vision/63-0.021154165267944336.jpg,"hard, firm, blurred",jar
hct/5-1702596863.1965172/64-0.020667076110839844.jpg,hct,images/hct/data2/5-1702596863.1965172/tactile/64-0.020667076110839844.jpg,images/hct/data2/5-1702596863.1965172/vision/64-0.020667076110839844.jpg,"slick, reflective, matte, smooth, slippery",jar
hct/5-1702596863.1965172/65-0.02135467529296875.jpg,hct,images/hct/data2/5-1702596863.1965172/tactile/65-0.02135467529296875.jpg,images/hct/data2/5-1702596863.1965172/vision/65-0.02135467529296875.jpg,"smooth, reflective, slippery, firm, synthetic",jar
hct/5-1702596863.1965172/7-0.021073102951049805.jpg,hct,images/hct/data2/5-1702596863.1965172/tactile/7-0.021073102951049805.jpg,images/hct/data2/5-1702596863.1965172/vision/7-0.021073102951049805.jpg,"smooth, reflective, hard, slick, glossy",jar
hct/5-1702596863.1965172/8-0.02016305923461914.jpg,hct,images/hct/data2/5-1702596863.1965172/tactile/8-0.02016305923461914.jpg,images/hct/data2/5-1702596863.1965172/vision/8-0.02016305923461914.jpg,"smooth, reflective, slippery, hard, glossy",jar
hct/5-1705264278.330009/370-0.03317999839782715.jpg,hct,images/hct/data1/5-1705264278.330009/tactile/370-0.03317999839782715.jpg,images/hct/data1/5-1705264278.330009/vision/370-0.03317999839782715.jpg,"smooth, reflective, hard, slick, glossy",plate
hct/5-1705264278.330009/371-0.034356117248535156.jpg,hct,images/hct/data1/5-1705264278.330009/tactile/371-0.034356117248535156.jpg,images/hct/data1/5-1705264278.330009/vision/371-0.034356117248535156.jpg,"smooth, glossy, hard, slick, reflective",plate
hct/5-1705264278.330009/373-0.03477907180786133.jpg,hct,images/hct/data1/5-1705264278.330009/tactile/373-0.03477907180786133.jpg,images/hct/data1/5-1705264278.330009/vision/373-0.03477907180786133.jpg,"smooth, glossy, hard, slick, cool",plate
hct/5-1705264278.330009/374-0.0338597297668457.jpg,hct,images/hct/data1/5-1705264278.330009/tactile/374-0.0338597297668457.jpg,images/hct/data1/5-1705264278.330009/vision/374-0.0338597297668457.jpg,"smooth, glossy, hard, cool, sleek",plate
hct/5-1705264278.330009/375-0.033740997314453125.jpg,hct,images/hct/data1/5-1705264278.330009/tactile/375-0.033740997314453125.jpg,images/hct/data1/5-1705264278.330009/vision/375-0.033740997314453125.jpg,"smooth, glossy, hard, cool, sleek",plate
hct/5-1705264278.330009/376-0.03397202491760254.jpg,hct,images/hct/data1/5-1705264278.330009/tactile/376-0.03397202491760254.jpg,images/hct/data1/5-1705264278.330009/vision/376-0.03397202491760254.jpg,"smooth, reflective, hard, cool, glossy",plate
hct/5-1705264278.330009/378-0.033232688903808594.jpg,hct,images/hct/data1/5-1705264278.330009/tactile/378-0.033232688903808594.jpg,images/hct/data1/5-1705264278.330009/vision/378-0.033232688903808594.jpg,"smooth, reflective, hard, cool, glossy",plate
hct/5-1705264278.330009/379-0.03428006172180176.jpg,hct,images/hct/data1/5-1705264278.330009/tactile/379-0.03428006172180176.jpg,images/hct/data1/5-1705264278.330009/vision/379-0.03428006172180176.jpg,"smooth, glossy, hard, slick, cool",plate
hct/5-1705264278.330009/380-0.03330683708190918.jpg,hct,images/hct/data1/5-1705264278.330009/tactile/380-0.03330683708190918.jpg,images/hct/data1/5-1705264278.330009/vision/380-0.03330683708190918.jpg,"smooth, reflective, hard, cool, sleek",plate
hct/7-1705015567.776972/1620-0.023592233657836914.jpg,hct,images/hct/data3/7-1705015567.776972/tactile/1620-0.023592233657836914.jpg,images/hct/data3/7-1705015567.776972/vision/1620-0.023592233657836914.jpg,"abrasive, cool, granular",coral
hct/7-1705015567.776972/1622-0.022769927978515625.jpg,hct,images/hct/data3/7-1705015567.776972/tactile/1622-0.022769927978515625.jpg,images/hct/data3/7-1705015567.776972/vision/1622-0.022769927978515625.jpg,"hard, gritty, rigid, solid, cool",coral
hct/7-1705015567.776972/1623-0.023466110229492188.jpg,hct,images/hct/data3/7-1705015567.776972/tactile/1623-0.023466110229492188.jpg,images/hct/data3/7-1705015567.776972/vision/1623-0.023466110229492188.jpg,"textured, gritty, granular, uneven",coral
hct/7-1705015567.776972/1624-0.023054122924804688.jpg,hct,images/hct/data3/7-1705015567.776972/tactile/1624-0.023054122924804688.jpg,images/hct/data3/7-1705015567.776972/vision/1624-0.023054122924804688.jpg,"smooth, grainy, rough, cool",coral
hct/7-1705015567.776972/1625-0.023663043975830078.jpg,hct,images/hct/data3/7-1705015567.776972/tactile/1625-0.023663043975830078.jpg,images/hct/data3/7-1705015567.776972/vision/1625-0.023663043975830078.jpg,"hard, gritty, matte, abrasive, granular",coral
hct/7-1705015567.776972/1626-0.02347111701965332.jpg,hct,images/hct/data3/7-1705015567.776972/tactile/1626-0.02347111701965332.jpg,images/hct/data3/7-1705015567.776972/vision/1626-0.02347111701965332.jpg,"uneven, abrasive, textured",coral
hct/7-1705015567.776972/1627-0.023309707641601562.jpg,hct,images/hct/data3/7-1705015567.776972/tactile/1627-0.023309707641601562.jpg,images/hct/data3/7-1705015567.776972/vision/1627-0.023309707641601562.jpg,"matte, gritty, cool",coral
hct/7-1705015567.776972/1628-0.0229032039642334.jpg,hct,images/hct/data3/7-1705015567.776972/tactile/1628-0.0229032039642334.jpg,images/hct/data3/7-1705015567.776972/vision/1628-0.0229032039642334.jpg,"textured, solid, cool, rough, uneven",coral
hct/7-1705015567.776972/1629-0.023175954818725586.jpg,hct,images/hct/data3/7-1705015567.776972/tactile/1629-0.023175954818725586.jpg,images/hct/data3/7-1705015567.776972/vision/1629-0.023175954818725586.jpg,"matte, hard, cool, rough, smooth",coral
hct/7-1705015567.776972/1630-0.023633956909179688.jpg,hct,images/hct/data3/7-1705015567.776972/tactile/1630-0.023633956909179688.jpg,images/hct/data3/7-1705015567.776972/vision/1630-0.023633956909179688.jpg,"hard, uneven, granular, abrasive, matte",coral
hct/7-1705015567.776972/1631-0.022936105728149414.jpg,hct,images/hct/data3/7-1705015567.776972/tactile/1631-0.022936105728149414.jpg,images/hct/data3/7-1705015567.776972/vision/1631-0.022936105728149414.jpg,"rough, grainy, rigid, gritty, abrasive",coral
hct/7-1705015567.776972/1632-0.02414417266845703.jpg,hct,images/hct/data3/7-1705015567.776972/tactile/1632-0.02414417266845703.jpg,images/hct/data3/7-1705015567.776972/vision/1632-0.02414417266845703.jpg,"rigid, hard, flat, matte",coral
hct/7-1705015567.776972/1633-0.023289203643798828.jpg,hct,images/hct/data3/7-1705015567.776972/tactile/1633-0.023289203643798828.jpg,images/hct/data3/7-1705015567.776972/vision/1633-0.023289203643798828.jpg,"granular, flat, matte, textured",coral
hct/7-1705015567.776972/1634-0.024144887924194336.jpg,hct,images/hct/data3/7-1705015567.776972/tactile/1634-0.024144887924194336.jpg,images/hct/data3/7-1705015567.776972/vision/1634-0.024144887924194336.jpg,"gritty, solid, rough, flat, smooth",coral
hct/7-1705015567.776972/1635-0.022901058197021484.jpg,hct,images/hct/data3/7-1705015567.776972/tactile/1635-0.022901058197021484.jpg,images/hct/data3/7-1705015567.776972/vision/1635-0.022901058197021484.jpg,"solid, granular, textured, matte",coral
hct/7-1705015567.776972/1636-0.023206710815429688.jpg,hct,images/hct/data3/7-1705015567.776972/tactile/1636-0.023206710815429688.jpg,images/hct/data3/7-1705015567.776972/vision/1636-0.023206710815429688.jpg,"cool, matte, textured, gritty",coral
hct/7-1705015567.776972/1637-0.02299809455871582.jpg,hct,images/hct/data3/7-1705015567.776972/tactile/1637-0.02299809455871582.jpg,images/hct/data3/7-1705015567.776972/vision/1637-0.02299809455871582.jpg,"textured, solid, rough, cool, uneven",coral
hct/7-1705015567.776972/1638-0.02301502227783203.jpg,hct,images/hct/data3/7-1705015567.776972/tactile/1638-0.02301502227783203.jpg,images/hct/data3/7-1705015567.776972/vision/1638-0.02301502227783203.jpg,"textured, hard, granular",coral
hct/7-1705015567.776972/1639-0.023439884185791016.jpg,hct,images/hct/data3/7-1705015567.776972/tactile/1639-0.023439884185791016.jpg,images/hct/data3/7-1705015567.776972/vision/1639-0.023439884185791016.jpg,"uneven, granular, rough",coral
hct/7-1705015567.776972/1640-0.023309946060180664.jpg,hct,images/hct/data3/7-1705015567.776972/tactile/1640-0.023309946060180664.jpg,images/hct/data3/7-1705015567.776972/vision/1640-0.023309946060180664.jpg,"hard, smooth, flat, cool",coral
hct/7-1705015567.776972/1641-0.022894859313964844.jpg,hct,images/hct/data3/7-1705015567.776972/tactile/1641-0.022894859313964844.jpg,images/hct/data3/7-1705015567.776972/vision/1641-0.022894859313964844.jpg,"gritty, rough, granular, uneven, smooth",coral
hct/7-1705015567.776972/1642-0.02286815643310547.jpg,hct,images/hct/data3/7-1705015567.776972/tactile/1642-0.02286815643310547.jpg,images/hct/data3/7-1705015567.776972/vision/1642-0.02286815643310547.jpg,"rough, rigid, matte, cool",coral
hct/7-1705015567.776972/1643-0.023297786712646484.jpg,hct,images/hct/data3/7-1705015567.776972/tactile/1643-0.023297786712646484.jpg,images/hct/data3/7-1705015567.776972/vision/1643-0.023297786712646484.jpg,"textured, solid, cool, rough, uneven",coral
hct/7-1705015567.776972/1644-0.022310733795166016.jpg,hct,images/hct/data3/7-1705015567.776972/tactile/1644-0.022310733795166016.jpg,images/hct/data3/7-1705015567.776972/vision/1644-0.022310733795166016.jpg,"solid, rough, abrasive, textured",coral
hct/7-1705015567.776972/1645-0.022043228149414062.jpg,hct,images/hct/data3/7-1705015567.776972/tactile/1645-0.022043228149414062.jpg,images/hct/data3/7-1705015567.776972/vision/1645-0.022043228149414062.jpg,"gritty, hard, textured",coral
hct/7-1705015567.776972/1646-0.023357868194580078.jpg,hct,images/hct/data3/7-1705015567.776972/tactile/1646-0.023357868194580078.jpg,images/hct/data3/7-1705015567.776972/vision/1646-0.023357868194580078.jpg,"granular, gritty, abrasive, grainy, textured",coral
hct/7-1705015567.776972/1647-0.023453235626220703.jpg,hct,images/hct/data3/7-1705015567.776972/tactile/1647-0.023453235626220703.jpg,images/hct/data3/7-1705015567.776972/vision/1647-0.023453235626220703.jpg,"grainy, uneven, textured, hard",coral
hct/7-1705015567.776972/1648-0.023801803588867188.jpg,hct,images/hct/data3/7-1705015567.776972/tactile/1648-0.023801803588867188.jpg,images/hct/data3/7-1705015567.776972/vision/1648-0.023801803588867188.jpg,"rough, uneven, granular, solid, abrasive",coral
hct/7-1705015567.776972/1649-0.02249908447265625.jpg,hct,images/hct/data3/7-1705015567.776972/tactile/1649-0.02249908447265625.jpg,images/hct/data3/7-1705015567.776972/vision/1649-0.02249908447265625.jpg,"uneven, cool, flat, gritty, smooth",coral
hct/7-1705015567.776972/1650-0.02334880828857422.jpg,hct,images/hct/data3/7-1705015567.776972/tactile/1650-0.02334880828857422.jpg,images/hct/data3/7-1705015567.776972/vision/1650-0.02334880828857422.jpg,"rough, grainy, uneven, solid, gritty",coral
hct/7-1705015567.776972/1651-0.023121118545532227.jpg,hct,images/hct/data3/7-1705015567.776972/tactile/1651-0.023121118545532227.jpg,images/hct/data3/7-1705015567.776972/vision/1651-0.023121118545532227.jpg,"gritty, uneven, solid, matte",coral
hct/7-1705015567.776972/1652-0.022468090057373047.jpg,hct,images/hct/data3/7-1705015567.776972/tactile/1652-0.022468090057373047.jpg,images/hct/data3/7-1705015567.776972/vision/1652-0.022468090057373047.jpg,"rigid, uneven, textured",coral
hct/7-1705015567.776972/1653-0.023804187774658203.jpg,hct,images/hct/data3/7-1705015567.776972/tactile/1653-0.023804187774658203.jpg,images/hct/data3/7-1705015567.776972/vision/1653-0.023804187774658203.jpg,"gritty, granular, rough, smooth",coral
hct/7-1705015567.776972/1654-0.023897886276245117.jpg,hct,images/hct/data3/7-1705015567.776972/tactile/1654-0.023897886276245117.jpg,images/hct/data3/7-1705015567.776972/vision/1654-0.023897886276245117.jpg,"cool, granular, smooth",coral
hct/7-1705015567.776972/1655-0.022293806076049805.jpg,hct,images/hct/data3/7-1705015567.776972/tactile/1655-0.022293806076049805.jpg,images/hct/data3/7-1705015567.776972/vision/1655-0.022293806076049805.jpg,"textured, uneven, gritty, solid, abrasive",coral
hct/7-1705015567.776972/1656-0.022534847259521484.jpg,hct,images/hct/data3/7-1705015567.776972/tactile/1656-0.022534847259521484.jpg,images/hct/data3/7-1705015567.776972/vision/1656-0.022534847259521484.jpg,"textured, solid, cool, rough, uneven",coral
hct/7-1705015567.776972/1657-0.02223825454711914.jpg,hct,images/hct/data3/7-1705015567.776972/tactile/1657-0.02223825454711914.jpg,images/hct/data3/7-1705015567.776972/vision/1657-0.02223825454711914.jpg,"grainy, matte, gritty",coral
hct/7-1705015567.776972/1658-0.022186994552612305.jpg,hct,images/hct/data3/7-1705015567.776972/tactile/1658-0.022186994552612305.jpg,images/hct/data3/7-1705015567.776972/vision/1658-0.022186994552612305.jpg,"smooth, solid, cool, matte, flat",coral
hct/7-1705015567.776972/1659-0.023006916046142578.jpg,hct,images/hct/data3/7-1705015567.776972/tactile/1659-0.023006916046142578.jpg,images/hct/data3/7-1705015567.776972/vision/1659-0.023006916046142578.jpg,"smooth, cool, hard, flat, matte",coral
hct/7-1705015567.776972/1660-0.022406339645385742.jpg,hct,images/hct/data3/7-1705015567.776972/tactile/1660-0.022406339645385742.jpg,images/hct/data3/7-1705015567.776972/vision/1660-0.022406339645385742.jpg,"textured, rough, uneven, cool",coral
hct/7-1705015567.776972/1661-0.023575782775878906.jpg,hct,images/hct/data3/7-1705015567.776972/tactile/1661-0.023575782775878906.jpg,images/hct/data3/7-1705015567.776972/vision/1661-0.023575782775878906.jpg,"smooth, solid, flat, cool, matte",coral
hct/7-1705015567.776972/1662-0.023010969161987305.jpg,hct,images/hct/data3/7-1705015567.776972/tactile/1662-0.023010969161987305.jpg,images/hct/data3/7-1705015567.776972/vision/1662-0.023010969161987305.jpg,"grainy, hard, textured",coral
hct/7-1705015567.776972/1663-0.023358821868896484.jpg,hct,images/hct/data3/7-1705015567.776972/tactile/1663-0.023358821868896484.jpg,images/hct/data3/7-1705015567.776972/vision/1663-0.023358821868896484.jpg,"flat, textured, smooth, abrasive, hard",coral
hct/7-1705015567.776972/1664-0.02254009246826172.jpg,hct,images/hct/data3/7-1705015567.776972/tactile/1664-0.02254009246826172.jpg,images/hct/data3/7-1705015567.776972/vision/1664-0.02254009246826172.jpg,"smooth, solid, cool, rigid, matte",coral
hct/7-1705015567.776972/1665-0.024066686630249023.jpg,hct,images/hct/data3/7-1705015567.776972/tactile/1665-0.024066686630249023.jpg,images/hct/data3/7-1705015567.776972/vision/1665-0.024066686630249023.jpg,"matte, smooth, gritty",coral
hct/7-1705015567.776972/1666-0.02373218536376953.jpg,hct,images/hct/data3/7-1705015567.776972/tactile/1666-0.02373218536376953.jpg,images/hct/data3/7-1705015567.776972/vision/1666-0.02373218536376953.jpg,"textured, solid, cool, rough, uneven",coral
hct/7-1705015567.776972/1667-0.023012161254882812.jpg,hct,images/hct/data3/7-1705015567.776972/tactile/1667-0.023012161254882812.jpg,images/hct/data3/7-1705015567.776972/vision/1667-0.023012161254882812.jpg,"hard, matte, textured, solid",coral
hct/7-1705015567.776972/1668-0.023128986358642578.jpg,hct,images/hct/data3/7-1705015567.776972/tactile/1668-0.023128986358642578.jpg,images/hct/data3/7-1705015567.776972/vision/1668-0.023128986358642578.jpg,"grainy, flat, hard",coral
hct/7-1705015567.776972/1669-0.02238011360168457.jpg,hct,images/hct/data3/7-1705015567.776972/tactile/1669-0.02238011360168457.jpg,images/hct/data3/7-1705015567.776972/vision/1669-0.02238011360168457.jpg,"rough, uneven, hard, granular, solid",coral
hct/7-1705015567.776972/1670-0.022302865982055664.jpg,hct,images/hct/data3/7-1705015567.776972/tactile/1670-0.022302865982055664.jpg,images/hct/data3/7-1705015567.776972/vision/1670-0.022302865982055664.jpg,"hard, abrasive, matte",coral
hct/7-1705015567.776972/1671-0.021982192993164062.jpg,hct,images/hct/data3/7-1705015567.776972/tactile/1671-0.021982192993164062.jpg,images/hct/data3/7-1705015567.776972/vision/1671-0.021982192993164062.jpg,"textured, flat, smooth, cool",coral
hct/7-1705015567.776972/1672-0.021648168563842773.jpg,hct,images/hct/data3/7-1705015567.776972/tactile/1672-0.021648168563842773.jpg,images/hct/data3/7-1705015567.776972/vision/1672-0.021648168563842773.jpg,"flat, grainy, uneven, smooth",coral
hct/7-1705015567.776972/1673-0.02328801155090332.jpg,hct,images/hct/data3/7-1705015567.776972/tactile/1673-0.02328801155090332.jpg,images/hct/data3/7-1705015567.776972/vision/1673-0.02328801155090332.jpg,"rough, uneven, granular, solid, abrasive",coral
hct/7-1705015567.776972/1674-0.023682832717895508.jpg,hct,images/hct/data3/7-1705015567.776972/tactile/1674-0.023682832717895508.jpg,images/hct/data3/7-1705015567.776972/vision/1674-0.023682832717895508.jpg,"gritty, granular, textured",coral
hct/7-1705015567.776972/1675-0.02295088768005371.jpg,hct,images/hct/data3/7-1705015567.776972/tactile/1675-0.02295088768005371.jpg,images/hct/data3/7-1705015567.776972/vision/1675-0.02295088768005371.jpg,"grainy, solid, rough",coral
hct/7-1705015567.776972/1676-0.023923158645629883.jpg,hct,images/hct/data3/7-1705015567.776972/tactile/1676-0.023923158645629883.jpg,images/hct/data3/7-1705015567.776972/vision/1676-0.023923158645629883.jpg,"rough, uneven, hard, textured, solid",coral
hct/7-1705015567.776972/1677-0.022783994674682617.jpg,hct,images/hct/data3/7-1705015567.776972/tactile/1677-0.022783994674682617.jpg,images/hct/data3/7-1705015567.776972/vision/1677-0.022783994674682617.jpg,"textured, smooth, granular, flat, hard",coral
hct/7-1705015567.776972/1678-0.02319478988647461.jpg,hct,images/hct/data3/7-1705015567.776972/tactile/1678-0.02319478988647461.jpg,images/hct/data3/7-1705015567.776972/vision/1678-0.02319478988647461.jpg,"flat, gritty, matte",coral
hct/8-1705015577.406199/156-0.023257970809936523.jpg,hct,images/hct/data3/8-1705015577.406199/tactile/156-0.023257970809936523.jpg,images/hct/data3/8-1705015577.406199/vision/156-0.023257970809936523.jpg,"smooth, reflective, hard, cool, sleek",coral
hct/8-1705015577.406199/157-0.022713899612426758.jpg,hct,images/hct/data3/8-1705015577.406199/tactile/157-0.022713899612426758.jpg,images/hct/data3/8-1705015577.406199/vision/157-0.022713899612426758.jpg,"glossy, smooth, cool, sleek",coral
hct/8-1705015577.406199/158-0.022290945053100586.jpg,hct,images/hct/data3/8-1705015577.406199/tactile/158-0.022290945053100586.jpg,images/hct/data3/8-1705015577.406199/vision/158-0.022290945053100586.jpg,"reflective, glossy, hard, smooth",coral
hct/8-1705015577.406199/161-0.023430824279785156.jpg,hct,images/hct/data3/8-1705015577.406199/tactile/161-0.023430824279785156.jpg,images/hct/data3/8-1705015577.406199/vision/161-0.023430824279785156.jpg,"glossy, hard, reflective, cool, sleek",coral
hct/8-1705015577.406199/164-0.023325204849243164.jpg,hct,images/hct/data3/8-1705015577.406199/tactile/164-0.023325204849243164.jpg,images/hct/data3/8-1705015577.406199/vision/164-0.023325204849243164.jpg,"smooth, sleek, hard",coral
hct/8-1705015577.406199/167-0.022329092025756836.jpg,hct,images/hct/data3/8-1705015577.406199/tactile/167-0.022329092025756836.jpg,images/hct/data3/8-1705015577.406199/vision/167-0.022329092025756836.jpg,"sleek, cool, glossy, hard, reflective",coral
hct/8-1705015577.406199/168-0.022597074508666992.jpg,hct,images/hct/data3/8-1705015577.406199/tactile/168-0.022597074508666992.jpg,images/hct/data3/8-1705015577.406199/vision/168-0.022597074508666992.jpg,"smooth, reflective, hard, cool, glossy",coral
hct/8-1705015577.406199/169-0.02249598503112793.jpg,hct,images/hct/data3/8-1705015577.406199/tactile/169-0.02249598503112793.jpg,images/hct/data3/8-1705015577.406199/vision/169-0.02249598503112793.jpg,"hard, sleek, smooth, reflective, cool",coral
hct/8-1705015577.406199/172-0.023138999938964844.jpg,hct,images/hct/data3/8-1705015577.406199/tactile/172-0.023138999938964844.jpg,images/hct/data3/8-1705015577.406199/vision/172-0.023138999938964844.jpg,"smooth, reflective, hard, cool, sleek",coral
hct/9-1705015586.988946/130-0.022301912307739258.jpg,hct,images/hct/data3/9-1705015586.988946/tactile/130-0.022301912307739258.jpg,images/hct/data3/9-1705015586.988946/vision/130-0.022301912307739258.jpg,"solid, matte, hard",coral
hct/9-1705015586.988946/137-0.0229339599609375.jpg,hct,images/hct/data3/9-1705015586.988946/tactile/137-0.0229339599609375.jpg,images/hct/data3/9-1705015586.988946/vision/137-0.0229339599609375.jpg,"solid, smooth, matte, textured",coral
hct/9-1705015586.988946/152-0.02291107177734375.jpg,hct,images/hct/data3/9-1705015586.988946/tactile/152-0.02291107177734375.jpg,images/hct/data3/9-1705015586.988946/vision/152-0.02291107177734375.jpg,"smooth, solid, cool",coral
hct/9-1705015586.988946/157-0.023269176483154297.jpg,hct,images/hct/data3/9-1705015586.988946/tactile/157-0.023269176483154297.jpg,images/hct/data3/9-1705015586.988946/vision/157-0.023269176483154297.jpg,"solid, smooth, hard",coral
hct/9-1705015586.988946/163-0.02350592613220215.jpg,hct,images/hct/data3/9-1705015586.988946/tactile/163-0.02350592613220215.jpg,images/hct/data3/9-1705015586.988946/vision/163-0.02350592613220215.jpg,"smooth, hard, cool, matte, solid",coral
hct/9-1705015586.988946/164-0.023305892944335938.jpg,hct,images/hct/data3/9-1705015586.988946/tactile/164-0.023305892944335938.jpg,images/hct/data3/9-1705015586.988946/vision/164-0.023305892944335938.jpg,"cool, matte, hard",coral
hct/9-1705015586.988946/166-0.023007869720458984.jpg,hct,images/hct/data3/9-1705015586.988946/tactile/166-0.023007869720458984.jpg,images/hct/data3/9-1705015586.988946/vision/166-0.023007869720458984.jpg,"smooth, cool, hard, matte, textured",coral
hct/9-1705015586.988946/167-0.023703813552856445.jpg,hct,images/hct/data3/9-1705015586.988946/tactile/167-0.023703813552856445.jpg,images/hct/data3/9-1705015586.988946/vision/167-0.023703813552856445.jpg,"smooth, cool, hard, matte, solid",coral
hct/9-1705015586.988946/169-0.023422956466674805.jpg,hct,images/hct/data3/9-1705015586.988946/tactile/169-0.023422956466674805.jpg,images/hct/data3/9-1705015586.988946/vision/169-0.023422956466674805.jpg,"hard, cool, matte, textured, solid",coral
hct/9-1705015586.988946/172-0.0230710506439209.jpg,hct,images/hct/data3/9-1705015586.988946/tactile/172-0.0230710506439209.jpg,images/hct/data3/9-1705015586.988946/vision/172-0.0230710506439209.jpg,"solid, textured, cool, hard, matte",coral
hct/9-1705015586.988946/173-0.023051023483276367.jpg,hct,images/hct/data3/9-1705015586.988946/tactile/173-0.023051023483276367.jpg,images/hct/data3/9-1705015586.988946/vision/173-0.023051023483276367.jpg,"matte, cool, hard, textured, solid",coral
hct/9-1705015586.988946/174-0.0225069522857666.jpg,hct,images/hct/data3/9-1705015586.988946/tactile/174-0.0225069522857666.jpg,images/hct/data3/9-1705015586.988946/vision/174-0.0225069522857666.jpg,"matte, hard, smooth, solid, cool",coral
ssvtp/180,ssvtp,images/ssvtp/tactile/image_180_tac.jpg,images/ssvtp/vision/image_180_rgb.jpg,"spongy, patterned, soft",mat PVC coated
ssvtp/181,ssvtp,images/ssvtp/tactile/image_181_tac.jpg,images/ssvtp/vision/image_181_rgb.jpg,"uneven, soft, cushioned, spongy",mat PVC coated
ssvtp/182,ssvtp,images/ssvtp/tactile/image_182_tac.jpg,images/ssvtp/vision/image_182_rgb.jpg,"patterned, bumpy",mat PVC coated
ssvtp/183,ssvtp,images/ssvtp/tactile/image_183_tac.jpg,images/ssvtp/vision/image_183_rgb.jpg,"fabric, fluffy",mat PVC coated
ssvtp/184,ssvtp,images/ssvtp/tactile/image_184_tac.jpg,images/ssvtp/vision/image_184_rgb.jpg,"mesh, plastic, deformable",mat PVC coated
ssvtp/185,ssvtp,images/ssvtp/tactile/image_185_tac.jpg,images/ssvtp/vision/image_185_rgb.jpg,"mesh, plastic, deformable, hard",mat PVC coated
ssvtp/209,ssvtp,images/ssvtp/tactile/image_209_tac.jpg,images/ssvtp/vision/image_209_rgb.jpg,"rough, fluffy, coarse",Synthetic towel
ssvtp/210,ssvtp,images/ssvtp/tactile/image_210_tac.jpg,images/ssvtp/vision/image_210_rgb.jpg,"absorbent, fluffy",Synthetic towel
ssvtp/211,ssvtp,images/ssvtp/tactile/image_211_tac.jpg,images/ssvtp/vision/image_211_rgb.jpg,"fabric, granular",Synthetic towel
ssvtp/212,ssvtp,images/ssvtp/tactile/image_212_tac.jpg,images/ssvtp/vision/image_212_rgb.jpg,"coarse, spongy",Synthetic towel
ssvtp/235,ssvtp,images/ssvtp/tactile/image_235_tac.jpg,images/ssvtp/vision/image_235_rgb.jpg,"hard, splotchy, glossy",Synthetic towel
ssvtp/735,ssvtp,images/ssvtp/tactile/image_735_tac.jpg,images/ssvtp/vision/image_735_rgb.jpg,"metallic, granular",brass
ssvtp/738,ssvtp,images/ssvtp/tactile/image_738_tac.jpg,images/ssvtp/vision/image_738_rgb.jpg,"metallic, coarse, shiny, rough",brass
ssvtp/739,ssvtp,images/ssvtp/tactile/image_739_tac.jpg,images/ssvtp/vision/image_739_rgb.jpg,"hard, splotchy, glossy",brass
ssvtp/740,ssvtp,images/ssvtp/tactile/image_740_tac.jpg,images/ssvtp/vision/image_740_rgb.jpg,"metallic, rough",brass
ssvtp/759,ssvtp,images/ssvtp/tactile/image_759_tac.jpg,images/ssvtp/vision/image_759_rgb.jpg,"metallic, rough, sharp",brass
ssvtp/760,ssvtp,images/ssvtp/tactile/image_760_tac.jpg,images/ssvtp/vision/image_760_rgb.jpg,"metallic, coarse, grainy",brass
ssvtp/761,ssvtp,images/ssvtp/tactile/image_761_tac.jpg,images/ssvtp/vision/image_761_rgb.jpg,"granular, metallic",brass
ssvtp/762,ssvtp,images/ssvtp/tactile/image_762_tac.jpg,images/ssvtp/vision/image_762_rgb.jpg,"irregular, shiny",brass
ssvtp/763,ssvtp,images/ssvtp/tactile/image_763_tac.jpg,images/ssvtp/vision/image_763_rgb.jpg,"shiny
, irregular",brass
